"job","replicates","GM_failed","joint_failed","elapsed_seconds","workers","session_started"
1,100,0,0,0.722,12,"2026-10-02 17:31:05"
2,100,0,0,0.697,12,"2026-10-02 17:31:05"
3,100,0,0,0.767,12,"2026-10-02 17:31:05"
4,100,0,0,0.732,12,"2026-10-02 17:31:05"
5,100,0,0,0.72,12,"2026-10-02 17:31:05"
6,100,0,0,0.744,12,"2026-10-02 17:31:05"
7,100,0,0,0.767,12,"2026-10-02 17:31:05"
8,100,0,0,0.717,12,"2026-10-02 17:31:05"
9,100,0,0,0.736,12,"2026-10-02 17:31:05"
10,100,0,0,0.707,12,"2026-10-02 17:31:05"
11,100,0,0,0.698,12,"2026-10-02 17:31:05"
12,100,0,0,0.783,12,"2026-10-02 17:31:05"
13,100,0,0,0.624,12,"2026-10-02 17:31:05"
14,100,0,0,0.619,12,"2026-10-02 17:31:05"
15,100,0,0,0.618,12,"2026-10-02 17:31:05"
16,100,0,0,0.65,12,"2026-10-02 17:31:05"
17,100,0,0,0.605,12,"2026-10-02 17:31:05"
18,100,0,0,0.6,12,"2026-10-02 17:31:05"
19,100,0,0,0.596,12,"2026-10-02 17:31:05"
20,100,0,0,0.626,12,"2026-10-02 17:31:05"
21,100,0,0,0.623,12,"2026-10-02 17:31:05"
22,100,0,0,0.606,12,"2026-10-02 17:31:05"
23,100,0,0,0.62,12,"2026-10-02 17:31:05"
24,100,0,0,0.621,12,"2026-10-02 17:31:05"
25,100,0,0,0.645,12,"2026-10-02 17:31:05"
26,100,0,0,0.627,12,"2026-10-02 17:31:05"
27,100,0,0,0.586,12,"2026-10-02 17:31:05"
28,100,0,0,0.609,12,"2026-10-02 17:31:05"
29,100,0,0,0.598,12,"2026-10-02 17:31:05"
30,100,0,0,0.668,12,"2026-10-02 17:31:05"
31,100,0,0,0.615,12,"2026-10-02 17:31:05"
32,100,0,0,0.642,12,"2026-10-02 17:31:05"
33,100,0,0,0.602,12,"2026-10-02 17:31:05"
34,100,0,0,0.603,12,"2026-10-02 17:31:05"
35,100,0,0,0.572,12,"2026-10-02 17:31:05"
36,100,0,0,0.689,12,"2026-10-02 17:31:05"
37,100,0,0,0.59,12,"2026-10-02 17:31:05"
38,100,0,0,0.571,12,"2026-10-02 17:31:05"
39,100,0,0,0.571,12,"2026-10-02 17:31:05"
40,100,0,0,0.574,12,"2026-10-02 17:31:05"
41,100,0,0,0.559,12,"2026-10-02 17:31:05"
42,100,0,0,0.573,12,"2026-10-02 17:31:05"
43,100,0,0,0.583,12,"2026-10-02 17:31:05"
44,100,0,0,0.557,12,"2026-10-02 17:31:05"
45,100,0,0,0.585,12,"2026-10-02 17:31:05"
46,100,0,0,0.557,12,"2026-10-02 17:31:05"
47,100,0,0,0.59,12,"2026-10-02 17:31:05"
48,100,0,0,0.553,12,"2026-10-02 17:31:05"
49,100,0,0,0.57,12,"2026-10-02 17:31:05"
50,100,0,0,0.591,12,"2026-10-02 17:31:05"
51,100,0,0,0.551,12,"2026-10-02 17:31:05"
52,100,0,0,0.591,12,"2026-10-02 17:31:05"
53,100,0,0,0.556,12,"2026-10-02 17:31:05"
54,100,0,0,0.585,12,"2026-10-02 17:31:05"
55,100,0,0,0.604,12,"2026-10-02 17:31:05"
56,100,0,0,0.553,12,"2026-10-02 17:31:05"
57,100,0,0,0.532,12,"2026-10-02 17:31:05"
58,100,0,0,0.571,12,"2026-10-02 17:31:05"
59,100,0,0,0.593,12,"2026-10-02 17:31:05"
60,100,0,0,0.601,12,"2026-10-02 17:31:05"
61,100,0,0,0.606,12,"2026-10-02 17:31:05"
62,100,0,0,0.666,12,"2026-10-02 17:31:05"
63,100,0,0,0.576,12,"2026-10-02 17:31:05"
64,100,0,0,0.605,12,"2026-10-02 17:31:05"
65,100,0,0,0.607,12,"2026-10-02 17:31:05"
66,100,0,0,0.584,12,"2026-10-02 17:31:05"
67,100,0,0,0.657,12,"2026-10-02 17:31:05"
68,100,0,0,0.565,12,"2026-10-02 17:31:05"
69,100,0,0,0.625,12,"2026-10-02 17:31:05"
70,100,0,0,0.615,12,"2026-10-02 17:31:05"
71,100,0,0,0.623,12,"2026-10-02 17:31:05"
72,100,0,0,0.582,12,"2026-10-02 17:31:05"
73,100,0,0,0.578,12,"2026-10-02 17:31:05"
74,100,0,0,0.577,12,"2026-10-02 17:31:05"
75,100,0,0,0.531,12,"2026-10-02 17:31:05"
76,100,0,0,0.585,12,"2026-10-02 17:31:05"
77,100,0,0,0.577999999999999,12,"2026-10-02 17:31:05"
78,100,0,0,0.571,12,"2026-10-02 17:31:05"
79,100,0,0,0.578,12,"2026-10-02 17:31:05"
80,100,0,0,0.577,12,"2026-10-02 17:31:05"
81,100,0,0,0.571,12,"2026-10-02 17:31:05"
82,100,0,0,0.566999999999999,12,"2026-10-02 17:31:05"
83,100,0,0,0.547,12,"2026-10-02 17:31:05"
84,100,0,0,0.592,12,"2026-10-02 17:31:05"
85,100,0,0,0.587,12,"2026-10-02 17:31:05"
86,100,0,0,0.6,12,"2026-10-02 17:31:05"
87,100,0,0,0.602,12,"2026-10-02 17:31:05"
88,100,0,0,0.578,12,"2026-10-02 17:31:05"
89,100,0,0,0.599,12,"2026-10-02 17:31:05"
90,100,0,0,0.574,12,"2026-10-02 17:31:05"
91,100,0,0,0.558000000000001,12,"2026-10-02 17:31:05"
92,100,0,0,0.596,12,"2026-10-02 17:31:05"
93,100,0,0,0.568,12,"2026-10-02 17:31:05"
94,100,0,0,0.588,12,"2026-10-02 17:31:05"
95,100,0,0,0.55,12,"2026-10-02 17:31:05"
96,100,0,0,0.585,12,"2026-10-02 17:31:05"
97,100,0,0,0.572,12,"2026-10-02 17:31:05"
98,100,0,0,0.589,12,"2026-10-02 17:31:05"
99,100,0,0,0.582999999999999,12,"2026-10-02 17:31:05"
100,100,0,0,0.622,12,"2026-10-02 17:31:05"
101,100,0,0,0.638,12,"2026-10-02 17:31:05"
102,100,0,0,0.676,12,"2026-10-02 17:31:05"
103,100,0,0,0.632,12,"2026-10-02 17:31:05"
104,100,0,0,0.654,12,"2026-10-02 17:31:05"
105,100,0,0,0.664,12,"2026-10-02 17:31:05"
106,100,0,0,0.662999999999999,12,"2026-10-02 17:31:05"
107,100,0,0,0.646,12,"2026-10-02 17:31:05"
108,100,0,0,0.694999999999999,12,"2026-10-02 17:31:05"
109,100,0,0,0.667,12,"2026-10-02 17:31:05"
110,100,0,0,0.676,12,"2026-10-02 17:31:05"
111,100,0,0,0.67,12,"2026-10-02 17:31:05"
112,100,0,0,0.667,12,"2026-10-02 17:31:05"
113,100,0,0,0.71,12,"2026-10-02 17:31:05"
114,100,0,0,0.68,12,"2026-10-02 17:31:05"
115,100,0,0,0.653,12,"2026-10-02 17:31:05"
116,100,0,0,0.661,12,"2026-10-02 17:31:05"
117,100,0,0,0.670999999999999,12,"2026-10-02 17:31:05"
118,100,0,0,0.642,12,"2026-10-02 17:31:05"
119,100,0,0,0.606,12,"2026-10-02 17:31:05"
120,100,0,0,0.629,12,"2026-10-02 17:31:05"
121,100,0,0,0.665,12,"2026-10-02 17:31:05"
122,100,0,0,0.654999999999999,12,"2026-10-02 17:31:05"
123,100,0,0,0.615,12,"2026-10-02 17:31:05"
124,100,0,0,0.637,12,"2026-10-02 17:31:05"
125,100,0,0,0.700000000000001,12,"2026-10-02 17:31:05"
126,100,0,0,0.653,12,"2026-10-02 17:31:05"
127,100,0,0,0.654999999999999,12,"2026-10-02 17:31:05"
128,100,0,0,0.635,12,"2026-10-02 17:31:05"
129,100,1,0,0.628000000000001,12,"2026-10-02 17:31:05"
130,100,0,0,0.646,12,"2026-10-02 17:31:05"
131,100,0,0,0.674,12,"2026-10-02 17:31:05"
132,100,0,0,0.652,12,"2026-10-02 17:31:05"
133,100,0,0,0.691999999999999,12,"2026-10-02 17:31:05"
134,100,0,0,0.666,12,"2026-10-02 17:31:05"
135,100,0,0,0.682,12,"2026-10-02 17:31:05"
136,100,0,0,0.678000000000001,12,"2026-10-02 17:31:05"
137,100,0,0,0.711000000000001,12,"2026-10-02 17:31:05"
138,100,0,0,0.699,12,"2026-10-02 17:31:05"
139,100,0,0,0.671,12,"2026-10-02 17:31:05"
140,100,0,0,0.722,12,"2026-10-02 17:31:05"
141,100,0,0,0.666,12,"2026-10-02 17:31:05"
142,100,0,0,0.712,12,"2026-10-02 17:31:05"
143,100,0,0,0.676,12,"2026-10-02 17:31:05"
144,100,0,0,0.771999999999999,12,"2026-10-02 17:31:05"
145,100,0,0,0.688000000000001,12,"2026-10-02 17:31:05"
146,100,0,0,0.631999999999999,12,"2026-10-02 17:31:05"
147,100,0,0,0.681000000000001,12,"2026-10-02 17:31:05"
148,100,0,0,0.678999999999998,12,"2026-10-02 17:31:05"
149,100,0,0,0.647,12,"2026-10-02 17:31:05"
150,100,0,0,0.745999999999999,12,"2026-10-02 17:31:05"
151,100,0,0,0.732000000000001,12,"2026-10-02 17:31:05"
152,100,0,0,0.652000000000001,12,"2026-10-02 17:31:05"
153,100,0,0,0.661,12,"2026-10-02 17:31:05"
154,100,0,0,0.716999999999999,12,"2026-10-02 17:31:05"
155,100,0,0,0.686999999999999,12,"2026-10-02 17:31:05"
156,100,0,0,0.679,12,"2026-10-02 17:31:05"
157,100,0,0,0.706,12,"2026-10-02 17:31:05"
158,100,0,0,0.677,12,"2026-10-02 17:31:05"
159,100,0,0,0.689,12,"2026-10-02 17:31:05"
160,100,0,0,0.676,12,"2026-10-02 17:31:05"
161,100,0,0,0.686000000000002,12,"2026-10-02 17:31:05"
162,100,0,0,0.679,12,"2026-10-02 17:31:05"
163,100,0,0,0.653,12,"2026-10-02 17:31:05"
164,100,0,0,0.722,12,"2026-10-02 17:31:05"
165,100,0,0,0.686,12,"2026-10-02 17:31:05"
166,100,0,0,0.724,12,"2026-10-02 17:31:05"
167,100,0,0,0.73,12,"2026-10-02 17:31:05"
168,100,0,0,0.699,12,"2026-10-02 17:31:05"
169,100,0,0,0.700000000000001,12,"2026-10-02 17:31:05"
170,100,0,0,0.735999999999999,12,"2026-10-02 17:31:05"
171,100,0,0,0.680999999999999,12,"2026-10-02 17:31:05"
172,100,0,0,0.619,12,"2026-10-02 17:31:05"
173,100,0,0,0.671999999999999,12,"2026-10-02 17:31:05"
174,100,0,0,0.680999999999999,12,"2026-10-02 17:31:05"
175,100,0,0,0.712999999999999,12,"2026-10-02 17:31:05"
176,100,0,0,0.741,12,"2026-10-02 17:31:05"
177,100,0,0,0.719000000000001,12,"2026-10-02 17:31:05"
178,100,0,0,0.710999999999999,12,"2026-10-02 17:31:05"
179,100,0,0,0.721,12,"2026-10-02 17:31:05"
180,100,0,0,0.679,12,"2026-10-02 17:31:05"
181,100,0,0,0.69,12,"2026-10-02 17:31:05"
182,100,0,0,0.654999999999999,12,"2026-10-02 17:31:05"
183,100,0,0,0.657,12,"2026-10-02 17:31:05"
184,100,0,0,0.666,12,"2026-10-02 17:31:05"
185,100,0,0,0.632,12,"2026-10-02 17:31:05"
186,100,0,0,0.73,12,"2026-10-02 17:31:05"
187,100,0,0,0.687999999999999,12,"2026-10-02 17:31:05"
188,100,0,0,0.679,12,"2026-10-02 17:31:05"
189,100,0,0,0.638999999999999,12,"2026-10-02 17:31:05"
190,100,0,0,0.626,12,"2026-10-02 17:31:05"
191,100,0,0,0.629,12,"2026-10-02 17:31:05"
192,100,0,0,0.642000000000001,12,"2026-10-02 17:31:05"
193,100,0,0,0.654,12,"2026-10-02 17:31:05"
194,100,0,0,0.637,12,"2026-10-02 17:31:05"
195,100,0,0,0.706999999999999,12,"2026-10-02 17:31:05"
196,100,0,0,0.684000000000001,12,"2026-10-02 17:31:05"
197,100,0,0,0.674,12,"2026-10-02 17:31:05"
198,100,0,0,0.678000000000001,12,"2026-10-02 17:31:05"
199,100,0,0,0.655000000000001,12,"2026-10-02 17:31:05"
200,100,0,0,0.655000000000001,12,"2026-10-02 17:31:05"
201,100,0,0,0.69,12,"2026-10-02 17:31:05"
202,100,0,0,0.73,12,"2026-10-02 17:31:05"
203,100,0,0,0.776,12,"2026-10-02 17:31:05"
204,100,0,0,0.748999999999999,12,"2026-10-02 17:31:05"
205,100,0,0,0.795999999999999,12,"2026-10-02 17:31:05"
206,100,0,0,0.77,12,"2026-10-02 17:31:05"
207,100,0,0,0.818,12,"2026-10-02 17:31:05"
208,100,0,0,0.799,12,"2026-10-02 17:31:05"
209,100,0,0,0.786999999999999,12,"2026-10-02 17:31:05"
210,100,0,0,0.831,12,"2026-10-02 17:31:05"
211,100,0,0,0.774000000000001,12,"2026-10-02 17:31:05"
212,100,0,0,0.808,12,"2026-10-02 17:31:05"
213,100,0,0,0.788,12,"2026-10-02 17:31:05"
214,100,0,0,0.827,12,"2026-10-02 17:31:05"
215,100,0,0,0.832000000000001,12,"2026-10-02 17:31:05"
216,100,0,0,0.762,12,"2026-10-02 17:31:05"
217,100,0,0,0.724,12,"2026-10-02 17:31:05"
218,100,0,0,0.722999999999999,12,"2026-10-02 17:31:05"
219,100,0,0,0.765000000000001,12,"2026-10-02 17:31:05"
220,100,0,0,0.738,12,"2026-10-02 17:31:05"
221,100,0,0,0.725999999999999,12,"2026-10-02 17:31:05"
222,100,0,0,0.759,12,"2026-10-02 17:31:05"
223,100,0,0,0.732999999999999,12,"2026-10-02 17:31:05"
224,100,0,0,0.772,12,"2026-10-02 17:31:05"
225,100,0,0,0.744999999999999,12,"2026-10-02 17:31:05"
226,100,0,0,0.751999999999999,12,"2026-10-02 17:31:05"
227,100,0,0,0.758000000000001,12,"2026-10-02 17:31:05"
228,100,0,0,0.737,12,"2026-10-02 17:31:05"
229,100,0,0,0.753,12,"2026-10-02 17:31:05"
230,100,0,0,0.786,12,"2026-10-02 17:31:05"
231,100,1,0,0.837,12,"2026-10-02 17:31:05"
232,100,0,0,0.785,12,"2026-10-02 17:31:05"
233,100,0,0,0.714,12,"2026-10-02 17:31:05"
234,100,0,0,0.735999999999999,12,"2026-10-02 17:31:05"
235,100,0,0,0.76,12,"2026-10-02 17:31:05"
236,100,0,0,0.711,12,"2026-10-02 17:31:05"
237,100,0,0,0.757999999999999,12,"2026-10-02 17:31:05"
238,100,0,0,0.762,12,"2026-10-02 17:31:05"
239,100,0,0,0.785,12,"2026-10-02 17:31:05"
240,100,0,0,0.746,12,"2026-10-02 17:31:05"
241,100,0,0,0.761000000000001,12,"2026-10-02 17:31:05"
242,100,0,0,0.802,12,"2026-10-02 17:31:05"
243,100,1,0,0.743,12,"2026-10-02 17:31:05"
244,100,0,0,0.795999999999999,12,"2026-10-02 17:31:05"
245,100,0,0,0.757999999999999,12,"2026-10-02 17:31:05"
246,100,0,0,0.797000000000001,12,"2026-10-02 17:31:05"
247,100,0,0,0.746,12,"2026-10-02 17:31:05"
248,100,0,0,0.766,12,"2026-10-02 17:31:05"
249,100,0,0,0.772,12,"2026-10-02 17:31:05"
250,100,0,0,0.725,12,"2026-10-02 17:31:05"
251,100,0,0,0.77,12,"2026-10-02 17:31:05"
252,100,0,0,0.757999999999999,12,"2026-10-02 17:31:05"
253,100,0,0,0.725,12,"2026-10-02 17:31:05"
254,100,0,0,0.743,12,"2026-10-02 17:31:05"
255,100,0,0,0.752000000000001,12,"2026-10-02 17:31:05"
256,100,0,0,0.727,12,"2026-10-02 17:31:05"
257,100,0,0,0.762,12,"2026-10-02 17:31:05"
258,100,0,0,0.732999999999999,12,"2026-10-02 17:31:05"
259,100,0,0,0.77,12,"2026-10-02 17:31:05"
260,100,0,0,0.747,12,"2026-10-02 17:31:05"
261,100,0,0,0.722999999999999,12,"2026-10-02 17:31:05"
262,100,0,0,0.749,12,"2026-10-02 17:31:05"
263,100,0,0,0.726999999999999,12,"2026-10-02 17:31:05"
264,100,1,0,0.733,12,"2026-10-02 17:31:05"
265,100,0,0,0.815,12,"2026-10-02 17:31:05"
266,100,0,0,0.837999999999999,12,"2026-10-02 17:31:05"
267,100,0,0,0.804,12,"2026-10-02 17:31:05"
268,100,0,0,0.858,12,"2026-10-02 17:31:05"
269,100,0,1,0.815999999999999,12,"2026-10-02 17:31:05"
270,100,0,0,0.806999999999999,12,"2026-10-02 17:31:05"
271,100,0,0,0.794,12,"2026-10-02 17:31:05"
272,100,0,0,0.794,12,"2026-10-02 17:31:05"
273,100,0,0,0.775000000000002,12,"2026-10-02 17:31:05"
274,100,0,0,0.804000000000002,12,"2026-10-02 17:31:05"
275,100,0,1,0.778000000000002,12,"2026-10-02 17:31:05"
276,100,0,0,0.795999999999999,12,"2026-10-02 17:31:05"
277,100,0,0,0.763999999999999,12,"2026-10-02 17:31:05"
278,100,0,0,0.802000000000001,12,"2026-10-02 17:31:05"
279,100,0,0,0.710999999999999,12,"2026-10-02 17:31:05"
280,100,0,0,0.760000000000002,12,"2026-10-02 17:31:05"
281,100,0,0,0.764000000000003,12,"2026-10-02 17:31:05"
282,100,0,0,0.727,12,"2026-10-02 17:31:05"
283,100,0,0,0.734000000000002,12,"2026-10-02 17:31:05"
284,100,0,0,0.753,12,"2026-10-02 17:31:05"
285,100,0,0,0.725999999999999,12,"2026-10-02 17:31:05"
286,100,0,0,0.766000000000002,12,"2026-10-02 17:31:05"
287,100,0,0,0.728999999999999,12,"2026-10-02 17:31:05"
288,100,0,0,0.768999999999998,12,"2026-10-02 17:31:05"
289,100,0,0,0.742999999999999,12,"2026-10-02 17:31:05"
290,100,0,0,0.814999999999998,12,"2026-10-02 17:31:05"
291,100,0,0,0.771000000000001,12,"2026-10-02 17:31:05"
292,100,0,0,0.77,12,"2026-10-02 17:31:05"
293,100,0,0,0.789000000000001,12,"2026-10-02 17:31:05"
294,100,0,0,0.754999999999999,12,"2026-10-02 17:31:05"
295,100,0,0,0.786999999999999,12,"2026-10-02 17:31:05"
296,100,0,1,0.846,12,"2026-10-02 17:31:05"
297,100,0,0,0.779,12,"2026-10-02 17:31:05"
298,100,0,0,0.777000000000001,12,"2026-10-02 17:31:05"
299,100,0,0,0.811,12,"2026-10-02 17:31:05"
300,100,0,0,0.77,12,"2026-10-02 17:31:05"
301,100,0,0,0.899000000000001,12,"2026-10-02 17:31:05"
302,100,0,0,0.929000000000002,12,"2026-10-02 17:31:05"
303,100,0,0,0.907,12,"2026-10-02 17:31:05"
304,100,0,0,0.884,12,"2026-10-02 17:31:05"
305,100,0,0,0.916,12,"2026-10-02 17:31:05"
306,100,0,0,0.847999999999999,12,"2026-10-02 17:31:05"
307,100,0,0,0.899999999999999,12,"2026-10-02 17:31:05"
308,100,1,0,0.907999999999998,12,"2026-10-02 17:31:05"
309,100,0,0,0.869999999999997,12,"2026-10-02 17:31:05"
310,100,0,0,0.881,12,"2026-10-02 17:31:05"
311,100,0,0,0.940999999999999,12,"2026-10-02 17:31:05"
312,100,0,0,0.930999999999997,12,"2026-10-02 17:31:05"
313,100,0,0,0.904999999999998,12,"2026-10-02 17:31:05"
314,100,0,0,0.903000000000002,12,"2026-10-02 17:31:05"
315,100,0,0,0.888999999999999,12,"2026-10-02 17:31:05"
316,100,0,0,0.879999999999999,12,"2026-10-02 17:31:05"
317,100,0,0,0.884999999999998,12,"2026-10-02 17:31:05"
318,100,0,0,0.915000000000003,12,"2026-10-02 17:31:05"
319,100,0,0,0.912000000000003,12,"2026-10-02 17:31:05"
320,100,0,0,0.895,12,"2026-10-02 17:31:05"
321,100,0,0,0.838999999999999,12,"2026-10-02 17:31:05"
322,100,0,0,0.885999999999999,12,"2026-10-02 17:31:05"
323,100,0,0,0.907999999999998,12,"2026-10-02 17:31:05"
324,100,0,0,0.895,12,"2026-10-02 17:31:05"
325,100,0,0,0.931999999999999,12,"2026-10-02 17:31:05"
326,100,0,0,0.916999999999998,12,"2026-10-02 17:31:05"
327,100,0,0,0.902999999999999,12,"2026-10-02 17:31:05"
328,100,0,0,0.913999999999998,12,"2026-10-02 17:31:05"
329,100,1,0,0.919,12,"2026-10-02 17:31:05"
330,100,0,0,0.896999999999998,12,"2026-10-02 17:31:05"
331,100,0,0,0.892,12,"2026-10-02 17:31:05"
332,100,0,0,0.880999999999997,12,"2026-10-02 17:31:05"
333,100,0,0,0.902000000000001,12,"2026-10-02 17:31:05"
334,100,0,0,0.927,12,"2026-10-02 17:31:05"
335,100,0,0,0.893000000000001,12,"2026-10-02 17:31:05"
336,100,0,0,0.884999999999998,12,"2026-10-02 17:31:05"
337,100,0,0,0.898,12,"2026-10-02 17:31:05"
338,100,0,0,0.962,12,"2026-10-02 17:31:05"
339,100,0,0,0.892,12,"2026-10-02 17:31:05"
340,100,0,0,0.881,12,"2026-10-02 17:31:05"
341,100,0,0,0.916,12,"2026-10-02 17:31:05"
342,100,0,0,0.894000000000002,12,"2026-10-02 17:31:05"
343,100,2,0,0.945,12,"2026-10-02 17:31:05"
344,100,0,0,0.933,12,"2026-10-02 17:31:05"
345,100,0,0,0.906000000000002,12,"2026-10-02 17:31:05"
346,100,0,0,0.862000000000002,12,"2026-10-02 17:31:05"
347,100,0,0,0.891000000000002,12,"2026-10-02 17:31:05"
348,100,0,0,0.876999999999999,12,"2026-10-02 17:31:05"
349,100,0,0,0.981000000000002,12,"2026-10-02 17:31:05"
350,100,0,0,0.999000000000002,12,"2026-10-02 17:31:05"
351,100,0,0,0.956999999999997,12,"2026-10-02 17:31:05"
352,100,0,0,0.917000000000002,12,"2026-10-02 17:31:05"
353,100,0,0,0.957000000000001,12,"2026-10-02 17:31:05"
354,100,0,0,0.908000000000001,12,"2026-10-02 17:31:05"
355,100,0,0,0.913,12,"2026-10-02 17:31:05"
356,100,0,0,0.906000000000002,12,"2026-10-02 17:31:05"
357,100,0,0,0.934999999999999,12,"2026-10-02 17:31:05"
358,100,0,0,0.948,12,"2026-10-02 17:31:05"
359,100,0,0,0.924,12,"2026-10-02 17:31:05"
360,100,0,0,0.984000000000002,12,"2026-10-02 17:31:05"
361,100,0,0,0.855,12,"2026-10-02 17:31:05"
362,100,0,0,0.907999999999998,12,"2026-10-02 17:31:05"
363,100,0,0,0.885999999999999,12,"2026-10-02 17:31:05"
364,100,0,0,0.905999999999999,12,"2026-10-02 17:31:05"
365,100,0,0,0.869,12,"2026-10-02 17:31:05"
366,100,1,0,0.933,12,"2026-10-02 17:31:05"
367,100,0,0,0.91,12,"2026-10-02 17:31:05"
368,100,0,0,0.896000000000001,12,"2026-10-02 17:31:05"
369,100,0,1,0.873999999999999,12,"2026-10-02 17:31:05"
370,100,0,0,0.923000000000002,12,"2026-10-02 17:31:05"
371,100,0,0,0.858999999999998,12,"2026-10-02 17:31:05"
372,100,0,0,0.899000000000001,12,"2026-10-02 17:31:05"
373,100,0,0,0.975999999999999,12,"2026-10-02 17:31:05"
374,100,0,0,0.911999999999999,12,"2026-10-02 17:31:05"
375,100,0,0,0.969000000000001,12,"2026-10-02 17:31:05"
376,100,0,0,0.952000000000002,12,"2026-10-02 17:31:05"
377,100,0,0,0.963000000000001,12,"2026-10-02 17:31:05"
378,100,0,0,0.998999999999999,12,"2026-10-02 17:31:05"
379,100,0,0,0.993000000000002,12,"2026-10-02 17:31:05"
380,100,0,0,0.983,12,"2026-10-02 17:31:05"
381,100,0,0,0.978999999999999,12,"2026-10-02 17:31:05"
382,100,1,0,0.954000000000001,12,"2026-10-02 17:31:05"
383,100,0,0,0.879999999999999,12,"2026-10-02 17:31:05"
384,100,1,0,0.937999999999999,12,"2026-10-02 17:31:05"
385,100,0,1,0.920000000000002,12,"2026-10-02 17:31:05"
386,100,0,0,0.911000000000001,12,"2026-10-02 17:31:05"
387,100,0,0,0.881,12,"2026-10-02 17:31:05"
388,100,0,0,0.924000000000003,12,"2026-10-02 17:31:05"
389,100,0,0,0.941000000000003,12,"2026-10-02 17:31:05"
390,100,0,0,0.939999999999998,12,"2026-10-02 17:31:05"
391,100,1,0,0.942,12,"2026-10-02 17:31:05"
392,100,0,0,0.944000000000003,12,"2026-10-02 17:31:05"
393,100,0,0,0.888000000000002,12,"2026-10-02 17:31:05"
394,100,0,1,0.933999999999997,12,"2026-10-02 17:31:05"
395,100,0,0,0.963999999999999,12,"2026-10-02 17:31:05"
396,100,0,0,0.935000000000002,12,"2026-10-02 17:31:05"
397,100,0,0,0.920000000000002,12,"2026-10-02 17:31:05"
398,100,0,0,0.928999999999998,12,"2026-10-02 17:31:05"
399,100,0,0,0.841999999999999,12,"2026-10-02 17:31:05"
400,100,0,0,0.886000000000003,12,"2026-10-02 17:31:05"
401,100,0,0,0.227,12,"2026-10-02 17:31:05"
402,100,0,0,0.213999999999999,12,"2026-10-02 17:31:05"
403,100,0,0,0.219999999999999,12,"2026-10-02 17:31:05"
404,100,0,0,0.218,12,"2026-10-02 17:31:05"
405,100,0,0,0.199999999999999,12,"2026-10-02 17:31:05"
406,100,0,0,0.213999999999999,12,"2026-10-02 17:31:05"
407,100,0,0,0.207999999999998,12,"2026-10-02 17:31:05"
408,100,0,0,0.219000000000001,12,"2026-10-02 17:31:05"
409,100,0,0,0.221,12,"2026-10-02 17:31:05"
410,100,0,0,0.212,12,"2026-10-02 17:31:05"
411,100,0,0,0.198999999999998,12,"2026-10-02 17:31:05"
412,100,0,0,0.231000000000002,12,"2026-10-02 17:31:05"
413,100,0,0,0.203000000000003,12,"2026-10-02 17:31:05"
414,100,0,0,0.242000000000001,12,"2026-10-02 17:31:05"
415,100,0,0,0.204999999999998,12,"2026-10-02 17:31:05"
416,100,0,0,0.210000000000001,12,"2026-10-02 17:31:05"
417,100,0,0,0.222999999999999,12,"2026-10-02 17:31:05"
418,100,0,0,0.216000000000001,12,"2026-10-02 17:31:05"
419,100,0,0,0.208000000000002,12,"2026-10-02 17:31:05"
420,100,0,0,0.221,12,"2026-10-02 17:31:05"
421,100,0,0,0.211000000000002,12,"2026-10-02 17:31:05"
422,100,0,0,0.208000000000002,12,"2026-10-02 17:31:05"
423,100,0,0,0.213000000000001,12,"2026-10-02 17:31:05"
424,100,0,0,0.216999999999999,12,"2026-10-02 17:31:05"
425,100,0,0,0.227999999999998,12,"2026-10-02 17:31:05"
426,100,0,0,0.234000000000002,12,"2026-10-02 17:31:05"
427,100,0,0,0.201,12,"2026-10-02 17:31:05"
428,100,0,0,0.209999999999997,12,"2026-10-02 17:31:05"
429,100,0,0,0.202000000000002,12,"2026-10-02 17:31:05"
430,100,0,0,0.222000000000001,12,"2026-10-02 17:31:05"
431,100,0,0,0.210000000000001,12,"2026-10-02 17:31:05"
432,100,0,0,0.221,12,"2026-10-02 17:31:05"
433,100,0,0,0.212,12,"2026-10-02 17:31:05"
434,100,0,0,0.244,12,"2026-10-02 17:31:05"
435,100,0,0,0.219999999999999,12,"2026-10-02 17:31:05"
436,100,0,0,0.244,12,"2026-10-02 17:31:05"
437,100,0,0,0.225999999999999,12,"2026-10-02 17:31:05"
438,100,0,0,0.215,12,"2026-10-02 17:31:05"
439,100,0,0,0.226000000000003,12,"2026-10-02 17:31:05"
440,100,0,0,0.228000000000002,12,"2026-10-02 17:31:05"
441,100,0,0,0.239000000000001,12,"2026-10-02 17:31:05"
442,100,0,0,0.23,12,"2026-10-02 17:31:05"
443,100,0,0,0.208000000000002,12,"2026-10-02 17:31:05"
444,100,0,0,0.25,12,"2026-10-02 17:31:05"
445,100,0,0,0.233000000000001,12,"2026-10-02 17:31:05"
446,100,0,0,0.230999999999998,12,"2026-10-02 17:31:05"
447,100,0,0,0.23,12,"2026-10-02 17:31:05"
448,100,0,0,0.218,12,"2026-10-02 17:31:05"
449,100,0,0,0.193000000000001,12,"2026-10-02 17:31:05"
450,100,0,0,0.205000000000002,12,"2026-10-02 17:31:05"
451,100,0,0,0.243000000000002,12,"2026-10-02 17:31:05"
452,100,0,0,0.236999999999998,12,"2026-10-02 17:31:05"
453,100,0,0,0.253,12,"2026-10-02 17:31:05"
454,100,0,0,0.209,12,"2026-10-02 17:31:05"
455,100,0,0,0.234999999999999,12,"2026-10-02 17:31:05"
456,100,0,0,0.233999999999998,12,"2026-10-02 17:31:05"
457,100,0,0,0.241999999999997,12,"2026-10-02 17:31:05"
458,100,0,0,0.211000000000002,12,"2026-10-02 17:31:05"
459,100,0,0,0.247,12,"2026-10-02 17:31:05"
460,100,0,0,0.283999999999999,12,"2026-10-02 17:31:05"
461,100,0,0,0.213999999999999,12,"2026-10-02 17:31:05"
462,100,0,0,0.232000000000003,12,"2026-10-02 17:31:05"
463,100,0,0,0.256999999999998,12,"2026-10-02 17:31:05"
464,100,0,0,0.242000000000001,12,"2026-10-02 17:31:05"
465,100,0,0,0.232000000000003,12,"2026-10-02 17:31:05"
466,100,0,0,0.214000000000002,12,"2026-10-02 17:31:05"
467,100,0,0,0.266999999999999,12,"2026-10-02 17:31:05"
468,100,0,0,0.245000000000001,12,"2026-10-02 17:31:05"
469,100,0,0,0.247,12,"2026-10-02 17:31:05"
470,100,0,0,0.231999999999999,12,"2026-10-02 17:31:05"
471,100,0,0,0.211000000000002,12,"2026-10-02 17:31:05"
472,100,0,0,0.234999999999999,12,"2026-10-02 17:31:05"
473,100,0,0,0.192,12,"2026-10-02 17:31:05"
474,100,0,0,0.199000000000002,12,"2026-10-02 17:31:05"
475,100,0,0,0.204000000000001,12,"2026-10-02 17:31:05"
476,100,0,0,0.220000000000002,12,"2026-10-02 17:31:05"
477,100,0,0,0.209000000000003,12,"2026-10-02 17:31:05"
478,100,0,0,0.218,12,"2026-10-02 17:31:05"
479,100,0,0,0.238999999999997,12,"2026-10-02 17:31:05"
480,100,0,0,0.234999999999999,12,"2026-10-02 17:31:05"
481,100,0,0,0.215,12,"2026-10-02 17:31:05"
482,100,0,0,0.210999999999999,12,"2026-10-02 17:31:05"
483,100,0,0,0.243000000000002,12,"2026-10-02 17:31:05"
484,100,0,0,0.192,12,"2026-10-02 17:31:05"
485,100,0,0,0.233000000000001,12,"2026-10-02 17:31:05"
486,100,0,0,0.222999999999999,12,"2026-10-02 17:31:05"
487,100,0,0,0.234999999999999,12,"2026-10-02 17:31:05"
488,100,0,0,0.206999999999997,12,"2026-10-02 17:31:05"
489,100,0,0,0.209,12,"2026-10-02 17:31:05"
490,100,0,0,0.234999999999999,12,"2026-10-02 17:31:05"
491,100,0,0,0.207999999999998,12,"2026-10-02 17:31:05"
492,100,0,0,0.200000000000003,12,"2026-10-02 17:31:05"
493,100,0,0,0.210999999999999,12,"2026-10-02 17:31:05"
494,100,0,0,0.221,12,"2026-10-02 17:31:05"
495,100,0,0,0.199999999999999,12,"2026-10-02 17:31:05"
496,100,0,0,0.200000000000003,12,"2026-10-02 17:31:05"
497,100,0,0,0.198,12,"2026-10-02 17:31:05"
498,100,0,0,0.213999999999999,12,"2026-10-02 17:31:05"
499,100,0,0,0.191000000000003,12,"2026-10-02 17:31:05"
500,100,0,0,0.244,12,"2026-10-02 17:31:05"
501,100,0,0,0.245999999999999,12,"2026-10-02 17:31:05"
502,100,0,0,0.225999999999999,12,"2026-10-02 17:31:05"
503,100,0,0,0.245999999999999,12,"2026-10-02 17:31:05"
504,100,0,0,0.241,12,"2026-10-02 17:31:05"
505,100,0,0,0.233000000000001,12,"2026-10-02 17:31:05"
506,100,0,0,0.227,12,"2026-10-02 17:31:05"
507,100,0,0,0.234000000000002,12,"2026-10-02 17:31:05"
508,100,0,0,0.238999999999997,12,"2026-10-02 17:31:05"
509,100,0,0,0.241999999999997,12,"2026-10-02 17:31:05"
510,100,0,0,0.265000000000001,12,"2026-10-02 17:31:05"
511,100,0,0,0.233999999999998,12,"2026-10-02 17:31:05"
512,100,0,0,0.285,12,"2026-10-02 17:31:05"
513,100,0,0,0.231999999999999,12,"2026-10-02 17:31:05"
514,100,0,0,0.282999999999998,12,"2026-10-02 17:31:05"
515,100,0,0,0.236999999999998,12,"2026-10-02 17:31:05"
516,100,0,0,0.233000000000001,12,"2026-10-02 17:31:05"
517,100,0,0,0.228999999999999,12,"2026-10-02 17:31:05"
518,100,0,0,0.228999999999999,12,"2026-10-02 17:31:05"
519,100,0,0,0.227999999999998,12,"2026-10-02 17:31:05"
520,100,0,0,0.222999999999999,12,"2026-10-02 17:31:05"
521,100,0,0,0.282,12,"2026-10-02 17:31:05"
522,100,0,0,0.264999999999997,12,"2026-10-02 17:31:05"
523,100,0,0,0.254999999999999,12,"2026-10-02 17:31:05"
524,100,0,0,0.257999999999999,12,"2026-10-02 17:31:05"
525,100,0,0,0.234999999999999,12,"2026-10-02 17:31:05"
526,100,0,0,0.226000000000003,12,"2026-10-02 17:31:05"
527,100,0,0,0.212,12,"2026-10-02 17:31:05"
528,100,0,0,0.249000000000002,12,"2026-10-02 17:31:05"
529,100,0,0,0.260000000000002,12,"2026-10-02 17:31:05"
530,100,0,0,0.279,12,"2026-10-02 17:31:05"
531,100,0,0,0.257000000000001,12,"2026-10-02 17:31:05"
532,100,0,0,0.229999999999997,12,"2026-10-02 17:31:05"
533,100,0,0,0.256999999999998,12,"2026-10-02 17:31:05"
534,100,0,0,0.265999999999998,12,"2026-10-02 17:31:05"
535,100,0,0,0.243000000000002,12,"2026-10-02 17:31:05"
536,100,0,0,0.241999999999997,12,"2026-10-02 17:31:05"
537,100,0,0,0.228999999999999,12,"2026-10-02 17:31:05"
538,100,0,0,0.234999999999999,12,"2026-10-02 17:31:05"
539,100,0,0,0.265000000000001,12,"2026-10-02 17:31:05"
540,100,0,0,0.265999999999998,12,"2026-10-02 17:31:05"
541,100,0,0,0.225999999999999,12,"2026-10-02 17:31:05"
542,100,0,0,0.251999999999999,12,"2026-10-02 17:31:05"
543,100,0,0,0.276,12,"2026-10-02 17:31:05"
544,100,0,0,0.251999999999999,12,"2026-10-02 17:31:05"
545,100,0,0,0.271000000000001,12,"2026-10-02 17:31:05"
546,100,0,0,0.261000000000003,12,"2026-10-02 17:31:05"
547,100,0,0,0.288,12,"2026-10-02 17:31:05"
548,100,0,0,0.256999999999998,12,"2026-10-02 17:31:05"
549,100,0,0,0.260999999999999,12,"2026-10-02 17:31:05"
550,100,0,0,0.263000000000002,12,"2026-10-02 17:31:05"
551,100,0,0,0.242000000000001,12,"2026-10-02 17:31:05"
552,100,0,0,0.228000000000002,12,"2026-10-02 17:31:05"
553,100,0,0,0.225999999999999,12,"2026-10-02 17:31:05"
554,100,0,0,0.253,12,"2026-10-02 17:31:05"
555,100,0,0,0.247,12,"2026-10-02 17:31:05"
556,100,0,0,0.251999999999999,12,"2026-10-02 17:31:05"
557,100,0,0,0.244,12,"2026-10-02 17:31:05"
558,100,0,0,0.248999999999999,12,"2026-10-02 17:31:05"
559,100,0,0,0.221,12,"2026-10-02 17:31:05"
560,100,0,0,0.241,12,"2026-10-02 17:31:05"
561,100,0,0,0.27,12,"2026-10-02 17:31:05"
562,100,1,0,0.221,12,"2026-10-02 17:31:05"
563,100,0,0,0.266999999999999,12,"2026-10-02 17:31:05"
564,100,0,0,0.233000000000001,12,"2026-10-02 17:31:05"
565,100,0,0,0.231999999999999,12,"2026-10-02 17:31:05"
566,100,0,0,0.259,12,"2026-10-02 17:31:05"
567,100,0,0,0.253999999999998,12,"2026-10-02 17:31:05"
568,100,0,0,0.221,12,"2026-10-02 17:31:05"
569,100,0,0,0.224999999999998,12,"2026-10-02 17:31:05"
570,100,0,0,0.248999999999999,12,"2026-10-02 17:31:05"
571,100,0,0,0.253999999999998,12,"2026-10-02 17:31:05"
572,100,0,0,0.271999999999998,12,"2026-10-02 17:31:05"
573,100,0,0,0.223000000000003,12,"2026-10-02 17:31:05"
574,100,0,0,0.233000000000001,12,"2026-10-02 17:31:05"
575,100,0,0,0.234999999999999,12,"2026-10-02 17:31:05"
576,100,0,0,0.234000000000002,12,"2026-10-02 17:31:05"
577,100,0,0,0.223000000000003,12,"2026-10-02 17:31:05"
578,100,0,0,0.234999999999999,12,"2026-10-02 17:31:05"
579,100,0,0,0.201999999999998,12,"2026-10-02 17:31:05"
580,100,0,0,0.254999999999999,12,"2026-10-02 17:31:05"
581,100,0,0,0.264999999999997,12,"2026-10-02 17:31:05"
582,100,0,0,0.253999999999998,12,"2026-10-02 17:31:05"
583,100,0,0,0.253,12,"2026-10-02 17:31:05"
584,100,0,0,0.227,12,"2026-10-02 17:31:05"
585,100,0,0,0.239000000000001,12,"2026-10-02 17:31:05"
586,100,0,0,0.259,12,"2026-10-02 17:31:05"
587,100,0,0,0.227,12,"2026-10-02 17:31:05"
588,100,0,0,0.241,12,"2026-10-02 17:31:05"
589,100,0,0,0.257000000000001,12,"2026-10-02 17:31:05"
590,100,0,0,0.222000000000001,12,"2026-10-02 17:31:05"
591,100,0,0,0.239000000000001,12,"2026-10-02 17:31:05"
592,100,0,0,0.223000000000003,12,"2026-10-02 17:31:05"
593,100,0,0,0.222000000000001,12,"2026-10-02 17:31:05"
594,100,0,0,0.230999999999998,12,"2026-10-02 17:31:05"
595,100,0,0,0.210000000000001,12,"2026-10-02 17:31:05"
596,100,0,0,0.244,12,"2026-10-02 17:31:05"
597,100,0,0,0.218,12,"2026-10-02 17:31:05"
598,100,0,0,0.247,12,"2026-10-02 17:31:05"
599,100,0,0,0.232999999999997,12,"2026-10-02 17:31:05"
600,100,0,0,0.227999999999998,12,"2026-10-02 17:31:05"
601,100,0,0,0.234999999999999,12,"2026-10-02 17:31:05"
602,100,0,0,0.236000000000001,12,"2026-10-02 17:31:05"
603,100,0,0,0.238,12,"2026-10-02 17:31:05"
604,100,0,0,0.233000000000001,12,"2026-10-02 17:31:05"
605,100,0,0,0.245000000000001,12,"2026-10-02 17:31:05"
606,100,0,0,0.259999999999998,12,"2026-10-02 17:31:05"
607,100,0,0,0.234999999999999,12,"2026-10-02 17:31:05"
608,100,0,0,0.234999999999999,12,"2026-10-02 17:31:05"
609,100,0,0,0.283000000000001,12,"2026-10-02 17:31:05"
610,100,0,0,0.266999999999999,12,"2026-10-02 17:31:05"
611,100,0,0,0.243000000000002,12,"2026-10-02 17:31:05"
612,100,0,0,0.244,12,"2026-10-02 17:31:05"
613,100,0,0,0.236000000000001,12,"2026-10-02 17:31:05"
614,100,0,0,0.238,12,"2026-10-02 17:31:05"
615,100,0,0,0.271000000000001,12,"2026-10-02 17:31:05"
616,100,0,0,0.254000000000001,12,"2026-10-02 17:31:05"
617,100,0,0,0.253,12,"2026-10-02 17:31:05"
618,100,0,0,0.265999999999998,12,"2026-10-02 17:31:05"
619,100,0,0,0.264999999999997,12,"2026-10-02 17:31:05"
620,100,0,0,0.254999999999999,12,"2026-10-02 17:31:05"
621,100,0,0,0.262,12,"2026-10-02 17:31:05"
622,100,0,0,0.254999999999999,12,"2026-10-02 17:31:05"
623,100,0,0,0.254999999999999,12,"2026-10-02 17:31:05"
624,100,0,0,0.260999999999999,12,"2026-10-02 17:31:05"
625,100,0,0,0.262,12,"2026-10-02 17:31:05"
626,100,0,0,0.260000000000002,12,"2026-10-02 17:31:05"
627,100,0,0,0.272000000000002,12,"2026-10-02 17:31:05"
628,100,0,0,0.270999999999997,12,"2026-10-02 17:31:05"
629,100,0,0,0.288999999999998,12,"2026-10-02 17:31:05"
630,100,0,0,0.258000000000003,12,"2026-10-02 17:31:05"
631,100,0,0,0.277999999999999,12,"2026-10-02 17:31:05"
632,100,0,0,0.245999999999999,12,"2026-10-02 17:31:05"
633,100,0,0,0.259,12,"2026-10-02 17:31:05"
634,100,0,0,0.270999999999997,12,"2026-10-02 17:31:05"
635,100,0,0,0.260000000000002,12,"2026-10-02 17:31:05"
636,100,0,0,0.248999999999999,12,"2026-10-02 17:31:05"
637,100,0,0,0.245999999999999,12,"2026-10-02 17:31:05"
638,100,0,0,0.253999999999998,12,"2026-10-02 17:31:05"
639,100,0,0,0.240000000000002,12,"2026-10-02 17:31:05"
640,100,0,0,0.277000000000001,12,"2026-10-02 17:31:05"
641,100,0,0,0.27,12,"2026-10-02 17:31:05"
642,100,0,0,0.297999999999998,12,"2026-10-02 17:31:05"
643,100,0,0,0.272000000000002,12,"2026-10-02 17:31:05"
644,100,0,0,0.271999999999998,12,"2026-10-02 17:31:05"
645,100,0,0,0.253999999999998,12,"2026-10-02 17:31:05"
646,100,0,0,0.251999999999999,12,"2026-10-02 17:31:05"
647,100,0,0,0.251999999999999,12,"2026-10-02 17:31:05"
648,100,0,0,0.239999999999998,12,"2026-10-02 17:31:05"
649,100,0,0,0.271999999999998,12,"2026-10-02 17:31:05"
650,100,0,0,0.276,12,"2026-10-02 17:31:05"
651,100,0,0,0.260000000000002,12,"2026-10-02 17:31:05"
652,100,0,0,0.271000000000004,12,"2026-10-02 17:31:05"
653,100,0,0,0.261999999999997,12,"2026-10-02 17:31:05"
654,100,0,0,0.277000000000001,12,"2026-10-02 17:31:05"
655,100,0,0,0.231999999999999,12,"2026-10-02 17:31:05"
656,100,0,0,0.227,12,"2026-10-02 17:31:05"
657,100,0,0,0.228999999999999,12,"2026-10-02 17:31:05"
658,100,0,0,0.263000000000002,12,"2026-10-02 17:31:05"
659,100,0,0,0.260999999999999,12,"2026-10-02 17:31:05"
660,100,0,0,0.252000000000002,12,"2026-10-02 17:31:05"
661,100,0,0,0.242999999999999,12,"2026-10-02 17:31:05"
662,100,0,0,0.298000000000002,12,"2026-10-02 17:31:05"
663,100,0,0,0.268999999999998,12,"2026-10-02 17:31:05"
664,100,0,0,0.241,12,"2026-10-02 17:31:05"
665,100,0,0,0.271000000000001,12,"2026-10-02 17:31:05"
666,100,0,0,0.262,12,"2026-10-02 17:31:05"
667,100,0,0,0.254999999999999,12,"2026-10-02 17:31:05"
668,100,0,0,0.253999999999998,12,"2026-10-02 17:31:05"
669,100,0,0,0.23,12,"2026-10-02 17:31:05"
670,100,0,0,0.231999999999999,12,"2026-10-02 17:31:05"
671,100,0,0,0.248999999999999,12,"2026-10-02 17:31:05"
672,100,0,0,0.257999999999999,12,"2026-10-02 17:31:05"
673,100,0,0,0.233000000000001,12,"2026-10-02 17:31:05"
674,100,0,0,0.286999999999999,12,"2026-10-02 17:31:05"
675,100,0,0,0.247999999999998,12,"2026-10-02 17:31:05"
676,100,0,0,0.236000000000001,12,"2026-10-02 17:31:05"
677,100,1,0,0.233999999999995,12,"2026-10-02 17:31:05"
678,100,0,0,0.245999999999999,12,"2026-10-02 17:31:05"
679,100,0,0,0.252000000000002,12,"2026-10-02 17:31:05"
680,100,0,0,0.247,12,"2026-10-02 17:31:05"
681,100,0,0,0.250999999999998,12,"2026-10-02 17:31:05"
682,100,0,0,0.231999999999999,12,"2026-10-02 17:31:05"
683,100,0,0,0.241,12,"2026-10-02 17:31:05"
684,100,0,0,0.285,12,"2026-10-02 17:31:05"
685,100,0,0,0.23,12,"2026-10-02 17:31:05"
686,100,0,0,0.254000000000001,12,"2026-10-02 17:31:05"
687,100,0,0,0.250999999999998,12,"2026-10-02 17:31:05"
688,100,0,0,0.260000000000002,12,"2026-10-02 17:31:05"
689,100,0,0,0.247999999999998,12,"2026-10-02 17:31:05"
690,100,0,0,0.247,12,"2026-10-02 17:31:05"
691,100,0,0,0.254000000000001,12,"2026-10-02 17:31:05"
692,100,0,0,0.253000000000004,12,"2026-10-02 17:31:05"
693,100,0,0,0.247,12,"2026-10-02 17:31:05"
694,100,0,0,0.231999999999999,12,"2026-10-02 17:31:05"
695,100,0,0,0.256999999999998,12,"2026-10-02 17:31:05"
696,100,0,0,0.262,12,"2026-10-02 17:31:05"
697,100,0,0,0.238,12,"2026-10-02 17:31:05"
698,100,0,0,0.242999999999999,12,"2026-10-02 17:31:05"
699,100,0,0,0.292000000000002,12,"2026-10-02 17:31:05"
700,100,0,0,0.272000000000002,12,"2026-10-02 17:31:05"
701,100,0,0,0.277999999999999,12,"2026-10-02 17:31:05"
702,100,0,0,0.303000000000001,12,"2026-10-02 17:31:05"
703,100,0,0,0.281999999999996,12,"2026-10-02 17:31:05"
704,100,0,0,0.286999999999999,12,"2026-10-02 17:31:05"
705,100,0,0,0.294000000000004,12,"2026-10-02 17:31:05"
706,100,0,0,0.290000000000003,12,"2026-10-02 17:31:05"
707,100,0,0,0.273,12,"2026-10-02 17:31:05"
708,100,0,0,0.291000000000004,12,"2026-10-02 17:31:05"
709,100,0,0,0.286000000000001,12,"2026-10-02 17:31:05"
710,100,0,0,0.337,12,"2026-10-02 17:31:05"
711,100,0,0,0.292999999999996,12,"2026-10-02 17:31:05"
712,100,0,0,0.289000000000001,12,"2026-10-02 17:31:05"
713,100,0,0,0.303999999999995,12,"2026-10-02 17:31:05"
714,100,0,0,0.279000000000003,12,"2026-10-02 17:31:05"
715,100,0,0,0.278999999999996,12,"2026-10-02 17:31:05"
716,100,0,0,0.294999999999998,12,"2026-10-02 17:31:05"
717,100,0,0,0.314999999999998,12,"2026-10-02 17:31:05"
718,100,0,0,0.280000000000001,12,"2026-10-02 17:31:05"
719,100,0,0,0.302,12,"2026-10-02 17:31:05"
720,100,0,0,0.271000000000001,12,"2026-10-02 17:31:05"
721,100,0,0,0.326999999999998,12,"2026-10-02 17:31:05"
722,100,0,0,0.315000000000001,12,"2026-10-02 17:31:05"
723,100,0,0,0.329000000000001,12,"2026-10-02 17:31:05"
724,100,0,0,0.281999999999996,12,"2026-10-02 17:31:05"
725,100,0,0,0.311,12,"2026-10-02 17:31:05"
726,100,0,0,0.310000000000002,12,"2026-10-02 17:31:05"
727,100,0,0,0.301000000000002,12,"2026-10-02 17:31:05"
728,100,0,0,0.269999999999996,12,"2026-10-02 17:31:05"
729,100,0,0,0.300000000000004,12,"2026-10-02 17:31:05"
730,100,0,0,0.280000000000001,12,"2026-10-02 17:31:05"
731,100,0,0,0.254000000000005,12,"2026-10-02 17:31:05"
732,100,0,0,0.302999999999997,12,"2026-10-02 17:31:05"
733,100,0,0,0.326999999999998,12,"2026-10-02 17:31:05"
734,100,0,0,0.329999999999998,12,"2026-10-02 17:31:05"
735,100,0,0,0.329000000000001,12,"2026-10-02 17:31:05"
736,100,0,0,0.286000000000001,12,"2026-10-02 17:31:05"
737,100,0,0,0.297000000000004,12,"2026-10-02 17:31:05"
738,100,0,0,0.299999999999997,12,"2026-10-02 17:31:05"
739,100,0,0,0.311,12,"2026-10-02 17:31:05"
740,100,0,0,0.304000000000002,12,"2026-10-02 17:31:05"
741,100,0,0,0.300999999999995,12,"2026-10-02 17:31:05"
742,100,0,0,0.303000000000004,12,"2026-10-02 17:31:05"
743,100,0,0,0.291000000000004,12,"2026-10-02 17:31:05"
744,100,0,0,0.277999999999999,12,"2026-10-02 17:31:05"
745,100,1,0,0.322000000000003,12,"2026-10-02 17:31:05"
746,100,0,0,0.296999999999997,12,"2026-10-02 17:31:05"
747,100,0,0,0.319000000000003,12,"2026-10-02 17:31:05"
748,100,0,0,0.295999999999999,12,"2026-10-02 17:31:05"
749,100,0,0,0.292000000000002,12,"2026-10-02 17:31:05"
750,100,0,0,0.293999999999997,12,"2026-10-02 17:31:05"
751,100,0,0,0.267000000000003,12,"2026-10-02 17:31:05"
752,100,0,0,0.257999999999996,12,"2026-10-02 17:31:05"
753,100,0,0,0.271000000000001,12,"2026-10-02 17:31:05"
754,100,0,0,0.300999999999995,12,"2026-10-02 17:31:05"
755,100,0,0,0.259999999999998,12,"2026-10-02 17:31:05"
756,100,0,0,0.272999999999996,12,"2026-10-02 17:31:05"
757,100,0,0,0.286000000000001,12,"2026-10-02 17:31:05"
758,100,1,0,0.283000000000001,12,"2026-10-02 17:31:05"
759,100,0,0,0.268999999999998,12,"2026-10-02 17:31:05"
760,100,0,0,0.271000000000001,12,"2026-10-02 17:31:05"
761,100,0,0,0.283999999999999,12,"2026-10-02 17:31:05"
762,100,0,0,0.279000000000003,12,"2026-10-02 17:31:05"
763,100,0,0,0.270000000000003,12,"2026-10-02 17:31:05"
764,100,0,0,0.285999999999994,12,"2026-10-02 17:31:05"
765,100,1,0,0.295999999999999,12,"2026-10-02 17:31:05"
766,100,0,0,0.276999999999994,12,"2026-10-02 17:31:05"
767,100,0,0,0.276999999999994,12,"2026-10-02 17:31:05"
768,100,0,0,0.260000000000005,12,"2026-10-02 17:31:05"
769,100,0,0,0.267000000000003,12,"2026-10-02 17:31:05"
770,100,0,0,0.262,12,"2026-10-02 17:31:05"
771,100,0,0,0.261999999999993,12,"2026-10-02 17:31:05"
772,100,0,0,0.276000000000003,12,"2026-10-02 17:31:05"
773,100,0,0,0.256,12,"2026-10-02 17:31:05"
774,100,0,0,0.314,12,"2026-10-02 17:31:05"
775,100,0,0,0.280000000000001,12,"2026-10-02 17:31:05"
776,100,0,0,0.261000000000003,12,"2026-10-02 17:31:05"
777,100,0,0,0.277999999999999,12,"2026-10-02 17:31:05"
778,100,0,0,0.260000000000005,12,"2026-10-02 17:31:05"
779,100,0,0,0.273000000000003,12,"2026-10-02 17:31:05"
780,100,0,0,0.297000000000004,12,"2026-10-02 17:31:05"
781,100,0,0,0.274999999999999,12,"2026-10-02 17:31:05"
782,100,0,0,0.289999999999999,12,"2026-10-02 17:31:05"
783,100,0,0,0.283999999999999,12,"2026-10-02 17:31:05"
784,100,0,0,0.259999999999998,12,"2026-10-02 17:31:05"
785,100,0,0,0.290999999999997,12,"2026-10-02 17:31:05"
786,100,0,0,0.296999999999997,12,"2026-10-02 17:31:05"
787,100,0,0,0.271000000000001,12,"2026-10-02 17:31:05"
788,100,0,0,0.265999999999998,12,"2026-10-02 17:31:05"
789,100,0,0,0.263999999999996,12,"2026-10-02 17:31:05"
790,100,0,0,0.343999999999994,12,"2026-10-02 17:31:05"
791,100,0,0,0.252000000000002,12,"2026-10-02 17:31:05"
792,100,0,0,0.330999999999996,12,"2026-10-02 17:31:05"
793,100,0,0,0.288000000000004,12,"2026-10-02 17:31:05"
794,100,0,0,0.286999999999999,12,"2026-10-02 17:31:05"
795,100,0,0,0.280000000000001,12,"2026-10-02 17:31:05"
796,100,1,0,0.292999999999999,12,"2026-10-02 17:31:05"
797,100,0,0,0.283000000000001,12,"2026-10-02 17:31:05"
798,100,0,0,0.284999999999997,12,"2026-10-02 17:31:05"
799,100,0,0,0.263999999999996,12,"2026-10-02 17:31:05"
800,100,0,0,0.263000000000005,12,"2026-10-02 17:31:05"
801,100,0,0,0.198999999999998,12,"2026-10-02 17:31:05"
802,100,0,0,0.204000000000001,12,"2026-10-02 17:31:05"
803,100,0,0,0.234999999999999,12,"2026-10-02 17:31:05"
804,100,0,0,0.231999999999999,12,"2026-10-02 17:31:05"
805,100,0,0,0.295000000000002,12,"2026-10-02 17:31:05"
806,100,0,0,0.216000000000001,12,"2026-10-02 17:31:05"
807,100,0,0,0.233000000000004,12,"2026-10-02 17:31:05"
808,100,0,0,0.216000000000001,12,"2026-10-02 17:31:05"
809,100,0,0,0.212000000000003,12,"2026-10-02 17:31:05"
810,100,0,0,0.196999999999996,12,"2026-10-02 17:31:05"
811,100,0,0,0.197000000000003,12,"2026-10-02 17:31:05"
812,100,0,0,0.196000000000005,12,"2026-10-02 17:31:05"
813,100,0,0,0.216999999999999,12,"2026-10-02 17:31:05"
814,100,0,0,0.245999999999995,12,"2026-10-02 17:31:05"
815,100,0,0,0.256999999999998,12,"2026-10-02 17:31:05"
816,100,0,0,0.262999999999998,12,"2026-10-02 17:31:05"
817,100,0,0,0.244999999999997,12,"2026-10-02 17:31:05"
818,100,0,0,0.222000000000001,12,"2026-10-02 17:31:05"
819,100,0,0,0.202999999999996,12,"2026-10-02 17:31:05"
820,100,0,0,0.228999999999999,12,"2026-10-02 17:31:05"
821,100,0,0,0.195999999999998,12,"2026-10-02 17:31:05"
822,100,0,0,0.214999999999996,12,"2026-10-02 17:31:05"
823,100,0,0,0.219999999999999,12,"2026-10-02 17:31:05"
824,100,0,0,0.201999999999998,12,"2026-10-02 17:31:05"
825,100,0,0,0.195,12,"2026-10-02 17:31:05"
826,100,0,0,0.238000000000007,12,"2026-10-02 17:31:05"
827,100,0,0,0.241999999999997,12,"2026-10-02 17:31:05"
828,100,0,0,0.215000000000003,12,"2026-10-02 17:31:05"
829,100,0,0,0.233000000000004,12,"2026-10-02 17:31:05"
830,100,0,0,0.225000000000001,12,"2026-10-02 17:31:05"
831,100,0,0,0.219999999999999,12,"2026-10-02 17:31:05"
832,100,0,0,0.222000000000001,12,"2026-10-02 17:31:05"
833,100,0,0,0.217999999999996,12,"2026-10-02 17:31:05"
834,100,0,0,0.219000000000001,12,"2026-10-02 17:31:05"
835,100,0,0,0.231000000000002,12,"2026-10-02 17:31:05"
836,100,0,0,0.211999999999996,12,"2026-10-02 17:31:05"
837,100,0,0,0.222999999999999,12,"2026-10-02 17:31:05"
838,100,0,0,0.201999999999998,12,"2026-10-02 17:31:05"
839,100,0,0,0.207000000000001,12,"2026-10-02 17:31:05"
840,100,0,0,0.204000000000001,12,"2026-10-02 17:31:05"
841,100,0,0,0.221999999999994,12,"2026-10-02 17:31:05"
842,100,0,0,0.215000000000003,12,"2026-10-02 17:31:05"
843,100,0,0,0.227999999999994,12,"2026-10-02 17:31:05"
844,100,0,0,0.247999999999998,12,"2026-10-02 17:31:05"
845,100,0,0,0.208999999999996,12,"2026-10-02 17:31:05"
846,100,0,0,0.224999999999994,12,"2026-10-02 17:31:05"
847,100,0,0,0.216000000000001,12,"2026-10-02 17:31:05"
848,100,0,0,0.222000000000001,12,"2026-10-02 17:31:05"
849,100,0,0,0.205999999999996,12,"2026-10-02 17:31:05"
850,100,0,0,0.219000000000001,12,"2026-10-02 17:31:05"
851,100,0,0,0.207999999999998,12,"2026-10-02 17:31:05"
852,100,0,0,0.206000000000003,12,"2026-10-02 17:31:05"
853,100,0,0,0.192,12,"2026-10-02 17:31:05"
854,100,0,0,0.210000000000001,12,"2026-10-02 17:31:05"
855,100,0,0,0.202000000000005,12,"2026-10-02 17:31:05"
856,100,0,0,0.205999999999996,12,"2026-10-02 17:31:05"
857,100,0,0,0.195,12,"2026-10-02 17:31:05"
858,100,0,0,0.238,12,"2026-10-02 17:31:05"
859,100,0,0,0.204000000000001,12,"2026-10-02 17:31:05"
860,100,0,0,0.213999999999999,12,"2026-10-02 17:31:05"
861,100,0,0,0.234000000000002,12,"2026-10-02 17:31:05"
862,100,0,0,0.219000000000001,12,"2026-10-02 17:31:05"
863,100,0,0,0.231999999999999,12,"2026-10-02 17:31:05"
864,100,0,0,0.223999999999997,12,"2026-10-02 17:31:05"
865,100,0,0,0.201999999999998,12,"2026-10-02 17:31:05"
866,100,0,0,0.204999999999998,12,"2026-10-02 17:31:05"
867,100,0,0,0.217999999999996,12,"2026-10-02 17:31:05"
868,100,0,0,0.205999999999996,12,"2026-10-02 17:31:05"
869,100,0,0,0.221000000000004,12,"2026-10-02 17:31:05"
870,100,0,0,0.204999999999998,12,"2026-10-02 17:31:05"
871,100,0,0,0.210000000000001,12,"2026-10-02 17:31:05"
872,100,0,0,0.206000000000003,12,"2026-10-02 17:31:05"
873,100,0,0,0.184999999999995,12,"2026-10-02 17:31:05"
874,100,0,0,0.231999999999999,12,"2026-10-02 17:31:05"
875,100,0,0,0.222000000000001,12,"2026-10-02 17:31:05"
876,100,0,0,0.209000000000003,12,"2026-10-02 17:31:05"
877,100,0,0,0.228999999999999,12,"2026-10-02 17:31:05"
878,100,0,0,0.204000000000001,12,"2026-10-02 17:31:05"
879,100,0,0,0.230000000000004,12,"2026-10-02 17:31:05"
880,100,0,0,0.214000000000006,12,"2026-10-02 17:31:05"
881,100,0,0,0.213999999999999,12,"2026-10-02 17:31:05"
882,100,0,0,0.212000000000003,12,"2026-10-02 17:31:05"
883,100,0,0,0.201999999999998,12,"2026-10-02 17:31:05"
884,100,0,0,0.211000000000006,12,"2026-10-02 17:31:05"
885,100,0,0,0.194000000000003,12,"2026-10-02 17:31:05"
886,100,0,0,0.234999999999999,12,"2026-10-02 17:31:05"
887,100,0,0,0.214999999999996,12,"2026-10-02 17:31:05"
888,100,0,0,0.219999999999999,12,"2026-10-02 17:31:05"
889,100,0,0,0.209000000000003,12,"2026-10-02 17:31:05"
890,100,0,0,0.224000000000004,12,"2026-10-02 17:31:05"
891,100,0,0,0.209999999999994,12,"2026-10-02 17:31:05"
892,100,0,0,0.207000000000001,12,"2026-10-02 17:31:05"
893,100,0,0,0.215000000000003,12,"2026-10-02 17:31:05"
894,100,0,0,0.229000000000006,12,"2026-10-02 17:31:05"
895,100,0,0,0.228999999999999,12,"2026-10-02 17:31:05"
896,100,0,0,0.213000000000001,12,"2026-10-02 17:31:05"
897,100,0,0,0.224000000000004,12,"2026-10-02 17:31:05"
898,100,0,0,0.219999999999999,12,"2026-10-02 17:31:05"
899,100,0,0,0.231000000000002,12,"2026-10-02 17:31:05"
900,100,0,0,0.203000000000003,12,"2026-10-02 17:31:05"
901,100,0,0,0.247999999999998,12,"2026-10-02 17:31:05"
902,100,0,0,0.246000000000002,12,"2026-10-02 17:31:05"
903,100,0,0,0.248000000000005,12,"2026-10-02 17:31:05"
904,100,0,0,0.247,12,"2026-10-02 17:31:05"
905,100,0,0,0.225999999999999,12,"2026-10-02 17:31:05"
906,100,0,0,0.231999999999999,12,"2026-10-02 17:31:05"
907,100,0,0,0.224000000000004,12,"2026-10-02 17:31:05"
908,100,0,0,0.246000000000002,12,"2026-10-02 17:31:05"
909,100,0,0,0.238,12,"2026-10-02 17:31:05"
910,100,0,0,0.252000000000002,12,"2026-10-02 17:31:05"
911,100,0,0,0.265000000000001,12,"2026-10-02 17:31:05"
912,100,0,0,0.225999999999999,12,"2026-10-02 17:31:05"
913,100,0,0,0.234999999999999,12,"2026-10-02 17:31:05"
914,100,0,0,0.259,12,"2026-10-02 17:31:05"
915,100,0,0,0.277000000000001,12,"2026-10-02 17:31:05"
916,100,0,0,0.224000000000004,12,"2026-10-02 17:31:05"
917,100,0,0,0.240000000000002,12,"2026-10-02 17:31:05"
918,100,0,0,0.246000000000002,12,"2026-10-02 17:31:05"
919,100,0,0,0.278999999999996,12,"2026-10-02 17:31:05"
920,100,0,0,0.231999999999999,12,"2026-10-02 17:31:05"
921,100,0,0,0.226999999999997,12,"2026-10-02 17:31:05"
922,100,0,0,0.247,12,"2026-10-02 17:31:05"
923,100,0,0,0.277999999999999,12,"2026-10-02 17:31:05"
924,100,0,0,0.231999999999999,12,"2026-10-02 17:31:05"
925,100,0,0,0.237000000000002,12,"2026-10-02 17:31:05"
926,100,0,0,0.240000000000002,12,"2026-10-02 17:31:05"
927,100,0,0,0.236000000000004,12,"2026-10-02 17:31:05"
928,100,0,0,0.25,12,"2026-10-02 17:31:05"
929,100,0,0,0.253,12,"2026-10-02 17:31:05"
930,100,0,0,0.239000000000004,12,"2026-10-02 17:31:05"
931,100,0,0,0.227000000000004,12,"2026-10-02 17:31:05"
932,100,0,0,0.244999999999997,12,"2026-10-02 17:31:05"
933,100,0,0,0.265000000000001,12,"2026-10-02 17:31:05"
934,100,0,0,0.235000000000007,12,"2026-10-02 17:31:05"
935,100,0,0,0.254999999999995,12,"2026-10-02 17:31:05"
936,100,0,0,0.256,12,"2026-10-02 17:31:05"
937,100,0,0,0.260000000000005,12,"2026-10-02 17:31:05"
938,100,0,0,0.273999999999994,12,"2026-10-02 17:31:05"
939,100,0,0,0.247,12,"2026-10-02 17:31:05"
940,100,0,0,0.259,12,"2026-10-02 17:31:05"
941,100,0,0,0.252000000000002,12,"2026-10-02 17:31:05"
942,100,0,0,0.225000000000001,12,"2026-10-02 17:31:05"
943,100,0,0,0.261000000000003,12,"2026-10-02 17:31:05"
944,100,0,0,0.215000000000003,12,"2026-10-02 17:31:05"
945,100,0,0,0.293999999999997,12,"2026-10-02 17:31:05"
946,100,0,0,0.258999999999993,12,"2026-10-02 17:31:05"
947,100,0,0,0.226999999999997,12,"2026-10-02 17:31:05"
948,100,0,0,0.234000000000002,12,"2026-10-02 17:31:05"
949,100,0,0,0.241999999999997,12,"2026-10-02 17:31:05"
950,100,0,0,0.241,12,"2026-10-02 17:31:05"
951,100,0,0,0.220000000000006,12,"2026-10-02 17:31:05"
952,100,0,0,0.277999999999999,12,"2026-10-02 17:31:05"
953,100,0,0,0.276000000000003,12,"2026-10-02 17:31:05"
954,100,0,0,0.245999999999995,12,"2026-10-02 17:31:05"
955,100,0,0,0.269000000000005,12,"2026-10-02 17:31:05"
956,100,0,0,0.246000000000002,12,"2026-10-02 17:31:05"
957,100,0,0,0.232999999999997,12,"2026-10-02 17:31:05"
958,100,0,0,0.239999999999995,12,"2026-10-02 17:31:05"
959,100,0,0,0.262,12,"2026-10-02 17:31:05"
960,100,0,0,0.226999999999997,12,"2026-10-02 17:31:05"
961,100,0,0,0.221999999999994,12,"2026-10-02 17:31:05"
962,100,0,0,0.222999999999999,12,"2026-10-02 17:31:05"
963,100,0,0,0.268000000000001,12,"2026-10-02 17:31:05"
964,100,0,0,0.231999999999999,12,"2026-10-02 17:31:05"
965,100,0,0,0.227999999999994,12,"2026-10-02 17:31:05"
966,100,0,0,0.273000000000003,12,"2026-10-02 17:31:05"
967,100,0,0,0.230999999999995,12,"2026-10-02 17:31:05"
968,100,0,0,0.224000000000004,12,"2026-10-02 17:31:05"
969,100,0,0,0.225000000000001,12,"2026-10-02 17:31:05"
970,100,0,0,0.220999999999997,12,"2026-10-02 17:31:05"
971,100,0,0,0.223999999999997,12,"2026-10-02 17:31:05"
972,100,0,0,0.239000000000004,12,"2026-10-02 17:31:05"
973,100,0,0,0.225999999999999,12,"2026-10-02 17:31:05"
974,100,1,0,0.261000000000003,12,"2026-10-02 17:31:05"
975,100,0,0,0.245000000000005,12,"2026-10-02 17:31:05"
976,100,0,0,0.235999999999997,12,"2026-10-02 17:31:05"
977,100,0,0,0.221000000000004,12,"2026-10-02 17:31:05"
978,100,0,0,0.227999999999994,12,"2026-10-02 17:31:05"
979,100,0,0,0.236000000000004,12,"2026-10-02 17:31:05"
980,100,0,0,0.259999999999998,12,"2026-10-02 17:31:05"
981,100,0,0,0.241999999999997,12,"2026-10-02 17:31:05"
982,100,0,0,0.253999999999998,12,"2026-10-02 17:31:05"
983,100,0,0,0.233000000000004,12,"2026-10-02 17:31:05"
984,100,0,0,0.242999999999995,12,"2026-10-02 17:31:05"
985,100,0,0,0.244,12,"2026-10-02 17:31:05"
986,100,0,0,0.236999999999995,12,"2026-10-02 17:31:05"
987,100,0,0,0.25,12,"2026-10-02 17:31:05"
988,100,0,0,0.221000000000004,12,"2026-10-02 17:31:05"
989,100,0,0,0.219000000000001,12,"2026-10-02 17:31:05"
990,100,0,0,0.231999999999999,12,"2026-10-02 17:31:05"
991,100,0,0,0.234000000000002,12,"2026-10-02 17:31:05"
992,100,0,0,0.210000000000001,12,"2026-10-02 17:31:05"
993,100,0,0,0.256999999999998,12,"2026-10-02 17:31:05"
994,100,0,0,0.247,12,"2026-10-02 17:31:05"
995,100,0,0,0.247999999999998,12,"2026-10-02 17:31:05"
996,100,0,0,0.245999999999995,12,"2026-10-02 17:31:05"
997,100,0,0,0.239999999999995,12,"2026-10-02 17:31:05"
998,100,0,0,0.248000000000005,12,"2026-10-02 17:31:05"
999,100,0,0,0.262,12,"2026-10-02 17:31:05"
1000,100,0,0,0.213000000000001,12,"2026-10-02 17:31:05"
1001,100,0,0,0.292000000000002,12,"2026-10-02 17:31:05"
1002,100,0,0,0.248000000000005,12,"2026-10-02 17:31:05"
1003,100,0,0,0.262999999999998,12,"2026-10-02 17:31:05"
1004,100,0,0,0.248999999999995,12,"2026-10-02 17:31:05"
1005,100,0,0,0.281999999999996,12,"2026-10-02 17:31:05"
1006,100,0,0,0.271000000000001,12,"2026-10-02 17:31:05"
1007,100,0,0,0.251000000000005,12,"2026-10-02 17:31:05"
1008,100,0,0,0.277999999999999,12,"2026-10-02 17:31:05"
1009,100,0,0,0.280999999999999,12,"2026-10-02 17:31:05"
1010,100,0,0,0.293999999999997,12,"2026-10-02 17:31:05"
1011,100,0,0,0.244,12,"2026-10-02 17:31:05"
1012,100,0,0,0.260000000000005,12,"2026-10-02 17:31:05"
1013,100,0,0,0.268000000000001,12,"2026-10-02 17:31:05"
1014,100,0,0,0.284000000000006,12,"2026-10-02 17:31:05"
1015,100,0,0,0.259,12,"2026-10-02 17:31:05"
1016,100,0,0,0.275000000000006,12,"2026-10-02 17:31:05"
1017,100,0,0,0.271999999999998,12,"2026-10-02 17:31:05"
1018,100,0,0,0.271000000000001,12,"2026-10-02 17:31:05"
1019,100,0,0,0.256,12,"2026-10-02 17:31:05"
1020,100,0,0,0.264000000000003,12,"2026-10-02 17:31:05"
1021,100,0,0,0.267000000000003,12,"2026-10-02 17:31:05"
1022,100,0,0,0.257999999999996,12,"2026-10-02 17:31:05"
1023,100,0,0,0.240000000000002,12,"2026-10-02 17:31:05"
1024,100,0,0,0.274999999999999,12,"2026-10-02 17:31:05"
1025,100,0,0,0.266999999999996,12,"2026-10-02 17:31:05"
1026,100,0,0,0.289999999999999,12,"2026-10-02 17:31:05"
1027,100,0,0,0.283999999999999,12,"2026-10-02 17:31:05"
1028,100,0,0,0.265000000000001,12,"2026-10-02 17:31:05"
1029,100,0,0,0.283000000000001,12,"2026-10-02 17:31:05"
1030,100,0,0,0.286000000000001,12,"2026-10-02 17:31:05"
1031,100,0,0,0.272000000000006,12,"2026-10-02 17:31:05"
1032,100,0,0,0.272999999999996,12,"2026-10-02 17:31:05"
1033,100,0,0,0.266999999999996,12,"2026-10-02 17:31:05"
1034,100,0,0,0.269000000000005,12,"2026-10-02 17:31:05"
1035,100,0,0,0.275999999999996,12,"2026-10-02 17:31:05"
1036,100,0,0,0.272999999999996,12,"2026-10-02 17:31:05"
1037,100,0,0,0.256,12,"2026-10-02 17:31:05"
1038,100,0,0,0.286999999999999,12,"2026-10-02 17:31:05"
1039,100,0,0,0.295999999999999,12,"2026-10-02 17:31:05"
1040,100,0,0,0.253999999999998,12,"2026-10-02 17:31:05"
1041,100,0,0,0.279999999999994,12,"2026-10-02 17:31:05"
1042,100,0,0,0.308,12,"2026-10-02 17:31:05"
1043,100,0,0,0.251000000000005,12,"2026-10-02 17:31:05"
1044,100,0,0,0.265999999999998,12,"2026-10-02 17:31:05"
1045,100,0,0,0.256,12,"2026-10-02 17:31:05"
1046,100,0,0,0.292999999999999,12,"2026-10-02 17:31:05"
1047,100,0,0,0.274999999999999,12,"2026-10-02 17:31:05"
1048,100,0,0,0.245999999999995,12,"2026-10-02 17:31:05"
1049,100,0,0,0.262,12,"2026-10-02 17:31:05"
1050,100,0,0,0.261000000000003,12,"2026-10-02 17:31:05"
1051,100,0,0,0.263000000000005,12,"2026-10-02 17:31:05"
1052,100,0,0,0.268000000000001,12,"2026-10-02 17:31:05"
1053,100,0,0,0.271999999999998,12,"2026-10-02 17:31:05"
1054,100,0,0,0.258000000000003,12,"2026-10-02 17:31:05"
1055,100,0,0,0.232999999999997,12,"2026-10-02 17:31:05"
1056,100,0,0,0.247,12,"2026-10-02 17:31:05"
1057,100,0,0,0.280000000000001,12,"2026-10-02 17:31:05"
1058,100,0,0,0.255000000000003,12,"2026-10-02 17:31:05"
1059,100,0,0,0.234000000000002,12,"2026-10-02 17:31:05"
1060,100,0,0,0.247,12,"2026-10-02 17:31:05"
1061,100,0,0,0.240000000000002,12,"2026-10-02 17:31:05"
1062,100,0,0,0.288000000000004,12,"2026-10-02 17:31:05"
1063,100,0,0,0.280000000000001,12,"2026-10-02 17:31:05"
1064,100,0,0,0.247,12,"2026-10-02 17:31:05"
1065,100,0,0,0.241,12,"2026-10-02 17:31:05"
1066,100,0,0,0.248000000000005,12,"2026-10-02 17:31:05"
1067,100,0,0,0.234000000000002,12,"2026-10-02 17:31:05"
1068,100,0,0,0.270000000000003,12,"2026-10-02 17:31:05"
1069,100,0,0,0.243000000000002,12,"2026-10-02 17:31:05"
1070,100,0,0,0.262999999999998,12,"2026-10-02 17:31:05"
1071,100,0,0,0.249000000000002,12,"2026-10-02 17:31:05"
1072,100,0,0,0.264000000000003,12,"2026-10-02 17:31:05"
1073,100,0,0,0.299999999999997,12,"2026-10-02 17:31:05"
1074,100,0,0,0.254000000000005,12,"2026-10-02 17:31:05"
1075,100,0,0,0.227000000000004,12,"2026-10-02 17:31:05"
1076,100,0,0,0.256,12,"2026-10-02 17:31:05"
1077,100,0,0,0.265999999999998,12,"2026-10-02 17:31:05"
1078,100,0,0,0.271000000000001,12,"2026-10-02 17:31:05"
1079,100,0,0,0.274000000000001,12,"2026-10-02 17:31:05"
1080,100,0,0,0.255000000000003,12,"2026-10-02 17:31:05"
1081,100,0,0,0.262,12,"2026-10-02 17:31:05"
1082,100,0,0,0.241999999999997,12,"2026-10-02 17:31:05"
1083,100,0,0,0.269999999999996,12,"2026-10-02 17:31:05"
1084,100,0,0,0.254999999999995,12,"2026-10-02 17:31:05"
1085,100,0,0,0.256,12,"2026-10-02 17:31:05"
1086,100,0,0,0.260999999999996,12,"2026-10-02 17:31:05"
1087,100,0,0,0.268999999999998,12,"2026-10-02 17:31:05"
1088,100,0,0,0.263000000000005,12,"2026-10-02 17:31:05"
1089,100,0,0,0.291000000000004,12,"2026-10-02 17:31:05"
1090,100,1,0,0.271000000000001,12,"2026-10-02 17:31:05"
1091,100,1,0,0.25,12,"2026-10-02 17:31:05"
1092,100,0,0,0.253999999999998,12,"2026-10-02 17:31:05"
1093,100,0,0,0.259999999999998,12,"2026-10-02 17:31:05"
1094,100,0,0,0.286000000000001,12,"2026-10-02 17:31:05"
1095,100,0,0,0.286000000000001,12,"2026-10-02 17:31:05"
1096,100,0,0,0.255000000000003,12,"2026-10-02 17:31:05"
1097,100,0,0,0.242000000000004,12,"2026-10-02 17:31:05"
1098,100,0,0,0.305000000000007,12,"2026-10-02 17:31:05"
1099,100,0,0,0.286999999999999,12,"2026-10-02 17:31:05"
1100,100,0,0,0.266999999999996,12,"2026-10-02 17:31:05"
1101,100,0,0,0.292999999999999,12,"2026-10-02 17:31:05"
1102,100,0,0,0.300000000000004,12,"2026-10-02 17:31:05"
1103,100,0,0,0.299,12,"2026-10-02 17:31:05"
1104,100,0,0,0.281000000000006,12,"2026-10-02 17:31:05"
1105,100,0,0,0.292000000000002,12,"2026-10-02 17:31:05"
1106,100,0,0,0.299,12,"2026-10-02 17:31:05"
1107,100,0,0,0.292999999999999,12,"2026-10-02 17:31:05"
1108,100,0,0,0.299,12,"2026-10-02 17:31:05"
1109,100,0,0,0.290999999999997,12,"2026-10-02 17:31:05"
1110,100,0,0,0.276000000000003,12,"2026-10-02 17:31:05"
1111,100,0,0,0.318000000000005,12,"2026-10-02 17:31:05"
1112,100,0,0,0.283000000000001,12,"2026-10-02 17:31:05"
1113,100,0,0,0.308,12,"2026-10-02 17:31:05"
1114,100,0,0,0.298000000000002,12,"2026-10-02 17:31:05"
1115,100,0,0,0.288999999999994,12,"2026-10-02 17:31:05"
1116,100,0,0,0.292999999999999,12,"2026-10-02 17:31:05"
1117,100,0,0,0.274000000000001,12,"2026-10-02 17:31:05"
1118,100,0,0,0.324999999999996,12,"2026-10-02 17:31:05"
1119,100,0,0,0.288000000000004,12,"2026-10-02 17:31:05"
1120,100,0,0,0.289000000000001,12,"2026-10-02 17:31:05"
1121,100,0,0,0.299999999999997,12,"2026-10-02 17:31:05"
1122,100,0,0,0.331000000000003,12,"2026-10-02 17:31:05"
1123,100,0,0,0.308,12,"2026-10-02 17:31:05"
1124,100,0,0,0.294000000000004,12,"2026-10-02 17:31:05"
1125,100,0,0,0.295000000000002,12,"2026-10-02 17:31:05"
1126,100,0,0,0.313000000000002,12,"2026-10-02 17:31:05"
1127,100,0,0,0.313000000000002,12,"2026-10-02 17:31:05"
1128,100,0,0,0.283999999999999,12,"2026-10-02 17:31:05"
1129,100,0,0,0.295999999999999,12,"2026-10-02 17:31:05"
1130,100,0,0,0.305,12,"2026-10-02 17:31:05"
1131,100,0,0,0.299,12,"2026-10-02 17:31:05"
1132,100,0,0,0.295999999999999,12,"2026-10-02 17:31:05"
1133,100,0,0,0.321000000000005,12,"2026-10-02 17:31:05"
1134,100,1,0,0.313000000000002,12,"2026-10-02 17:31:05"
1135,100,0,0,0.323999999999998,12,"2026-10-02 17:31:05"
1136,100,0,0,0.285000000000004,12,"2026-10-02 17:31:05"
1137,100,0,0,0.299,12,"2026-10-02 17:31:05"
1138,100,0,0,0.274999999999999,12,"2026-10-02 17:31:05"
1139,100,0,0,0.305,12,"2026-10-02 17:31:05"
1140,100,0,0,0.327999999999996,12,"2026-10-02 17:31:05"
1141,100,1,0,0.297999999999995,12,"2026-10-02 17:31:05"
1142,100,0,0,0.289999999999999,12,"2026-10-02 17:31:05"
1143,100,0,0,0.289999999999999,12,"2026-10-02 17:31:05"
1144,100,0,0,0.305,12,"2026-10-02 17:31:05"
1145,100,0,0,0.273000000000003,12,"2026-10-02 17:31:05"
1146,100,0,0,0.305,12,"2026-10-02 17:31:05"
1147,100,1,0,0.323,12,"2026-10-02 17:31:05"
1148,100,0,0,0.283000000000001,12,"2026-10-02 17:31:05"
1149,100,0,0,0.298000000000002,12,"2026-10-02 17:31:05"
1150,100,0,0,0.260999999999996,12,"2026-10-02 17:31:05"
1151,100,0,0,0.266000000000005,12,"2026-10-02 17:31:05"
1152,100,0,0,0.265999999999998,12,"2026-10-02 17:31:05"
1153,100,0,0,0.274000000000001,12,"2026-10-02 17:31:05"
1154,100,0,0,0.280000000000001,12,"2026-10-02 17:31:05"
1155,100,0,0,0.274000000000001,12,"2026-10-02 17:31:05"
1156,100,0,0,0.262,12,"2026-10-02 17:31:05"
1157,100,0,0,0.285000000000004,12,"2026-10-02 17:31:05"
1158,100,0,0,0.286000000000001,12,"2026-10-02 17:31:05"
1159,100,0,0,0.289000000000001,12,"2026-10-02 17:31:05"
1160,100,0,0,0.291000000000004,12,"2026-10-02 17:31:05"
1161,100,0,0,0.295999999999999,12,"2026-10-02 17:31:05"
1162,100,0,0,0.274000000000001,12,"2026-10-02 17:31:05"
1163,100,0,0,0.302,12,"2026-10-02 17:31:05"
1164,100,0,0,0.299,12,"2026-10-02 17:31:05"
1165,100,0,0,0.302,12,"2026-10-02 17:31:05"
1166,100,1,0,0.284999999999997,12,"2026-10-02 17:31:05"
1167,100,0,0,0.292000000000002,12,"2026-10-02 17:31:05"
1168,100,0,0,0.262,12,"2026-10-02 17:31:05"
1169,100,0,0,0.271000000000001,12,"2026-10-02 17:31:05"
1170,100,0,0,0.292999999999999,12,"2026-10-02 17:31:05"
1171,100,1,0,0.290000000000006,12,"2026-10-02 17:31:05"
1172,100,1,0,0.260000000000005,12,"2026-10-02 17:31:05"
1173,100,0,0,0.325000000000003,12,"2026-10-02 17:31:05"
1174,100,0,0,0.292000000000002,12,"2026-10-02 17:31:05"
1175,100,0,0,0.289999999999999,12,"2026-10-02 17:31:05"
1176,100,0,0,0.295000000000002,12,"2026-10-02 17:31:05"
1177,100,0,0,0.315999999999995,12,"2026-10-02 17:31:05"
1178,100,1,0,0.306000000000004,12,"2026-10-02 17:31:05"
1179,100,0,0,0.304000000000002,12,"2026-10-02 17:31:05"
1180,100,0,0,0.286000000000001,12,"2026-10-02 17:31:05"
1181,100,0,0,0.280000000000001,12,"2026-10-02 17:31:05"
1182,100,0,0,0.277999999999999,12,"2026-10-02 17:31:05"
1183,100,0,0,0.32,12,"2026-10-02 17:31:05"
1184,100,0,0,0.287000000000006,12,"2026-10-02 17:31:05"
1185,100,0,0,0.319000000000003,12,"2026-10-02 17:31:05"
1186,100,0,0,0.319000000000003,12,"2026-10-02 17:31:05"
1187,100,0,0,0.309000000000005,12,"2026-10-02 17:31:05"
1188,100,0,0,0.315999999999995,12,"2026-10-02 17:31:05"
1189,100,0,0,0.299,12,"2026-10-02 17:31:05"
1190,100,0,0,0.314,12,"2026-10-02 17:31:05"
1191,100,0,0,0.286000000000001,12,"2026-10-02 17:31:05"
1192,100,0,0,0.283999999999999,12,"2026-10-02 17:31:05"
1193,100,0,0,0.293000000000006,12,"2026-10-02 17:31:05"
1194,100,0,0,0.313000000000002,12,"2026-10-02 17:31:05"
1195,100,0,0,0.283999999999999,12,"2026-10-02 17:31:05"
1196,100,0,0,0.284999999999997,12,"2026-10-02 17:31:05"
1197,100,0,0,0.308999999999997,12,"2026-10-02 17:31:05"
1198,100,0,0,0.286000000000001,12,"2026-10-02 17:31:05"
1199,100,0,0,0.279000000000003,12,"2026-10-02 17:31:05"
1200,100,0,0,0.268000000000001,12,"2026-10-02 17:31:05"
1201,100,0,0,0.210999999999999,12,"2026-10-02 17:31:05"
1202,100,0,0,0.222999999999999,12,"2026-10-02 17:31:05"
1203,100,0,0,0.209000000000003,12,"2026-10-02 17:31:05"
1204,100,0,0,0.228999999999999,12,"2026-10-02 17:31:05"
1205,100,0,0,0.222999999999999,12,"2026-10-02 17:31:05"
1206,100,0,0,0.228000000000002,12,"2026-10-02 17:31:05"
1207,100,0,0,0.225000000000001,12,"2026-10-02 17:31:05"
1208,100,0,0,0.220000000000006,12,"2026-10-02 17:31:05"
1209,100,0,0,0.241,12,"2026-10-02 17:31:05"
1210,100,0,0,0.234000000000002,12,"2026-10-02 17:31:05"
1211,100,0,0,0.225000000000001,12,"2026-10-02 17:31:05"
1212,100,0,0,0.253999999999998,12,"2026-10-02 17:31:05"
1213,100,0,0,0.204000000000001,12,"2026-10-02 17:31:05"
1214,100,0,0,0.235999999999997,12,"2026-10-02 17:31:05"
1215,100,0,0,0.213999999999999,12,"2026-10-02 17:31:05"
1216,100,0,0,0.240000000000002,12,"2026-10-02 17:31:05"
1217,100,0,0,0.228999999999999,12,"2026-10-02 17:31:05"
1218,100,0,0,0.213999999999999,12,"2026-10-02 17:31:05"
1219,100,0,0,0.244999999999997,12,"2026-10-02 17:31:05"
1220,100,0,0,0.245999999999995,12,"2026-10-02 17:31:05"
1221,100,0,0,0.241,12,"2026-10-02 17:31:05"
1222,100,0,0,0.225999999999999,12,"2026-10-02 17:31:05"
1223,100,0,0,0.225999999999999,12,"2026-10-02 17:31:05"
1224,100,0,0,0.207999999999998,12,"2026-10-02 17:31:05"
1225,100,0,0,0.215999999999994,12,"2026-10-02 17:31:05"
1226,100,0,0,0.244999999999997,12,"2026-10-02 17:31:05"
1227,100,0,0,0.218000000000004,12,"2026-10-02 17:31:05"
1228,100,0,0,0.225000000000001,12,"2026-10-02 17:31:05"
1229,100,0,0,0.234000000000002,12,"2026-10-02 17:31:05"
1230,100,0,0,0.235999999999997,12,"2026-10-02 17:31:05"
1231,100,0,0,0.211000000000006,12,"2026-10-02 17:31:05"
1232,100,0,0,0.227999999999994,12,"2026-10-02 17:31:05"
1233,100,0,0,0.203000000000003,12,"2026-10-02 17:31:05"
1234,100,0,0,0.203000000000003,12,"2026-10-02 17:31:05"
1235,100,0,0,0.241,12,"2026-10-02 17:31:05"
1236,100,0,0,0.229999999999997,12,"2026-10-02 17:31:05"
1237,100,0,0,0.213999999999999,12,"2026-10-02 17:31:05"
1238,100,0,0,0.204999999999998,12,"2026-10-02 17:31:05"
1239,100,0,0,0.232999999999997,12,"2026-10-02 17:31:05"
1240,100,0,0,0.196999999999996,12,"2026-10-02 17:31:05"
1241,100,0,0,0.197000000000003,12,"2026-10-02 17:31:05"
1242,100,0,0,0.216999999999999,12,"2026-10-02 17:31:05"
1243,100,0,0,0.199999999999996,12,"2026-10-02 17:31:05"
1244,100,0,0,0.234000000000002,12,"2026-10-02 17:31:05"
1245,100,0,0,0.222000000000001,12,"2026-10-02 17:31:05"
1246,100,0,0,0.259,12,"2026-10-02 17:31:05"
1247,100,0,0,0.235999999999997,12,"2026-10-02 17:31:05"
1248,100,0,0,0.195999999999998,12,"2026-10-02 17:31:05"
1249,100,0,0,0.221000000000004,12,"2026-10-02 17:31:05"
1250,100,0,0,0.216999999999999,12,"2026-10-02 17:31:05"
1251,100,0,0,0.241999999999997,12,"2026-10-02 17:31:05"
1252,100,0,0,0.213999999999999,12,"2026-10-02 17:31:05"
1253,100,0,0,0.231999999999999,12,"2026-10-02 17:31:05"
1254,100,0,0,0.224000000000004,12,"2026-10-02 17:31:05"
1255,100,0,0,0.204999999999998,12,"2026-10-02 17:31:05"
1256,100,0,0,0.223000000000006,12,"2026-10-02 17:31:05"
1257,100,0,0,0.219999999999999,12,"2026-10-02 17:31:05"
1258,100,0,0,0.224000000000004,12,"2026-10-02 17:31:05"
1259,100,0,0,0.229999999999997,12,"2026-10-02 17:31:05"
1260,100,0,0,0.208999999999996,12,"2026-10-02 17:31:05"
1261,100,0,0,0.212999999999994,12,"2026-10-02 17:31:05"
1262,100,0,0,0.201999999999998,12,"2026-10-02 17:31:05"
1263,100,0,0,0.223999999999997,12,"2026-10-02 17:31:05"
1264,100,0,0,0.207999999999998,12,"2026-10-02 17:31:05"
1265,100,0,0,0.204999999999998,12,"2026-10-02 17:31:05"
1266,100,0,0,0.243000000000002,12,"2026-10-02 17:31:05"
1267,100,0,0,0.224999999999994,12,"2026-10-02 17:31:05"
1268,100,0,0,0.209000000000003,12,"2026-10-02 17:31:05"
1269,100,0,0,0.213999999999999,12,"2026-10-02 17:31:05"
1270,100,0,0,0.207999999999998,12,"2026-10-02 17:31:05"
1271,100,0,0,0.204000000000001,12,"2026-10-02 17:31:05"
1272,100,0,0,0.213999999999999,12,"2026-10-02 17:31:05"
1273,100,0,0,0.203000000000003,12,"2026-10-02 17:31:05"
1274,100,0,0,0.210999999999999,12,"2026-10-02 17:31:05"
1275,100,0,0,0.206999999999994,12,"2026-10-02 17:31:05"
1276,100,0,0,0.225000000000001,12,"2026-10-02 17:31:05"
1277,100,0,0,0.224000000000004,12,"2026-10-02 17:31:05"
1278,100,0,0,0.208999999999996,12,"2026-10-02 17:31:05"
1279,100,0,0,0.213000000000001,12,"2026-10-02 17:31:05"
1280,100,0,0,0.220999999999997,12,"2026-10-02 17:31:05"
1281,100,0,0,0.222999999999999,12,"2026-10-02 17:31:05"
1282,100,0,0,0.217999999999996,12,"2026-10-02 17:31:05"
1283,100,0,0,0.219000000000001,12,"2026-10-02 17:31:05"
1284,100,0,0,0.238,12,"2026-10-02 17:31:05"
1285,100,0,0,0.202999999999996,12,"2026-10-02 17:31:05"
1286,100,0,0,0.217999999999996,12,"2026-10-02 17:31:05"
1287,100,0,0,0.242999999999995,12,"2026-10-02 17:31:05"
1288,100,0,0,0.215000000000003,12,"2026-10-02 17:31:05"
1289,100,0,0,0.212000000000003,12,"2026-10-02 17:31:05"
1290,100,0,0,0.207000000000001,12,"2026-10-02 17:31:05"
1291,100,0,0,0.216999999999999,12,"2026-10-02 17:31:05"
1292,100,0,0,0.224999999999994,12,"2026-10-02 17:31:05"
1293,100,0,0,0.206999999999994,12,"2026-10-02 17:31:05"
1294,100,0,0,0.210999999999999,12,"2026-10-02 17:31:05"
1295,100,0,0,0.227000000000004,12,"2026-10-02 17:31:05"
1296,100,0,0,0.228999999999999,12,"2026-10-02 17:31:05"
1297,100,0,0,0.204999999999998,12,"2026-10-02 17:31:05"
1298,100,0,0,0.223999999999997,12,"2026-10-02 17:31:05"
1299,100,0,0,0.216000000000001,12,"2026-10-02 17:31:05"
1300,100,0,0,0.228000000000002,12,"2026-10-02 17:31:05"
1301,100,0,0,0.240000000000002,12,"2026-10-02 17:31:05"
1302,100,0,0,0.262,12,"2026-10-02 17:31:05"
1303,100,0,0,0.259,12,"2026-10-02 17:31:05"
1304,100,0,0,0.269999999999996,12,"2026-10-02 17:31:05"
1305,100,0,0,0.231000000000002,12,"2026-10-02 17:31:05"
1306,100,0,0,0.242000000000004,12,"2026-10-02 17:31:05"
1307,100,0,0,0.253999999999998,12,"2026-10-02 17:31:05"
1308,100,0,0,0.239999999999995,12,"2026-10-02 17:31:05"
1309,100,0,0,0.257000000000005,12,"2026-10-02 17:31:05"
1310,100,0,0,0.237000000000002,12,"2026-10-02 17:31:05"
1311,100,1,0,0.261999999999993,12,"2026-10-02 17:31:05"
1312,100,0,0,0.272999999999996,12,"2026-10-02 17:31:05"
1313,100,0,0,0.25,12,"2026-10-02 17:31:05"
1314,100,0,0,0.277999999999999,12,"2026-10-02 17:31:05"
1315,100,0,0,0.262999999999998,12,"2026-10-02 17:31:05"
1316,100,0,0,0.248000000000005,12,"2026-10-02 17:31:05"
1317,100,0,0,0.268000000000001,12,"2026-10-02 17:31:05"
1318,100,0,0,0.249000000000002,12,"2026-10-02 17:31:05"
1319,100,0,0,0.259,12,"2026-10-02 17:31:05"
1320,100,0,0,0.253,12,"2026-10-02 17:31:05"
1321,100,0,0,0.255000000000003,12,"2026-10-02 17:31:05"
1322,100,0,0,0.282000000000004,12,"2026-10-02 17:31:05"
1323,100,0,0,0.274000000000001,12,"2026-10-02 17:31:05"
1324,100,0,0,0.253,12,"2026-10-02 17:31:05"
1325,100,0,0,0.247,12,"2026-10-02 17:31:05"
1326,100,0,0,0.256999999999998,12,"2026-10-02 17:31:05"
1327,100,0,0,0.257999999999996,12,"2026-10-02 17:31:05"
1328,100,0,0,0.253,12,"2026-10-02 17:31:05"
1329,100,0,0,0.243000000000002,12,"2026-10-02 17:31:05"
1330,100,0,0,0.231000000000002,12,"2026-10-02 17:31:05"
1331,100,0,0,0.227999999999994,12,"2026-10-02 17:31:05"
1332,100,0,0,0.256999999999998,12,"2026-10-02 17:31:05"
1333,100,0,0,0.261000000000003,12,"2026-10-02 17:31:05"
1334,100,0,0,0.274999999999999,12,"2026-10-02 17:31:05"
1335,100,0,0,0.245000000000005,12,"2026-10-02 17:31:05"
1336,100,0,0,0.262,12,"2026-10-02 17:31:05"
1337,100,0,0,0.259,12,"2026-10-02 17:31:05"
1338,100,0,0,0.300999999999995,12,"2026-10-02 17:31:05"
1339,100,0,0,0.240000000000002,12,"2026-10-02 17:31:05"
1340,100,0,0,0.219000000000001,12,"2026-10-02 17:31:05"
1341,100,0,0,0.237000000000002,12,"2026-10-02 17:31:05"
1342,100,0,0,0.225000000000001,12,"2026-10-02 17:31:05"
1343,100,0,0,0.243000000000002,12,"2026-10-02 17:31:05"
1344,100,0,0,0.219999999999999,12,"2026-10-02 17:31:05"
1345,100,0,0,0.277000000000001,12,"2026-10-02 17:31:05"
1346,100,0,0,0.249000000000002,12,"2026-10-02 17:31:05"
1347,100,0,0,0.240000000000002,12,"2026-10-02 17:31:05"
1348,100,0,0,0.231999999999999,12,"2026-10-02 17:31:05"
1349,100,0,0,0.237000000000002,12,"2026-10-02 17:31:05"
1350,100,0,0,0.237000000000002,12,"2026-10-02 17:31:05"
1351,100,0,0,0.250999999999998,12,"2026-10-02 17:31:05"
1352,100,0,0,0.266000000000005,12,"2026-10-02 17:31:05"
1353,100,0,0,0.225000000000001,12,"2026-10-02 17:31:05"
1354,100,0,0,0.215000000000003,12,"2026-10-02 17:31:05"
1355,100,0,0,0.226999999999997,12,"2026-10-02 17:31:05"
1356,100,0,0,0.262999999999998,12,"2026-10-02 17:31:05"
1357,100,0,0,0.253999999999998,12,"2026-10-02 17:31:05"
1358,100,0,0,0.261000000000003,12,"2026-10-02 17:31:05"
1359,100,0,0,0.244999999999997,12,"2026-10-02 17:31:05"
1360,100,0,0,0.238,12,"2026-10-02 17:31:05"
1361,100,0,0,0.232999999999997,12,"2026-10-02 17:31:05"
1362,100,0,0,0.25,12,"2026-10-02 17:31:05"
1363,100,0,0,0.237000000000002,12,"2026-10-02 17:31:05"
1364,100,0,0,0.241999999999997,12,"2026-10-02 17:31:05"
1365,100,0,0,0.244999999999997,12,"2026-10-02 17:31:05"
1366,100,0,0,0.247999999999998,12,"2026-10-02 17:31:05"
1367,100,0,0,0.242999999999995,12,"2026-10-02 17:31:05"
1368,100,0,0,0.261000000000003,12,"2026-10-02 17:31:05"
1369,100,0,0,0.241999999999997,12,"2026-10-02 17:31:05"
1370,100,0,0,0.234000000000002,12,"2026-10-02 17:31:05"
1371,100,0,0,0.25,12,"2026-10-02 17:31:05"
1372,100,0,0,0.245000000000005,12,"2026-10-02 17:31:05"
1373,100,0,0,0.25,12,"2026-10-02 17:31:05"
1374,100,0,0,0.222000000000001,12,"2026-10-02 17:31:05"
1375,100,0,0,0.222000000000001,12,"2026-10-02 17:31:05"
1376,100,0,0,0.225000000000001,12,"2026-10-02 17:31:05"
1377,100,0,0,0.228999999999999,12,"2026-10-02 17:31:05"
1378,100,0,0,0.266999999999996,12,"2026-10-02 17:31:05"
1379,100,0,0,0.253,12,"2026-10-02 17:31:05"
1380,100,0,0,0.229999999999997,12,"2026-10-02 17:31:05"
1381,100,0,0,0.238999999999997,12,"2026-10-02 17:31:05"
1382,100,0,0,0.248999999999995,12,"2026-10-02 17:31:05"
1383,100,0,0,0.256,12,"2026-10-02 17:31:05"
1384,100,0,0,0.25,12,"2026-10-02 17:31:05"
1385,100,0,0,0.233999999999995,12,"2026-10-02 17:31:05"
1386,100,0,0,0.289999999999999,12,"2026-10-02 17:31:05"
1387,100,0,0,0.256999999999998,12,"2026-10-02 17:31:05"
1388,100,0,0,0.249000000000002,12,"2026-10-02 17:31:05"
1389,100,0,0,0.265999999999998,12,"2026-10-02 17:31:05"
1390,100,0,0,0.265999999999998,12,"2026-10-02 17:31:05"
1391,100,0,0,0.240000000000002,12,"2026-10-02 17:31:05"
1392,100,0,0,0.256,12,"2026-10-02 17:31:05"
1393,100,0,0,0.222000000000001,12,"2026-10-02 17:31:05"
1394,100,0,0,0.251000000000005,12,"2026-10-02 17:31:05"
1395,100,0,0,0.25,12,"2026-10-02 17:31:05"
1396,100,0,0,0.247,12,"2026-10-02 17:31:05"
1397,100,0,0,0.252000000000002,12,"2026-10-02 17:31:05"
1398,100,0,0,0.259999999999998,12,"2026-10-02 17:31:05"
1399,100,0,0,0.234000000000002,12,"2026-10-02 17:31:05"
1400,100,0,0,0.262,12,"2026-10-02 17:31:05"
1401,100,0,0,0.289000000000001,12,"2026-10-02 17:31:05"
1402,100,0,0,0.262999999999998,12,"2026-10-02 17:31:05"
1403,100,0,0,0.271999999999998,12,"2026-10-02 17:31:05"
1404,100,0,0,0.268000000000001,12,"2026-10-02 17:31:05"
1405,100,0,0,0.277000000000001,12,"2026-10-02 17:31:05"
1406,100,1,0,0.265999999999998,12,"2026-10-02 17:31:05"
1407,100,0,0,0.266000000000005,12,"2026-10-02 17:31:05"
1408,100,0,0,0.268000000000001,12,"2026-10-02 17:31:05"
1409,100,0,0,0.291999999999994,12,"2026-10-02 17:31:05"
1410,100,0,0,0.295000000000002,12,"2026-10-02 17:31:05"
1411,100,0,0,0.274999999999999,12,"2026-10-02 17:31:05"
1412,100,0,0,0.291000000000004,12,"2026-10-02 17:31:05"
1413,100,0,0,0.301000000000002,12,"2026-10-02 17:31:05"
1414,100,0,0,0.277000000000001,12,"2026-10-02 17:31:05"
1415,100,0,0,0.242999999999995,12,"2026-10-02 17:31:05"
1416,100,0,0,0.246000000000002,12,"2026-10-02 17:31:05"
1417,100,0,0,0.289000000000001,12,"2026-10-02 17:31:05"
1418,100,0,0,0.257999999999996,12,"2026-10-02 17:31:05"
1419,100,0,0,0.286999999999999,12,"2026-10-02 17:31:05"
1420,100,0,0,0.274000000000001,12,"2026-10-02 17:31:05"
1421,100,0,0,0.305,12,"2026-10-02 17:31:05"
1422,100,0,0,0.300000000000004,12,"2026-10-02 17:31:05"
1423,100,0,0,0.293999999999997,12,"2026-10-02 17:31:05"
1424,100,0,0,0.300000000000004,12,"2026-10-02 17:31:05"
1425,100,0,0,0.271000000000001,12,"2026-10-02 17:31:05"
1426,100,0,0,0.292000000000002,12,"2026-10-02 17:31:05"
1427,100,0,0,0.289000000000001,12,"2026-10-02 17:31:05"
1428,100,0,0,0.253,12,"2026-10-02 17:31:05"
1429,100,0,0,0.289999999999999,12,"2026-10-02 17:31:05"
1430,100,0,0,0.328000000000003,12,"2026-10-02 17:31:05"
1431,100,0,0,0.313000000000002,12,"2026-10-02 17:31:05"
1432,100,0,0,0.283999999999999,12,"2026-10-02 17:31:05"
1433,100,1,0,0.287999999999997,12,"2026-10-02 17:31:05"
1434,100,0,0,0.267000000000003,12,"2026-10-02 17:31:05"
1435,100,0,0,0.272999999999996,12,"2026-10-02 17:31:05"
1436,100,0,0,0.267000000000003,12,"2026-10-02 17:31:05"
1437,100,0,0,0.263000000000005,12,"2026-10-02 17:31:05"
1438,100,0,0,0.272000000000006,12,"2026-10-02 17:31:05"
1439,100,0,0,0.280999999999999,12,"2026-10-02 17:31:05"
1440,100,0,0,0.253999999999998,12,"2026-10-02 17:31:05"
1441,100,0,0,0.272999999999996,12,"2026-10-02 17:31:05"
1442,100,0,0,0.302,12,"2026-10-02 17:31:05"
1443,100,0,0,0.290999999999997,12,"2026-10-02 17:31:05"
1444,100,0,0,0.271000000000001,12,"2026-10-02 17:31:05"
1445,100,0,0,0.299999999999997,12,"2026-10-02 17:31:05"
1446,100,0,0,0.258000000000003,12,"2026-10-02 17:31:05"
1447,100,0,0,0.252000000000002,12,"2026-10-02 17:31:05"
1448,100,0,0,0.259,12,"2026-10-02 17:31:05"
1449,100,0,0,0.265000000000001,12,"2026-10-02 17:31:05"
1450,100,0,0,0.304000000000002,12,"2026-10-02 17:31:05"
1451,100,0,0,0.274999999999999,12,"2026-10-02 17:31:05"
1452,100,0,0,0.253999999999998,12,"2026-10-02 17:31:05"
1453,100,0,0,0.272999999999996,12,"2026-10-02 17:31:05"
1454,100,0,0,0.255000000000003,12,"2026-10-02 17:31:05"
1455,100,0,0,0.247999999999998,12,"2026-10-02 17:31:05"
1456,100,0,0,0.280000000000001,12,"2026-10-02 17:31:05"
1457,100,0,0,0.32,12,"2026-10-02 17:31:05"
1458,100,0,0,0.302,12,"2026-10-02 17:31:05"
1459,100,0,0,0.293999999999997,12,"2026-10-02 17:31:05"
1460,100,0,0,0.283999999999999,12,"2026-10-02 17:31:05"
1461,100,0,0,0.257999999999996,12,"2026-10-02 17:31:05"
1462,100,0,0,0.257999999999996,12,"2026-10-02 17:31:05"
1463,100,0,0,0.253999999999998,12,"2026-10-02 17:31:05"
1464,100,0,0,0.288000000000004,12,"2026-10-02 17:31:05"
1465,100,1,0,0.280000000000001,12,"2026-10-02 17:31:05"
1466,100,0,0,0.259,12,"2026-10-02 17:31:05"
1467,100,0,0,0.283000000000001,12,"2026-10-02 17:31:05"
1468,100,0,0,0.280999999999999,12,"2026-10-02 17:31:05"
1469,100,0,0,0.296999999999997,12,"2026-10-02 17:31:05"
1470,100,0,0,0.262,12,"2026-10-02 17:31:05"
1471,100,0,0,0.261000000000003,12,"2026-10-02 17:31:05"
1472,100,0,0,0.258000000000003,12,"2026-10-02 17:31:05"
1473,100,0,0,0.280999999999999,12,"2026-10-02 17:31:05"
1474,100,0,0,0.278999999999996,12,"2026-10-02 17:31:05"
1475,100,0,0,0.262,12,"2026-10-02 17:31:05"
1476,100,0,0,0.274999999999999,12,"2026-10-02 17:31:05"
1477,100,0,0,0.281999999999996,12,"2026-10-02 17:31:05"
1478,100,0,0,0.268999999999998,12,"2026-10-02 17:31:05"
1479,100,0,0,0.256,12,"2026-10-02 17:31:05"
1480,100,0,0,0.285999999999994,12,"2026-10-02 17:31:05"
1481,100,0,0,0.282000000000004,12,"2026-10-02 17:31:05"
1482,100,0,0,0.244,12,"2026-10-02 17:31:05"
1483,100,0,0,0.271000000000001,12,"2026-10-02 17:31:05"
1484,100,0,0,0.289999999999999,12,"2026-10-02 17:31:05"
1485,100,0,0,0.284000000000006,12,"2026-10-02 17:31:05"
1486,100,0,0,0.265999999999998,12,"2026-10-02 17:31:05"
1487,100,0,0,0.262,12,"2026-10-02 17:31:05"
1488,100,0,0,0.277000000000001,12,"2026-10-02 17:31:05"
1489,100,0,0,0.269999999999996,12,"2026-10-02 17:31:05"
1490,100,1,0,0.274000000000001,12,"2026-10-02 17:31:05"
1491,100,0,0,0.252000000000002,12,"2026-10-02 17:31:05"
1492,100,0,0,0.275000000000006,12,"2026-10-02 17:31:05"
1493,100,0,0,0.292000000000002,12,"2026-10-02 17:31:05"
1494,100,1,0,0.294000000000004,12,"2026-10-02 17:31:05"
1495,100,0,0,0.297000000000004,12,"2026-10-02 17:31:05"
1496,100,0,0,0.273000000000003,12,"2026-10-02 17:31:05"
1497,100,0,0,0.302,12,"2026-10-02 17:31:05"
1498,100,0,0,0.284999999999997,12,"2026-10-02 17:31:05"
1499,100,0,0,0.295000000000002,12,"2026-10-02 17:31:05"
1500,100,0,0,0.290999999999997,12,"2026-10-02 17:31:05"
1501,100,0,0,0.311999999999998,12,"2026-10-02 17:31:05"
1502,100,0,0,0.286999999999999,12,"2026-10-02 17:31:05"
1503,100,0,0,0.32,12,"2026-10-02 17:31:05"
1504,100,0,0,0.292000000000002,12,"2026-10-02 17:31:05"
1505,100,0,0,0.289999999999999,12,"2026-10-02 17:31:05"
1506,100,0,0,0.280999999999999,12,"2026-10-02 17:31:05"
1507,100,0,0,0.320999999999998,12,"2026-10-02 17:31:05"
1508,100,1,0,0.301000000000002,12,"2026-10-02 17:31:05"
1509,100,0,0,0.309999999999995,12,"2026-10-02 17:31:05"
1510,100,0,0,0.327999999999996,12,"2026-10-02 17:31:05"
1511,100,0,0,0.326,12,"2026-10-02 17:31:05"
1512,100,0,0,0.314999999999998,12,"2026-10-02 17:31:05"
1513,100,0,0,0.344000000000001,12,"2026-10-02 17:31:05"
1514,100,0,0,0.311,12,"2026-10-02 17:31:05"
1515,100,0,0,0.317,12,"2026-10-02 17:31:05"
1516,100,0,0,0.315999999999995,12,"2026-10-02 17:31:05"
1517,100,0,0,0.299999999999997,12,"2026-10-02 17:31:05"
1518,100,0,0,0.308,12,"2026-10-02 17:31:05"
1519,100,0,0,0.331000000000003,12,"2026-10-02 17:31:05"
1520,100,1,0,0.282000000000004,12,"2026-10-02 17:31:05"
1521,100,0,0,0.308,12,"2026-10-02 17:31:05"
1522,100,0,0,0.296999999999997,12,"2026-10-02 17:31:05"
1523,100,0,0,0.284999999999997,12,"2026-10-02 17:31:05"
1524,100,0,0,0.297999999999995,12,"2026-10-02 17:31:05"
1525,100,0,0,0.352999999999994,12,"2026-10-02 17:31:05"
1526,100,0,0,0.296999999999997,12,"2026-10-02 17:31:05"
1527,100,0,0,0.288999999999994,12,"2026-10-02 17:31:05"
1528,100,0,0,0.290999999999997,12,"2026-10-02 17:31:05"
1529,100,0,0,0.286000000000001,12,"2026-10-02 17:31:05"
1530,100,0,0,0.305,12,"2026-10-02 17:31:05"
1531,100,1,0,0.322000000000003,12,"2026-10-02 17:31:05"
1532,100,0,0,0.295999999999999,12,"2026-10-02 17:31:05"
1533,100,0,0,0.32,12,"2026-10-02 17:31:05"
1534,100,0,0,0.282999999999994,12,"2026-10-02 17:31:05"
1535,100,0,0,0.300999999999995,12,"2026-10-02 17:31:05"
1536,100,0,0,0.289999999999999,12,"2026-10-02 17:31:05"
1537,100,0,0,0.269000000000005,12,"2026-10-02 17:31:05"
1538,100,0,0,0.272999999999996,12,"2026-10-02 17:31:05"
1539,100,0,0,0.300000000000004,12,"2026-10-02 17:31:05"
1540,100,0,0,0.286000000000001,12,"2026-10-02 17:31:05"
1541,100,0,0,0.308,12,"2026-10-02 17:31:05"
1542,100,0,0,0.274999999999999,12,"2026-10-02 17:31:05"
1543,100,1,0,0.310000000000002,12,"2026-10-02 17:31:05"
1544,100,0,0,0.295000000000002,12,"2026-10-02 17:31:05"
1545,100,0,0,0.308999999999997,12,"2026-10-02 17:31:05"
1546,100,0,0,0.365000000000002,12,"2026-10-02 17:31:05"
1547,100,1,0,0.318999999999996,12,"2026-10-02 17:31:05"
1548,100,0,0,0.280000000000001,12,"2026-10-02 17:31:05"
1549,100,0,0,0.327999999999996,12,"2026-10-02 17:31:05"
1550,100,0,0,0.344000000000001,12,"2026-10-02 17:31:05"
1551,100,0,0,0.299999999999997,12,"2026-10-02 17:31:05"
1552,100,0,0,0.304000000000002,12,"2026-10-02 17:31:05"
1553,100,0,0,0.292000000000002,12,"2026-10-02 17:31:05"
1554,100,0,0,0.278999999999996,12,"2026-10-02 17:31:05"
1555,100,0,0,0.283999999999999,12,"2026-10-02 17:31:05"
1556,100,0,0,0.286999999999999,12,"2026-10-02 17:31:05"
1557,100,0,0,0.269000000000005,12,"2026-10-02 17:31:05"
1558,100,0,0,0.271999999999998,12,"2026-10-02 17:31:05"
1559,100,0,0,0.301000000000002,12,"2026-10-02 17:31:05"
1560,100,0,0,0.278999999999996,12,"2026-10-02 17:31:05"
1561,100,0,0,0.288000000000004,12,"2026-10-02 17:31:05"
1562,100,0,0,0.318999999999996,12,"2026-10-02 17:31:05"
1563,100,0,0,0.300000000000004,12,"2026-10-02 17:31:05"
1564,100,0,0,0.295999999999999,12,"2026-10-02 17:31:05"
1565,100,0,0,0.302,12,"2026-10-02 17:31:05"
1566,100,0,0,0.327000000000005,12,"2026-10-02 17:31:05"
1567,100,0,0,0.289999999999999,12,"2026-10-02 17:31:05"
1568,100,0,0,0.297999999999995,12,"2026-10-02 17:31:05"
1569,100,0,0,0.290999999999997,12,"2026-10-02 17:31:05"
1570,100,0,0,0.314999999999998,12,"2026-10-02 17:31:05"
1571,100,0,0,0.32,12,"2026-10-02 17:31:05"
1572,100,0,0,0.290999999999997,12,"2026-10-02 17:31:05"
1573,100,0,0,0.289999999999999,12,"2026-10-02 17:31:05"
1574,100,0,0,0.309999999999995,12,"2026-10-02 17:31:05"
1575,100,0,0,0.289000000000001,12,"2026-10-02 17:31:05"
1576,100,0,0,0.314,12,"2026-10-02 17:31:05"
1577,100,0,0,0.311,12,"2026-10-02 17:31:05"
1578,100,0,0,0.350999999999999,12,"2026-10-02 17:31:05"
1579,100,0,0,0.347000000000001,12,"2026-10-02 17:31:05"
1580,100,0,0,0.324000000000005,12,"2026-10-02 17:31:05"
1581,100,0,0,0.314999999999998,12,"2026-10-02 17:31:05"
1582,100,0,0,0.329000000000001,12,"2026-10-02 17:31:05"
1583,100,0,0,0.309000000000005,12,"2026-10-02 17:31:05"
1584,100,1,0,0.311999999999998,12,"2026-10-02 17:31:05"
1585,100,1,0,0.289000000000001,12,"2026-10-02 17:31:05"
1586,100,0,0,0.305,12,"2026-10-02 17:31:05"
1587,100,0,0,0.301000000000002,12,"2026-10-02 17:31:05"
1588,100,0,0,0.274000000000001,12,"2026-10-02 17:31:05"
1589,100,2,0,0.331000000000003,12,"2026-10-02 17:31:05"
1590,100,0,0,0.321999999999996,12,"2026-10-02 17:31:05"
1591,100,0,0,0.321000000000005,12,"2026-10-02 17:31:05"
1592,100,0,0,0.284999999999997,12,"2026-10-02 17:31:05"
1593,100,0,0,0.315999999999995,12,"2026-10-02 17:31:05"
1594,100,0,0,0.309999999999995,12,"2026-10-02 17:31:05"
1595,100,0,0,0.326999999999998,12,"2026-10-02 17:31:05"
1596,100,0,0,0.283000000000001,12,"2026-10-02 17:31:05"
1597,100,0,0,0.356000000000002,12,"2026-10-02 17:31:05"
1598,100,1,0,0.304000000000002,12,"2026-10-02 17:31:05"
1599,100,0,0,0.298000000000002,12,"2026-10-02 17:31:05"
1600,100,0,0,0.309000000000005,12,"2026-10-02 17:31:05"
1601,100,0,0,0.220999999999997,12,"2026-10-02 17:31:05"
1602,100,0,0,0.220999999999997,12,"2026-10-02 17:31:05"
1603,100,0,0,0.228000000000002,12,"2026-10-02 17:31:05"
1604,100,0,0,0.228999999999999,12,"2026-10-02 17:31:05"
1605,100,0,0,0.231000000000002,12,"2026-10-02 17:31:05"
1606,100,0,0,0.230000000000004,12,"2026-10-02 17:31:05"
1607,100,0,0,0.208999999999996,12,"2026-10-02 17:31:05"
1608,100,0,0,0.220999999999997,12,"2026-10-02 17:31:05"
1609,100,0,0,0.216000000000001,12,"2026-10-02 17:31:05"
1610,100,0,0,0.244,12,"2026-10-02 17:31:05"
1611,100,0,0,0.213000000000001,12,"2026-10-02 17:31:05"
1612,100,0,0,0.252000000000002,12,"2026-10-02 17:31:05"
1613,100,0,0,0.210999999999999,12,"2026-10-02 17:31:05"
1614,100,0,0,0.216999999999999,12,"2026-10-02 17:31:05"
1615,100,0,0,0.244999999999997,12,"2026-10-02 17:31:05"
1616,100,0,0,0.225000000000001,12,"2026-10-02 17:31:05"
1617,100,0,0,0.231000000000002,12,"2026-10-02 17:31:05"
1618,100,0,0,0.220999999999997,12,"2026-10-02 17:31:05"
1619,100,0,0,0.207000000000001,12,"2026-10-02 17:31:05"
1620,100,0,0,0.224999999999994,12,"2026-10-02 17:31:05"
1621,100,0,0,0.238,12,"2026-10-02 17:31:05"
1622,100,0,0,0.219000000000001,12,"2026-10-02 17:31:05"
1623,100,0,0,0.225000000000001,12,"2026-10-02 17:31:05"
1624,100,0,0,0.244999999999997,12,"2026-10-02 17:31:05"
1625,100,0,0,0.219000000000001,12,"2026-10-02 17:31:05"
1626,100,0,0,0.235999999999997,12,"2026-10-02 17:31:05"
1627,100,0,0,0.204000000000001,12,"2026-10-02 17:31:05"
1628,100,0,0,0.275999999999996,12,"2026-10-02 17:31:05"
1629,100,0,0,0.213000000000001,12,"2026-10-02 17:31:05"
1630,100,0,0,0.214999999999996,12,"2026-10-02 17:31:05"
1631,100,0,0,0.218000000000004,12,"2026-10-02 17:31:05"
1632,100,0,0,0.217000000000006,12,"2026-10-02 17:31:05"
1633,100,0,0,0.223999999999997,12,"2026-10-02 17:31:05"
1634,100,0,0,0.225000000000001,12,"2026-10-02 17:31:05"
1635,100,0,0,0.214999999999996,12,"2026-10-02 17:31:05"
1636,100,0,0,0.225000000000001,12,"2026-10-02 17:31:05"
1637,100,0,0,0.219000000000001,12,"2026-10-02 17:31:05"
1638,100,0,0,0.199000000000005,12,"2026-10-02 17:31:05"
1639,100,0,0,0.209999999999994,12,"2026-10-02 17:31:05"
1640,100,0,0,0.223000000000006,12,"2026-10-02 17:31:05"
1641,100,0,0,0.234999999999999,12,"2026-10-02 17:31:05"
1642,100,0,0,0.227000000000004,12,"2026-10-02 17:31:05"
1643,100,0,0,0.201999999999998,12,"2026-10-02 17:31:05"
1644,100,0,0,0.231999999999999,12,"2026-10-02 17:31:05"
1645,100,0,0,0.223000000000006,12,"2026-10-02 17:31:05"
1646,100,0,0,0.226000000000006,12,"2026-10-02 17:31:05"
1647,100,0,0,0.237000000000002,12,"2026-10-02 17:31:05"
1648,100,0,0,0.195999999999998,12,"2026-10-02 17:31:05"
1649,100,0,0,0.244999999999997,12,"2026-10-02 17:31:05"
1650,100,0,0,0.227000000000004,12,"2026-10-02 17:31:05"
1651,100,0,0,0.274000000000001,12,"2026-10-02 17:31:05"
1652,100,0,0,0.249000000000002,12,"2026-10-02 17:31:05"
1653,100,0,0,0.268999999999998,12,"2026-10-02 17:31:05"
1654,100,0,0,0.228000000000002,12,"2026-10-02 17:31:05"
1655,100,0,0,0.244,12,"2026-10-02 17:31:05"
1656,100,0,0,0.256,12,"2026-10-02 17:31:05"
1657,100,0,0,0.237000000000002,12,"2026-10-02 17:31:05"
1658,100,0,0,0.233000000000004,12,"2026-10-02 17:31:05"
1659,100,0,0,0.253,12,"2026-10-02 17:31:05"
1660,100,0,0,0.238,12,"2026-10-02 17:31:05"
1661,100,0,0,0.233000000000004,12,"2026-10-02 17:31:05"
1662,100,0,0,0.211999999999996,12,"2026-10-02 17:31:05"
1663,100,0,0,0.208999999999996,12,"2026-10-02 17:31:05"
1664,100,0,0,0.245999999999995,12,"2026-10-02 17:31:05"
1665,100,0,0,0.241999999999997,12,"2026-10-02 17:31:05"
1666,100,0,0,0.232000000000006,12,"2026-10-02 17:31:05"
1667,100,0,0,0.222999999999999,12,"2026-10-02 17:31:05"
1668,100,0,0,0.234000000000002,12,"2026-10-02 17:31:05"
1669,100,0,0,0.274000000000001,12,"2026-10-02 17:31:05"
1670,100,0,0,0.217999999999996,12,"2026-10-02 17:31:05"
1671,100,0,0,0.238,12,"2026-10-02 17:31:05"
1672,100,0,0,0.241,12,"2026-10-02 17:31:05"
1673,100,0,0,0.230999999999995,12,"2026-10-02 17:31:05"
1674,100,0,0,0.223999999999997,12,"2026-10-02 17:31:05"
1675,100,0,0,0.225000000000001,12,"2026-10-02 17:31:05"
1676,100,0,0,0.233000000000004,12,"2026-10-02 17:31:05"
1677,100,0,0,0.210999999999999,12,"2026-10-02 17:31:05"
1678,100,0,0,0.224000000000004,12,"2026-10-02 17:31:05"
1679,100,0,0,0.222999999999999,12,"2026-10-02 17:31:05"
1680,100,0,0,0.242000000000004,12,"2026-10-02 17:31:05"
1681,100,0,0,0.234999999999999,12,"2026-10-02 17:31:05"
1682,100,0,0,0.225999999999999,12,"2026-10-02 17:31:05"
1683,100,0,0,0.223999999999997,12,"2026-10-02 17:31:05"
1684,100,0,0,0.228999999999999,12,"2026-10-02 17:31:05"
1685,100,0,0,0.213000000000001,12,"2026-10-02 17:31:05"
1686,100,0,0,0.233000000000004,12,"2026-10-02 17:31:05"
1687,100,0,0,0.222000000000001,12,"2026-10-02 17:31:05"
1688,100,0,0,0.240000000000002,12,"2026-10-02 17:31:05"
1689,100,0,0,0.222999999999999,12,"2026-10-02 17:31:05"
1690,100,0,0,0.225999999999999,12,"2026-10-02 17:31:05"
1691,100,0,0,0.218999999999994,12,"2026-10-02 17:31:05"
1692,100,0,0,0.217999999999996,12,"2026-10-02 17:31:05"
1693,100,0,0,0.223999999999997,12,"2026-10-02 17:31:05"
1694,100,0,0,0.245000000000005,12,"2026-10-02 17:31:05"
1695,100,0,0,0.230000000000004,12,"2026-10-02 17:31:05"
1696,100,0,0,0.237000000000002,12,"2026-10-02 17:31:05"
1697,100,0,0,0.234999999999999,12,"2026-10-02 17:31:05"
1698,100,0,0,0.209999999999994,12,"2026-10-02 17:31:05"
1699,100,0,0,0.234000000000002,12,"2026-10-02 17:31:05"
1700,100,0,0,0.242000000000004,12,"2026-10-02 17:31:05"
1701,100,0,0,0.276000000000003,12,"2026-10-02 17:31:05"
1702,100,0,0,0.243000000000002,12,"2026-10-02 17:31:05"
1703,100,0,0,0.233000000000004,12,"2026-10-02 17:31:05"
1704,100,0,0,0.273000000000003,12,"2026-10-02 17:31:05"
1705,100,0,0,0.262,12,"2026-10-02 17:31:05"
1706,100,0,0,0.230000000000004,12,"2026-10-02 17:31:05"
1707,100,0,0,0.276000000000003,12,"2026-10-02 17:31:05"
1708,100,0,0,0.290999999999997,12,"2026-10-02 17:31:05"
1709,100,1,0,0.243000000000002,12,"2026-10-02 17:31:05"
1710,100,0,0,0.271999999999998,12,"2026-10-02 17:31:05"
1711,100,0,0,0.275000000000006,12,"2026-10-02 17:31:05"
1712,100,0,0,0.227000000000004,12,"2026-10-02 17:31:05"
1713,100,0,0,0.259999999999998,12,"2026-10-02 17:31:05"
1714,100,0,0,0.234000000000002,12,"2026-10-02 17:31:05"
1715,100,0,0,0.298000000000002,12,"2026-10-02 17:31:05"
1716,100,0,0,0.240000000000002,12,"2026-10-02 17:31:05"
1717,100,0,0,0.280999999999999,12,"2026-10-02 17:31:05"
1718,100,0,0,0.228000000000002,12,"2026-10-02 17:31:05"
1719,100,0,0,0.25,12,"2026-10-02 17:31:05"
1720,100,0,0,0.247,12,"2026-10-02 17:31:05"
1721,100,0,0,0.220999999999997,12,"2026-10-02 17:31:05"
1722,100,0,0,0.228000000000002,12,"2026-10-02 17:31:05"
1723,100,0,0,0.271999999999998,12,"2026-10-02 17:31:05"
1724,100,0,0,0.245999999999995,12,"2026-10-02 17:31:05"
1725,100,0,0,0.260999999999996,12,"2026-10-02 17:31:05"
1726,100,0,0,0.264000000000003,12,"2026-10-02 17:31:05"
1727,100,0,0,0.253999999999998,12,"2026-10-02 17:31:05"
1728,100,0,0,0.227000000000004,12,"2026-10-02 17:31:05"
1729,100,0,0,0.259,12,"2026-10-02 17:31:05"
1730,100,0,0,0.234999999999999,12,"2026-10-02 17:31:05"
1731,100,0,0,0.243000000000002,12,"2026-10-02 17:31:05"
1732,100,0,0,0.232999999999997,12,"2026-10-02 17:31:05"
1733,100,0,0,0.242999999999995,12,"2026-10-02 17:31:05"
1734,100,0,0,0.241,12,"2026-10-02 17:31:05"
1735,100,0,0,0.25,12,"2026-10-02 17:31:05"
1736,100,0,0,0.302999999999997,12,"2026-10-02 17:31:05"
1737,100,0,0,0.284999999999997,12,"2026-10-02 17:31:05"
1738,100,0,0,0.277000000000001,12,"2026-10-02 17:31:05"
1739,100,0,0,0.234000000000002,12,"2026-10-02 17:31:05"
1740,100,0,0,0.264000000000003,12,"2026-10-02 17:31:05"
1741,100,0,0,0.283999999999999,12,"2026-10-02 17:31:05"
1742,100,0,0,0.247,12,"2026-10-02 17:31:05"
1743,100,0,0,0.227999999999994,12,"2026-10-02 17:31:05"
1744,100,0,0,0.241,12,"2026-10-02 17:31:05"
1745,100,0,0,0.282000000000004,12,"2026-10-02 17:31:05"
1746,100,0,0,0.233000000000004,12,"2026-10-02 17:31:05"
1747,100,0,0,0.277000000000001,12,"2026-10-02 17:31:05"
1748,100,0,0,0.244,12,"2026-10-02 17:31:05"
1749,100,1,0,0.25,12,"2026-10-02 17:31:05"
1750,100,0,0,0.250999999999998,12,"2026-10-02 17:31:05"
1751,100,0,0,0.247,12,"2026-10-02 17:31:05"
1752,100,0,0,0.266999999999996,12,"2026-10-02 17:31:05"
1753,100,0,0,0.244999999999997,12,"2026-10-02 17:31:05"
1754,100,0,0,0.235999999999997,12,"2026-10-02 17:31:05"
1755,100,0,0,0.245999999999995,12,"2026-10-02 17:31:05"
1756,100,0,0,0.237000000000002,12,"2026-10-02 17:31:05"
1757,100,0,0,0.235000000000007,12,"2026-10-02 17:31:05"
1758,100,0,0,0.238999999999997,12,"2026-10-02 17:31:05"
1759,100,0,0,0.266000000000005,12,"2026-10-02 17:31:05"
1760,100,0,0,0.250999999999998,12,"2026-10-02 17:31:05"
1761,100,0,0,0.271999999999998,12,"2026-10-02 17:31:05"
1762,100,0,0,0.240000000000002,12,"2026-10-02 17:31:05"
1763,100,0,0,0.241,12,"2026-10-02 17:31:05"
1764,100,0,0,0.258000000000003,12,"2026-10-02 17:31:05"
1765,100,0,0,0.268999999999998,12,"2026-10-02 17:31:05"
1766,100,0,0,0.272999999999996,12,"2026-10-02 17:31:05"
1767,100,0,0,0.270000000000003,12,"2026-10-02 17:31:05"
1768,100,0,0,0.267000000000003,12,"2026-10-02 17:31:05"
1769,100,0,0,0.25,12,"2026-10-02 17:31:05"
1770,100,0,0,0.341999999999999,12,"2026-10-02 17:31:05"
1771,100,0,0,0.265999999999998,12,"2026-10-02 17:31:05"
1772,100,0,0,0.277000000000001,12,"2026-10-02 17:31:05"
1773,100,0,0,0.241000000000007,12,"2026-10-02 17:31:05"
1774,100,0,0,0.280000000000001,12,"2026-10-02 17:31:05"
1775,100,1,0,0.243000000000002,12,"2026-10-02 17:31:05"
1776,100,0,0,0.264000000000003,12,"2026-10-02 17:31:05"
1777,100,0,0,0.257000000000005,12,"2026-10-02 17:31:05"
1778,100,0,0,0.241,12,"2026-10-02 17:31:05"
1779,100,0,0,0.290999999999997,12,"2026-10-02 17:31:05"
1780,100,0,0,0.241,12,"2026-10-02 17:31:05"
1781,100,0,0,0.248999999999995,12,"2026-10-02 17:31:05"
1782,100,0,0,0.285000000000004,12,"2026-10-02 17:31:05"
1783,100,0,0,0.275999999999996,12,"2026-10-02 17:31:05"
1784,100,0,0,0.275999999999996,12,"2026-10-02 17:31:05"
1785,100,0,0,0.266999999999996,12,"2026-10-02 17:31:05"
1786,100,0,0,0.277999999999999,12,"2026-10-02 17:31:05"
1787,100,0,0,0.265999999999998,12,"2026-10-02 17:31:05"
1788,100,0,0,0.259999999999998,12,"2026-10-02 17:31:05"
1789,100,0,0,0.268999999999998,12,"2026-10-02 17:31:05"
1790,100,0,0,0.256999999999998,12,"2026-10-02 17:31:05"
1791,100,0,0,0.255000000000003,12,"2026-10-02 17:31:05"
1792,100,0,0,0.247999999999998,12,"2026-10-02 17:31:05"
1793,100,0,0,0.256,12,"2026-10-02 17:31:05"
1794,100,0,0,0.270000000000003,12,"2026-10-02 17:31:05"
1795,100,0,0,0.259999999999998,12,"2026-10-02 17:31:05"
1796,100,0,0,0.283999999999999,12,"2026-10-02 17:31:05"
1797,100,0,0,0.267000000000003,12,"2026-10-02 17:31:05"
1798,100,0,0,0.231999999999999,12,"2026-10-02 17:31:05"
1799,100,0,0,0.278999999999996,12,"2026-10-02 17:31:05"
1800,100,0,0,0.273000000000003,12,"2026-10-02 17:31:05"
1801,100,1,0,0.348999999999997,12,"2026-10-02 17:31:05"
1802,100,1,0,0.292999999999999,12,"2026-10-02 17:31:05"
1803,100,0,0,0.288000000000004,12,"2026-10-02 17:31:05"
1804,100,0,0,0.309000000000005,12,"2026-10-02 17:31:05"
1805,100,0,0,0.278000000000006,12,"2026-10-02 17:31:05"
1806,100,1,0,0.272999999999996,12,"2026-10-02 17:31:05"
1807,100,0,0,0.302000000000007,12,"2026-10-02 17:31:05"
1808,100,0,0,0.296999999999997,12,"2026-10-02 17:31:05"
1809,100,0,0,0.277000000000001,12,"2026-10-02 17:31:05"
1810,100,0,0,0.276000000000003,12,"2026-10-02 17:31:05"
1811,100,0,0,0.295999999999999,12,"2026-10-02 17:31:05"
1812,100,0,0,0.262999999999998,12,"2026-10-02 17:31:05"
1813,100,0,0,0.288999999999994,12,"2026-10-02 17:31:05"
1814,100,0,0,0.289000000000001,12,"2026-10-02 17:31:05"
1815,100,0,0,0.270000000000003,12,"2026-10-02 17:31:05"
1816,100,0,0,0.289999999999999,12,"2026-10-02 17:31:05"
1817,100,0,0,0.290999999999997,12,"2026-10-02 17:31:05"
1818,100,0,0,0.254000000000005,12,"2026-10-02 17:31:05"
1819,100,0,0,0.262,12,"2026-10-02 17:31:05"
1820,100,0,0,0.274000000000001,12,"2026-10-02 17:31:05"
1821,100,0,0,0.269000000000005,12,"2026-10-02 17:31:05"
1822,100,0,0,0.277999999999999,12,"2026-10-02 17:31:05"
1823,100,0,0,0.275999999999996,12,"2026-10-02 17:31:05"
1824,100,0,0,0.259999999999998,12,"2026-10-02 17:31:05"
1825,100,0,0,0.275000000000006,12,"2026-10-02 17:31:05"
1826,100,0,0,0.272999999999996,12,"2026-10-02 17:31:05"
1827,100,0,0,0.258000000000003,12,"2026-10-02 17:31:05"
1828,100,0,0,0.294999999999995,12,"2026-10-02 17:31:05"
1829,100,1,0,0.280000000000001,12,"2026-10-02 17:31:05"
1830,100,0,0,0.286000000000001,12,"2026-10-02 17:31:05"
1831,100,0,0,0.257999999999996,12,"2026-10-02 17:31:05"
1832,100,0,0,0.272999999999996,12,"2026-10-02 17:31:05"
1833,100,0,0,0.273000000000003,12,"2026-10-02 17:31:05"
1834,100,0,0,0.315000000000005,12,"2026-10-02 17:31:05"
1835,100,0,0,0.302999999999997,12,"2026-10-02 17:31:05"
1836,100,0,0,0.290999999999997,12,"2026-10-02 17:31:05"
1837,100,1,0,0.279999999999994,12,"2026-10-02 17:31:05"
1838,100,0,0,0.268000000000001,12,"2026-10-02 17:31:05"
1839,100,0,0,0.330999999999996,12,"2026-10-02 17:31:05"
1840,100,0,0,0.295999999999999,12,"2026-10-02 17:31:05"
1841,100,0,0,0.292999999999999,12,"2026-10-02 17:31:05"
1842,100,0,0,0.268000000000001,12,"2026-10-02 17:31:05"
1843,100,0,0,0.298000000000002,12,"2026-10-02 17:31:05"
1844,100,0,0,0.268000000000001,12,"2026-10-02 17:31:05"
1845,100,0,0,0.278000000000006,12,"2026-10-02 17:31:05"
1846,100,0,0,0.262,12,"2026-10-02 17:31:05"
1847,100,0,0,0.259,12,"2026-10-02 17:31:05"
1848,100,0,0,0.268000000000001,12,"2026-10-02 17:31:05"
1849,100,0,0,0.265999999999998,12,"2026-10-02 17:31:05"
1850,100,0,0,0.285000000000004,12,"2026-10-02 17:31:05"
1851,100,0,0,0.284999999999997,12,"2026-10-02 17:31:05"
1852,100,0,0,0.291999999999994,12,"2026-10-02 17:31:05"
1853,100,0,0,0.268999999999998,12,"2026-10-02 17:31:05"
1854,100,0,0,0.285999999999994,12,"2026-10-02 17:31:05"
1855,100,0,0,0.264000000000003,12,"2026-10-02 17:31:05"
1856,100,0,0,0.303999999999995,12,"2026-10-02 17:31:05"
1857,100,0,0,0.299,12,"2026-10-02 17:31:05"
1858,100,0,0,0.286000000000001,12,"2026-10-02 17:31:05"
1859,100,0,0,0.258000000000003,12,"2026-10-02 17:31:05"
1860,100,0,0,0.303999999999995,12,"2026-10-02 17:31:05"
1861,100,0,0,0.348999999999997,12,"2026-10-02 17:31:05"
1862,100,0,0,0.331000000000003,12,"2026-10-02 17:31:05"
1863,100,0,0,0.283999999999999,12,"2026-10-02 17:31:05"
1864,100,0,0,0.280999999999999,12,"2026-10-02 17:31:05"
1865,100,0,0,0.262,12,"2026-10-02 17:31:05"
1866,100,0,0,0.264000000000003,12,"2026-10-02 17:31:05"
1867,100,0,0,0.273000000000003,12,"2026-10-02 17:31:05"
1868,100,0,0,0.356999999999999,12,"2026-10-02 17:31:05"
1869,100,0,0,0.261000000000003,12,"2026-10-02 17:31:05"
1870,100,0,0,0.270000000000003,12,"2026-10-02 17:31:05"
1871,100,0,0,0.349000000000004,12,"2026-10-02 17:31:05"
1872,100,1,0,0.317999999999998,12,"2026-10-02 17:31:05"
1873,100,0,0,0.265999999999998,12,"2026-10-02 17:31:05"
1874,100,0,0,0.263000000000005,12,"2026-10-02 17:31:05"
1875,100,0,0,0.269000000000005,12,"2026-10-02 17:31:05"
1876,100,0,0,0.274000000000001,12,"2026-10-02 17:31:05"
1877,100,0,0,0.282999999999994,12,"2026-10-02 17:31:05"
1878,100,0,0,0.276000000000003,12,"2026-10-02 17:31:05"
1879,100,0,0,0.275999999999996,12,"2026-10-02 17:31:05"
1880,100,0,0,0.274000000000001,12,"2026-10-02 17:31:05"
1881,100,0,0,0.283999999999999,12,"2026-10-02 17:31:05"
1882,100,0,0,0.265999999999998,12,"2026-10-02 17:31:05"
1883,100,0,0,0.285000000000004,12,"2026-10-02 17:31:05"
1884,100,0,0,0.271000000000001,12,"2026-10-02 17:31:05"
1885,100,0,0,0.322999999999993,12,"2026-10-02 17:31:05"
1886,100,0,0,0.301000000000002,12,"2026-10-02 17:31:05"
1887,100,1,0,0.299999999999997,12,"2026-10-02 17:31:05"
1888,100,0,0,0.270999999999994,12,"2026-10-02 17:31:05"
1889,100,0,0,0.258000000000003,12,"2026-10-02 17:31:05"
1890,100,0,0,0.278999999999996,12,"2026-10-02 17:31:05"
1891,100,0,0,0.316000000000003,12,"2026-10-02 17:31:05"
1892,100,0,0,0.300000000000004,12,"2026-10-02 17:31:05"
1893,100,0,0,0.314,12,"2026-10-02 17:31:05"
1894,100,0,0,0.287999999999997,12,"2026-10-02 17:31:05"
1895,100,0,0,0.256,12,"2026-10-02 17:31:05"
1896,100,0,0,0.298000000000002,12,"2026-10-02 17:31:05"
1897,100,0,0,0.271999999999998,12,"2026-10-02 17:31:05"
1898,100,0,0,0.286000000000001,12,"2026-10-02 17:31:05"
1899,100,0,0,0.302999999999997,12,"2026-10-02 17:31:05"
1900,100,0,0,0.290999999999997,12,"2026-10-02 17:31:05"
1901,100,0,0,0.308,12,"2026-10-02 17:31:05"
1902,100,0,0,0.312999999999995,12,"2026-10-02 17:31:05"
1903,100,0,0,0.321999999999996,12,"2026-10-02 17:31:05"
1904,100,0,0,0.317,12,"2026-10-02 17:31:05"
1905,100,0,0,0.309999999999995,12,"2026-10-02 17:31:05"
1906,100,0,0,0.286999999999999,12,"2026-10-02 17:31:05"
1907,100,0,0,0.320999999999998,12,"2026-10-02 17:31:05"
1908,100,0,0,0.275999999999996,12,"2026-10-02 17:31:05"
1909,100,0,0,0.283999999999999,12,"2026-10-02 17:31:05"
1910,100,0,0,0.286999999999999,12,"2026-10-02 17:31:05"
1911,100,0,0,0.304000000000002,12,"2026-10-02 17:31:05"
1912,100,0,0,0.332999999999998,12,"2026-10-02 17:31:05"
1913,100,0,0,0.283000000000001,12,"2026-10-02 17:31:05"
1914,100,0,0,0.307000000000002,12,"2026-10-02 17:31:05"
1915,100,0,0,0.269999999999996,12,"2026-10-02 17:31:05"
1916,100,0,0,0.316000000000003,12,"2026-10-02 17:31:05"
1917,100,0,0,0.32,12,"2026-10-02 17:31:05"
1918,100,0,0,0.326999999999998,12,"2026-10-02 17:31:05"
1919,100,0,0,0.309999999999995,12,"2026-10-02 17:31:05"
1920,100,0,0,0.301000000000002,12,"2026-10-02 17:31:05"
1921,100,1,0,0.302999999999997,12,"2026-10-02 17:31:05"
1922,100,0,0,0.287999999999997,12,"2026-10-02 17:31:05"
1923,100,0,0,0.295000000000002,12,"2026-10-02 17:31:05"
1924,100,0,0,0.313000000000002,12,"2026-10-02 17:31:05"
1925,100,1,0,0.289000000000001,12,"2026-10-02 17:31:05"
1926,100,0,0,0.325000000000003,12,"2026-10-02 17:31:05"
1927,100,0,0,0.326,12,"2026-10-02 17:31:05"
1928,100,0,0,0.310000000000002,12,"2026-10-02 17:31:05"
1929,100,0,0,0.286000000000001,12,"2026-10-02 17:31:05"
1930,100,0,0,0.298000000000002,12,"2026-10-02 17:31:05"
1931,100,0,0,0.288000000000004,12,"2026-10-02 17:31:05"
1932,100,0,0,0.308,12,"2026-10-02 17:31:05"
1933,100,0,0,0.311,12,"2026-10-02 17:31:05"
1934,100,1,0,0.326,12,"2026-10-02 17:31:05"
1935,100,0,0,0.308,12,"2026-10-02 17:31:05"
1936,100,0,0,0.295000000000002,12,"2026-10-02 17:31:05"
1937,100,0,0,0.278000000000006,12,"2026-10-02 17:31:05"
1938,100,1,0,0.376000000000005,12,"2026-10-02 17:31:05"
1939,100,0,0,0.347000000000001,12,"2026-10-02 17:31:05"
1940,100,0,0,0.310000000000002,12,"2026-10-02 17:31:05"
1941,100,1,0,0.305999999999997,12,"2026-10-02 17:31:05"
1942,100,0,0,0.323,12,"2026-10-02 17:31:05"
1943,100,0,0,0.314999999999998,12,"2026-10-02 17:31:05"
1944,100,0,0,0.313000000000002,12,"2026-10-02 17:31:05"
1945,100,1,0,0.308999999999997,12,"2026-10-02 17:31:05"
1946,100,0,0,0.302000000000007,12,"2026-10-02 17:31:05"
1947,100,0,0,0.328000000000003,12,"2026-10-02 17:31:05"
1948,100,1,0,0.344999999999999,12,"2026-10-02 17:31:05"
1949,100,0,0,0.356000000000002,12,"2026-10-02 17:31:05"
1950,100,1,0,0.394999999999996,12,"2026-10-02 17:31:05"
1951,100,0,0,0.348999999999997,12,"2026-10-02 17:31:05"
1952,100,0,0,0.322000000000003,12,"2026-10-02 17:31:05"
1953,100,0,0,0.358000000000004,12,"2026-10-02 17:31:05"
1954,100,0,0,0.372999999999998,12,"2026-10-02 17:31:05"
1955,100,0,0,0.330000000000005,12,"2026-10-02 17:31:05"
1956,100,1,0,0.363,12,"2026-10-02 17:31:05"
1957,100,1,0,0.385999999999996,12,"2026-10-02 17:31:05"
1958,100,0,0,0.383000000000003,12,"2026-10-02 17:31:05"
1959,100,0,0,0.359000000000002,12,"2026-10-02 17:31:05"
1960,100,0,0,0.366,12,"2026-10-02 17:31:05"
1961,100,0,0,0.369,12,"2026-10-02 17:31:05"
1962,100,0,0,0.373999999999995,12,"2026-10-02 17:31:05"
1963,100,0,0,0.409999999999997,12,"2026-10-02 17:31:05"
1964,100,0,0,0.343000000000004,12,"2026-10-02 17:31:05"
1965,100,0,0,0.368000000000002,12,"2026-10-02 17:31:05"
1966,100,0,0,0.365000000000002,12,"2026-10-02 17:31:05"
1967,100,0,0,0.397999999999996,12,"2026-10-02 17:31:05"
1968,100,0,0,0.372999999999998,12,"2026-10-02 17:31:05"
1969,100,0,0,0.335999999999999,12,"2026-10-02 17:31:05"
1970,100,0,0,0.381,12,"2026-10-02 17:31:05"
1971,100,0,0,0.393999999999998,12,"2026-10-02 17:31:05"
1972,100,0,0,0.415000000000006,12,"2026-10-02 17:31:05"
1973,100,0,0,0.303999999999995,12,"2026-10-02 17:31:05"
1974,100,1,0,0.381,12,"2026-10-02 17:31:05"
1975,100,0,0,0.377000000000002,12,"2026-10-02 17:31:05"
1976,100,1,0,0.340000000000003,12,"2026-10-02 17:31:05"
1977,100,0,0,0.375,12,"2026-10-02 17:31:05"
1978,100,0,0,0.317,12,"2026-10-02 17:31:05"
1979,100,0,0,0.318000000000005,12,"2026-10-02 17:31:05"
1980,100,0,0,0.311999999999998,12,"2026-10-02 17:31:05"
1981,100,0,0,0.32,12,"2026-10-02 17:31:05"
1982,100,0,0,0.314,12,"2026-10-02 17:31:05"
1983,100,0,0,0.317999999999998,12,"2026-10-02 17:31:05"
1984,100,0,0,0.349000000000004,12,"2026-10-02 17:31:05"
1985,100,0,0,0.311,12,"2026-10-02 17:31:05"
1986,100,0,0,0.302,12,"2026-10-02 17:31:05"
1987,100,0,0,0.332999999999998,12,"2026-10-02 17:31:05"
1988,100,0,0,0.286000000000001,12,"2026-10-02 17:31:05"
1989,100,0,0,0.305,12,"2026-10-02 17:31:05"
1990,100,1,0,0.310000000000002,12,"2026-10-02 17:31:05"
1991,100,0,0,0.269999999999996,12,"2026-10-02 17:31:05"
1992,100,0,0,0.302,12,"2026-10-02 17:31:05"
1993,100,0,0,0.299,12,"2026-10-02 17:31:05"
1994,100,0,0,0.343000000000004,12,"2026-10-02 17:31:05"
1995,100,0,0,0.306000000000004,12,"2026-10-02 17:31:05"
1996,100,1,0,0.296999999999997,12,"2026-10-02 17:31:05"
1997,100,0,0,0.323999999999998,12,"2026-10-02 17:31:05"
1998,100,0,0,0.297000000000004,12,"2026-10-02 17:31:05"
1999,100,0,0,0.299,12,"2026-10-02 17:31:05"
2000,100,0,0,0.309000000000005,12,"2026-10-02 17:31:05"
2001,100,0,0,0.254000000000005,12,"2026-10-02 17:31:05"
2002,100,0,0,0.241,12,"2026-10-02 17:31:05"
2003,100,0,0,0.230999999999995,12,"2026-10-02 17:31:05"
2004,100,0,0,0.219999999999999,12,"2026-10-02 17:31:05"
2005,100,0,0,0.216000000000001,12,"2026-10-02 17:31:05"
2006,100,0,0,0.236000000000004,12,"2026-10-02 17:31:05"
2007,100,0,0,0.201,12,"2026-10-02 17:31:05"
2008,100,0,0,0.225000000000001,12,"2026-10-02 17:31:05"
2009,100,0,0,0.222999999999999,12,"2026-10-02 17:31:05"
2010,100,0,0,0.225000000000001,12,"2026-10-02 17:31:05"
2011,100,0,0,0.238999999999997,12,"2026-10-02 17:31:05"
2012,100,0,0,0.212000000000003,12,"2026-10-02 17:31:05"
2013,100,0,0,0.212000000000003,12,"2026-10-02 17:31:05"
2014,100,0,0,0.232999999999997,12,"2026-10-02 17:31:05"
2015,100,0,0,0.214000000000006,12,"2026-10-02 17:31:05"
2016,100,0,0,0.228999999999999,12,"2026-10-02 17:31:05"
2017,100,0,0,0.216000000000001,12,"2026-10-02 17:31:05"
2018,100,0,0,0.236999999999995,12,"2026-10-02 17:31:05"
2019,100,0,0,0.268999999999998,12,"2026-10-02 17:31:05"
2020,100,0,0,0.234999999999999,12,"2026-10-02 17:31:05"
2021,100,0,0,0.227000000000004,12,"2026-10-02 17:31:05"
2022,100,0,0,0.228000000000002,12,"2026-10-02 17:31:05"
2023,100,0,0,0.207999999999998,12,"2026-10-02 17:31:05"
2024,100,0,0,0.217999999999996,12,"2026-10-02 17:31:05"
2025,100,0,0,0.213000000000001,12,"2026-10-02 17:31:05"
2026,100,0,0,0.225000000000001,12,"2026-10-02 17:31:05"
2027,100,0,0,0.225999999999999,12,"2026-10-02 17:31:05"
2028,100,0,0,0.222000000000001,12,"2026-10-02 17:31:05"
2029,100,0,0,0.264999999999993,12,"2026-10-02 17:31:05"
2030,100,0,0,0.233000000000004,12,"2026-10-02 17:31:05"
2031,100,0,0,0.220000000000006,12,"2026-10-02 17:31:05"
2032,100,0,0,0.217000000000006,12,"2026-10-02 17:31:05"
2033,100,0,0,0.252000000000002,12,"2026-10-02 17:31:05"
2034,100,0,0,0.227999999999994,12,"2026-10-02 17:31:05"
2035,100,0,0,0.232999999999997,12,"2026-10-02 17:31:05"
2036,100,0,0,0.216999999999999,12,"2026-10-02 17:31:05"
2037,100,0,0,0.222999999999999,12,"2026-10-02 17:31:05"
2038,100,0,0,0.207999999999998,12,"2026-10-02 17:31:05"
2039,100,0,0,0.222000000000001,12,"2026-10-02 17:31:05"
2040,100,0,0,0.215000000000003,12,"2026-10-02 17:31:05"
2041,100,0,0,0.234000000000002,12,"2026-10-02 17:31:05"
2042,100,0,0,0.222000000000001,12,"2026-10-02 17:31:05"
2043,100,0,0,0.225000000000001,12,"2026-10-02 17:31:05"
2044,100,0,0,0.234999999999999,12,"2026-10-02 17:31:05"
2045,100,0,0,0.228000000000002,12,"2026-10-02 17:31:05"
2046,100,0,0,0.227000000000004,12,"2026-10-02 17:31:05"
2047,100,0,0,0.219000000000001,12,"2026-10-02 17:31:05"
2048,100,0,0,0.228000000000002,12,"2026-10-02 17:31:05"
2049,100,0,0,0.224000000000004,12,"2026-10-02 17:31:05"
2050,100,0,0,0.226999999999997,12,"2026-10-02 17:31:05"
2051,100,0,0,0.228999999999999,12,"2026-10-02 17:31:05"
2052,100,0,0,0.242000000000004,12,"2026-10-02 17:31:05"
2053,100,0,0,0.225000000000001,12,"2026-10-02 17:31:05"
2054,100,0,0,0.272000000000006,12,"2026-10-02 17:31:05"
2055,100,0,0,0.202999999999996,12,"2026-10-02 17:31:05"
2056,100,0,0,0.238,12,"2026-10-02 17:31:05"
2057,100,0,0,0.242000000000004,12,"2026-10-02 17:31:05"
2058,100,0,0,0.234999999999999,12,"2026-10-02 17:31:05"
2059,100,0,0,0.239999999999995,12,"2026-10-02 17:31:05"
2060,100,0,0,0.231000000000002,12,"2026-10-02 17:31:05"
2061,100,0,0,0.222000000000001,12,"2026-10-02 17:31:05"
2062,100,0,0,0.245999999999995,12,"2026-10-02 17:31:05"
2063,100,0,0,0.215999999999994,12,"2026-10-02 17:31:05"
2064,100,0,0,0.226999999999997,12,"2026-10-02 17:31:05"
2065,100,0,0,0.238999999999997,12,"2026-10-02 17:31:05"
2066,100,0,0,0.237000000000002,12,"2026-10-02 17:31:05"
2067,100,0,0,0.238,12,"2026-10-02 17:31:05"
2068,100,0,0,0.214999999999996,12,"2026-10-02 17:31:05"
2069,100,0,0,0.224999999999994,12,"2026-10-02 17:31:05"
2070,100,0,0,0.224000000000004,12,"2026-10-02 17:31:05"
2071,100,0,0,0.221000000000004,12,"2026-10-02 17:31:05"
2072,100,0,0,0.247,12,"2026-10-02 17:31:05"
2073,100,0,0,0.249000000000002,12,"2026-10-02 17:31:05"
2074,100,0,0,0.211000000000006,12,"2026-10-02 17:31:05"
2075,100,0,0,0.225999999999999,12,"2026-10-02 17:31:05"
2076,100,0,0,0.214000000000006,12,"2026-10-02 17:31:05"
2077,100,0,0,0.234999999999999,12,"2026-10-02 17:31:05"
2078,100,0,0,0.265999999999998,12,"2026-10-02 17:31:05"
2079,100,0,0,0.210000000000001,12,"2026-10-02 17:31:05"
2080,100,0,0,0.238999999999997,12,"2026-10-02 17:31:05"
2081,100,0,0,0.219999999999999,12,"2026-10-02 17:31:05"
2082,100,0,0,0.228999999999999,12,"2026-10-02 17:31:05"
2083,100,0,0,0.242999999999995,12,"2026-10-02 17:31:05"
2084,100,0,0,0.227000000000004,12,"2026-10-02 17:31:05"
2085,100,0,0,0.230000000000004,12,"2026-10-02 17:31:05"
2086,100,0,0,0.231999999999999,12,"2026-10-02 17:31:05"
2087,100,0,0,0.235999999999997,12,"2026-10-02 17:31:05"
2088,100,0,0,0.231000000000002,12,"2026-10-02 17:31:05"
2089,100,0,0,0.231000000000002,12,"2026-10-02 17:31:05"
2090,100,0,0,0.247,12,"2026-10-02 17:31:05"
2091,100,0,0,0.245999999999995,12,"2026-10-02 17:31:05"
2092,100,0,0,0.223999999999997,12,"2026-10-02 17:31:05"
2093,100,0,0,0.207999999999998,12,"2026-10-02 17:31:05"
2094,100,0,0,0.212999999999994,12,"2026-10-02 17:31:05"
2095,100,0,0,0.216000000000001,12,"2026-10-02 17:31:05"
2096,100,0,0,0.253,12,"2026-10-02 17:31:05"
2097,100,0,0,0.210999999999999,12,"2026-10-02 17:31:05"
2098,100,0,0,0.227999999999994,12,"2026-10-02 17:31:05"
2099,100,0,0,0.229999999999997,12,"2026-10-02 17:31:05"
2100,100,0,0,0.227000000000004,12,"2026-10-02 17:31:05"
2101,100,0,0,0.259,12,"2026-10-02 17:31:05"
2102,100,0,0,0.268000000000001,12,"2026-10-02 17:31:05"
2103,100,0,0,0.238999999999997,12,"2026-10-02 17:31:05"
2104,100,0,0,0.234999999999999,12,"2026-10-02 17:31:05"
2105,100,0,0,0.268000000000001,12,"2026-10-02 17:31:05"
2106,100,0,0,0.248999999999995,12,"2026-10-02 17:31:05"
2107,100,0,0,0.25,12,"2026-10-02 17:31:05"
2108,100,0,0,0.228999999999999,12,"2026-10-02 17:31:05"
2109,100,0,0,0.265000000000001,12,"2026-10-02 17:31:05"
2110,100,0,0,0.371000000000002,12,"2026-10-02 17:31:05"
2111,100,0,0,0.259,12,"2026-10-02 17:31:05"
2112,100,0,0,0.253999999999998,12,"2026-10-02 17:31:05"
2113,100,0,0,0.267000000000003,12,"2026-10-02 17:31:05"
2114,100,0,0,0.239999999999995,12,"2026-10-02 17:31:05"
2115,100,0,0,0.274000000000001,12,"2026-10-02 17:31:05"
2116,100,0,0,0.253,12,"2026-10-02 17:31:05"
2117,100,0,0,0.259999999999991,12,"2026-10-02 17:31:05"
2118,100,0,0,0.251999999999995,12,"2026-10-02 17:31:05"
2119,100,0,0,0.290999999999997,12,"2026-10-02 17:31:05"
2120,100,0,0,0.244999999999997,12,"2026-10-02 17:31:05"
2121,100,0,0,0.251999999999995,12,"2026-10-02 17:31:05"
2122,100,0,0,0.25,12,"2026-10-02 17:31:05"
2123,100,0,0,0.245000000000005,12,"2026-10-02 17:31:05"
2124,100,0,0,0.256,12,"2026-10-02 17:31:05"
2125,100,0,0,0.274000000000001,12,"2026-10-02 17:31:05"
2126,100,0,0,0.265999999999998,12,"2026-10-02 17:31:05"
2127,100,0,0,0.243000000000002,12,"2026-10-02 17:31:05"
2128,100,1,0,0.265999999999998,12,"2026-10-02 17:31:05"
2129,100,0,0,0.25500000000001,12,"2026-10-02 17:31:05"
2130,100,0,0,0.254999999999995,12,"2026-10-02 17:31:05"
2131,100,0,0,0.26400000000001,12,"2026-10-02 17:31:05"
2132,100,0,0,0.254999999999995,12,"2026-10-02 17:31:05"
2133,100,0,0,0.238,12,"2026-10-02 17:31:05"
2134,100,0,0,0.256999999999998,12,"2026-10-02 17:31:05"
2135,100,0,0,0.24199999999999,12,"2026-10-02 17:31:05"
2136,100,0,0,0.274000000000001,12,"2026-10-02 17:31:05"
2137,100,0,0,0.257999999999996,12,"2026-10-02 17:31:05"
2138,100,0,0,0.25,12,"2026-10-02 17:31:05"
2139,100,0,0,0.253,12,"2026-10-02 17:31:05"
2140,100,0,0,0.268999999999991,12,"2026-10-02 17:31:05"
2141,100,0,0,0.26100000000001,12,"2026-10-02 17:31:05"
2142,100,0,0,0.26400000000001,12,"2026-10-02 17:31:05"
2143,100,0,0,0.286000000000001,12,"2026-10-02 17:31:05"
2144,100,0,0,0.266000000000005,12,"2026-10-02 17:31:05"
2145,100,0,0,0.307999999999993,12,"2026-10-02 17:31:05"
2146,100,0,0,0.256,12,"2026-10-02 17:31:05"
2147,100,0,0,0.286999999999992,12,"2026-10-02 17:31:05"
2148,100,0,0,0.263999999999996,12,"2026-10-02 17:31:05"
2149,100,0,0,0.258000000000003,12,"2026-10-02 17:31:05"
2150,100,0,0,0.25500000000001,12,"2026-10-02 17:31:05"
2151,100,0,0,0.260000000000005,12,"2026-10-02 17:31:05"
2152,100,0,0,0.253,12,"2026-10-02 17:31:05"
2153,100,0,0,0.239000000000004,12,"2026-10-02 17:31:05"
2154,100,0,0,0.269999999999996,12,"2026-10-02 17:31:05"
2155,100,0,0,0.248000000000005,12,"2026-10-02 17:31:05"
2156,100,0,0,0.254000000000005,12,"2026-10-02 17:31:05"
2157,100,0,0,0.23899999999999,12,"2026-10-02 17:31:05"
2158,100,0,0,0.239999999999995,12,"2026-10-02 17:31:05"
2159,100,0,0,0.290999999999997,12,"2026-10-02 17:31:05"
2160,100,0,0,0.274000000000001,12,"2026-10-02 17:31:05"
2161,100,0,0,0.254000000000005,12,"2026-10-02 17:31:05"
2162,100,0,0,0.260000000000005,12,"2026-10-02 17:31:05"
2163,100,0,0,0.265000000000001,12,"2026-10-02 17:31:05"
2164,100,1,0,0.277000000000001,12,"2026-10-02 17:31:05"
2165,100,0,0,0.286000000000001,12,"2026-10-02 17:31:05"
2166,100,0,0,0.274000000000001,12,"2026-10-02 17:31:05"
2167,100,0,0,0.278999999999996,12,"2026-10-02 17:31:05"
2168,100,0,0,0.244,12,"2026-10-02 17:31:05"
2169,100,0,0,0.262,12,"2026-10-02 17:31:05"
2170,100,0,0,0.286000000000001,12,"2026-10-02 17:31:05"
2171,100,0,0,0.234999999999999,12,"2026-10-02 17:31:05"
2172,100,0,0,0.271000000000001,12,"2026-10-02 17:31:05"
2173,100,0,0,0.268999999999991,12,"2026-10-02 17:31:05"
2174,100,0,0,0.259,12,"2026-10-02 17:31:05"
2175,100,0,0,0.231999999999999,12,"2026-10-02 17:31:05"
2176,100,0,0,0.257999999999996,12,"2026-10-02 17:31:05"
2177,100,0,0,0.25,12,"2026-10-02 17:31:05"
2178,100,0,0,0.247,12,"2026-10-02 17:31:05"
2179,100,0,0,0.238,12,"2026-10-02 17:31:05"
2180,100,0,0,0.234999999999999,12,"2026-10-02 17:31:05"
2181,100,0,0,0.224000000000004,12,"2026-10-02 17:31:05"
2182,100,0,0,0.334999999999994,12,"2026-10-02 17:31:05"
2183,100,0,0,0.325000000000003,12,"2026-10-02 17:31:05"
2184,100,0,0,0.266999999999996,12,"2026-10-02 17:31:05"
2185,100,0,0,0.269000000000005,12,"2026-10-02 17:31:05"
2186,100,0,0,0.263999999999996,12,"2026-10-02 17:31:05"
2187,100,0,0,0.260000000000005,12,"2026-10-02 17:31:05"
2188,100,0,0,0.22699999999999,12,"2026-10-02 17:31:05"
2189,100,0,0,0.218999999999994,12,"2026-10-02 17:31:05"
2190,100,0,0,0.277000000000001,12,"2026-10-02 17:31:05"
2191,100,0,0,0.215000000000003,12,"2026-10-02 17:31:05"
2192,100,0,0,0.225999999999999,12,"2026-10-02 17:31:05"
2193,100,0,0,0.251999999999995,12,"2026-10-02 17:31:05"
2194,100,0,0,0.293999999999997,12,"2026-10-02 17:31:05"
2195,100,0,0,0.286000000000001,12,"2026-10-02 17:31:05"
2196,100,0,0,0.259,12,"2026-10-02 17:31:05"
2197,100,0,0,0.254000000000005,12,"2026-10-02 17:31:05"
2198,100,0,0,0.254999999999995,12,"2026-10-02 17:31:05"
2199,100,0,0,0.250999999999991,12,"2026-10-02 17:31:05"
2200,100,0,0,0.25500000000001,12,"2026-10-02 17:31:05"
2201,100,0,0,0.326000000000008,12,"2026-10-02 17:31:05"
2202,100,0,0,0.262,12,"2026-10-02 17:31:05"
2203,100,0,0,0.307000000000002,12,"2026-10-02 17:31:05"
2204,100,0,0,0.290000000000006,12,"2026-10-02 17:31:05"
2205,100,0,0,0.280000000000001,12,"2026-10-02 17:31:05"
2206,100,0,0,0.272999999999996,12,"2026-10-02 17:31:05"
2207,100,0,0,0.270999999999987,12,"2026-10-02 17:31:05"
2208,100,0,0,0.281999999999996,12,"2026-10-02 17:31:05"
2209,100,0,0,0.272000000000006,12,"2026-10-02 17:31:05"
2210,100,0,0,0.268000000000001,12,"2026-10-02 17:31:05"
2211,100,0,0,0.259,12,"2026-10-02 17:31:05"
2212,100,0,0,0.292999999999992,12,"2026-10-02 17:31:05"
2213,100,0,0,0.290999999999997,12,"2026-10-02 17:31:05"
2214,100,0,0,0.278000000000006,12,"2026-10-02 17:31:05"
2215,100,0,0,0.287999999999997,12,"2026-10-02 17:31:05"
2216,100,0,0,0.272000000000006,12,"2026-10-02 17:31:05"
2217,100,0,0,0.269999999999996,12,"2026-10-02 17:31:05"
2218,100,0,0,0.263999999999996,12,"2026-10-02 17:31:05"
2219,100,0,0,0.260999999999996,12,"2026-10-02 17:31:05"
2220,100,0,0,0.265000000000001,12,"2026-10-02 17:31:05"
2221,100,0,0,0.272999999999996,12,"2026-10-02 17:31:05"
2222,100,0,0,0.287999999999997,12,"2026-10-02 17:31:05"
2223,100,0,0,0.274000000000001,12,"2026-10-02 17:31:05"
2224,100,0,0,0.275999999999996,12,"2026-10-02 17:31:05"
2225,100,0,0,0.25200000000001,12,"2026-10-02 17:31:05"
2226,100,0,0,0.269999999999996,12,"2026-10-02 17:31:05"
2227,100,0,0,0.256999999999991,12,"2026-10-02 17:31:05"
2228,100,0,0,0.286000000000001,12,"2026-10-02 17:31:05"
2229,100,0,0,0.280999999999992,12,"2026-10-02 17:31:05"
2230,100,1,0,0.288999999999987,12,"2026-10-02 17:31:05"
2231,100,0,0,0.285999999999987,12,"2026-10-02 17:31:05"
2232,100,0,0,0.286000000000001,12,"2026-10-02 17:31:05"
2233,100,0,0,0.295000000000002,12,"2026-10-02 17:31:05"
2234,100,0,0,0.290000000000006,12,"2026-10-02 17:31:05"
2235,100,0,0,0.277000000000001,12,"2026-10-02 17:31:05"
2236,100,0,0,0.283000000000001,12,"2026-10-02 17:31:05"
2237,100,0,0,0.292999999999992,12,"2026-10-02 17:31:05"
2238,100,0,0,0.287999999999997,12,"2026-10-02 17:31:05"
2239,100,0,0,0.298000000000002,12,"2026-10-02 17:31:05"
2240,100,0,0,0.353999999999999,12,"2026-10-02 17:31:05"
2241,100,0,0,0.266000000000005,12,"2026-10-02 17:31:05"
2242,100,0,0,0.275000000000006,12,"2026-10-02 17:31:05"
2243,100,0,0,0.289000000000001,12,"2026-10-02 17:31:05"
2244,100,0,0,0.268000000000001,12,"2026-10-02 17:31:05"
2245,100,0,0,0.284999999999997,12,"2026-10-02 17:31:05"
2246,100,0,0,0.280000000000001,12,"2026-10-02 17:31:05"
2247,100,1,0,0.286999999999992,12,"2026-10-02 17:31:05"
2248,100,0,0,0.281000000000006,12,"2026-10-02 17:31:05"
2249,100,0,0,0.302000000000007,12,"2026-10-02 17:31:05"
2250,100,0,0,0.285000000000011,12,"2026-10-02 17:31:05"
2251,100,0,0,0.295000000000002,12,"2026-10-02 17:31:05"
2252,100,0,0,0.284000000000006,12,"2026-10-02 17:31:05"
2253,100,0,0,0.277000000000001,12,"2026-10-02 17:31:05"
2254,100,0,0,0.283000000000001,12,"2026-10-02 17:31:05"
2255,100,0,0,0.281000000000006,12,"2026-10-02 17:31:05"
2256,100,0,0,0.304999999999993,12,"2026-10-02 17:31:05"
2257,100,0,0,0.286000000000001,12,"2026-10-02 17:31:05"
2258,100,0,0,0.292999999999992,12,"2026-10-02 17:31:05"
2259,100,0,0,0.272000000000006,12,"2026-10-02 17:31:05"
2260,100,1,0,0.241,12,"2026-10-02 17:31:05"
2261,100,1,0,0.304000000000002,12,"2026-10-02 17:31:05"
2262,100,0,0,0.277999999999992,12,"2026-10-02 17:31:05"
2263,100,0,0,0.287999999999997,12,"2026-10-02 17:31:05"
2264,100,0,0,0.290999999999997,12,"2026-10-02 17:31:05"
2265,100,0,0,0.299999999999997,12,"2026-10-02 17:31:05"
2266,100,0,0,0.295999999999992,12,"2026-10-02 17:31:05"
2267,100,0,0,0.278999999999996,12,"2026-10-02 17:31:05"
2268,100,0,0,0.260000000000005,12,"2026-10-02 17:31:05"
2269,100,0,0,0.316999999999993,12,"2026-10-02 17:31:05"
2270,100,0,0,0.266000000000005,12,"2026-10-02 17:31:05"
2271,100,0,0,0.304999999999993,12,"2026-10-02 17:31:05"
2272,100,0,0,0.253,12,"2026-10-02 17:31:05"
2273,100,0,0,0.256,12,"2026-10-02 17:31:05"
2274,100,0,0,0.306000000000012,12,"2026-10-02 17:31:05"
2275,100,0,0,0.278000000000006,12,"2026-10-02 17:31:05"
2276,100,0,0,0.262,12,"2026-10-02 17:31:05"
2277,100,0,0,0.299000000000007,12,"2026-10-02 17:31:05"
2278,100,0,0,0.281999999999996,12,"2026-10-02 17:31:05"
2279,100,0,0,0.27300000000001,12,"2026-10-02 17:31:05"
2280,100,0,0,0.283999999999992,12,"2026-10-02 17:31:05"
2281,100,0,0,0.262999999999991,12,"2026-10-02 17:31:05"
2282,100,0,0,0.283999999999992,12,"2026-10-02 17:31:05"
2283,100,0,0,0.262999999999991,12,"2026-10-02 17:31:05"
2284,100,0,0,0.265999999999991,12,"2026-10-02 17:31:05"
2285,100,0,0,0.304000000000002,12,"2026-10-02 17:31:05"
2286,100,0,0,0.262999999999991,12,"2026-10-02 17:31:05"
2287,100,0,0,0.292999999999992,12,"2026-10-02 17:31:05"
2288,100,0,0,0.280000000000001,12,"2026-10-02 17:31:05"
2289,100,0,0,0.314999999999998,12,"2026-10-02 17:31:05"
2290,100,0,0,0.268000000000001,12,"2026-10-02 17:31:05"
2291,100,0,0,0.262,12,"2026-10-02 17:31:05"
2292,100,0,0,0.298999999999992,12,"2026-10-02 17:31:05"
2293,100,1,0,0.278000000000006,12,"2026-10-02 17:31:05"
2294,100,0,0,0.277999999999992,12,"2026-10-02 17:31:05"
2295,100,0,0,0.281999999999996,12,"2026-10-02 17:31:05"
2296,100,0,0,0.289000000000001,12,"2026-10-02 17:31:05"
2297,100,0,0,0.304999999999993,12,"2026-10-02 17:31:05"
2298,100,0,0,0.268999999999991,12,"2026-10-02 17:31:05"
2299,100,0,0,0.287000000000006,12,"2026-10-02 17:31:05"
2300,100,0,0,0.278000000000006,12,"2026-10-02 17:31:05"
2301,100,0,0,0.318999999999988,12,"2026-10-02 17:31:05"
2302,100,1,0,0.314000000000007,12,"2026-10-02 17:31:05"
2303,100,0,0,0.304000000000002,12,"2026-10-02 17:31:05"
2304,100,0,0,0.323999999999998,12,"2026-10-02 17:31:05"
2305,100,0,0,0.329999999999998,12,"2026-10-02 17:31:05"
2306,100,0,0,0.323000000000008,12,"2026-10-02 17:31:05"
2307,100,0,0,0.293999999999997,12,"2026-10-02 17:31:05"
2308,100,0,0,0.295000000000002,12,"2026-10-02 17:31:05"
2309,100,0,0,0.329999999999998,12,"2026-10-02 17:31:05"
2310,100,0,0,0.305999999999997,12,"2026-10-02 17:31:05"
2311,100,0,0,0.339999999999989,12,"2026-10-02 17:31:05"
2312,100,0,0,0.306000000000012,12,"2026-10-02 17:31:05"
2313,100,0,0,0.337000000000003,12,"2026-10-02 17:31:05"
2314,100,0,0,0.301000000000002,12,"2026-10-02 17:31:05"
2315,100,0,0,0.314999999999998,12,"2026-10-02 17:31:05"
2316,100,0,0,0.298000000000002,12,"2026-10-02 17:31:05"
2317,100,1,0,0.313000000000002,12,"2026-10-02 17:31:05"
2318,100,0,0,0.388000000000005,12,"2026-10-02 17:31:05"
2319,100,0,0,0.328999999999994,12,"2026-10-02 17:31:05"
2320,100,0,0,0.289999999999992,12,"2026-10-02 17:31:05"
2321,100,0,0,0.326999999999998,12,"2026-10-02 17:31:05"
2322,100,0,0,0.307000000000002,12,"2026-10-02 17:31:05"
2323,100,0,0,0.307999999999993,12,"2026-10-02 17:31:05"
2324,100,0,0,0.381,12,"2026-10-02 17:31:05"
2325,100,0,0,0.347000000000008,12,"2026-10-02 17:31:05"
2326,100,0,0,0.317999999999998,12,"2026-10-02 17:31:05"
2327,100,0,0,0.304999999999993,12,"2026-10-02 17:31:05"
2328,100,0,0,0.284000000000006,12,"2026-10-02 17:31:05"
2329,100,0,0,0.319999999999993,12,"2026-10-02 17:31:05"
2330,100,0,0,0.280000000000001,12,"2026-10-02 17:31:05"
2331,100,0,0,0.328000000000003,12,"2026-10-02 17:31:05"
2332,100,0,0,0.312999999999988,12,"2026-10-02 17:31:05"
2333,100,1,0,0.297000000000011,12,"2026-10-02 17:31:05"
2334,100,0,0,0.319000000000003,12,"2026-10-02 17:31:05"
2335,100,0,0,0.417999999999992,12,"2026-10-02 17:31:05"
2336,100,0,0,0.344999999999999,12,"2026-10-02 17:31:05"
2337,100,0,0,0.308999999999997,12,"2026-10-02 17:31:05"
2338,100,0,0,0.35799999999999,12,"2026-10-02 17:31:05"
2339,100,0,0,0.301000000000002,12,"2026-10-02 17:31:05"
2340,100,0,0,0.344999999999999,12,"2026-10-02 17:31:05"
2341,100,0,0,0.322999999999993,12,"2026-10-02 17:31:05"
2342,100,0,0,0.305000000000007,12,"2026-10-02 17:31:05"
2343,100,0,0,0.361999999999995,12,"2026-10-02 17:31:05"
2344,100,0,0,0.299000000000007,12,"2026-10-02 17:31:05"
2345,100,0,0,0.312999999999988,12,"2026-10-02 17:31:05"
2346,100,0,0,0.301999999999992,12,"2026-10-02 17:31:05"
2347,100,1,0,0.359999999999999,12,"2026-10-02 17:31:05"
2348,100,0,0,0.350999999999999,12,"2026-10-02 17:31:05"
2349,100,0,0,0.306999999999988,12,"2026-10-02 17:31:05"
2350,100,0,0,0.317999999999998,12,"2026-10-02 17:31:05"
2351,100,1,0,0.325000000000003,12,"2026-10-02 17:31:05"
2352,100,0,0,0.295999999999992,12,"2026-10-02 17:31:05"
2353,100,0,0,0.338999999999999,12,"2026-10-02 17:31:05"
2354,100,0,0,0.326999999999998,12,"2026-10-02 17:31:05"
2355,100,0,0,0.323000000000008,12,"2026-10-02 17:31:05"
2356,100,0,0,0.307000000000002,12,"2026-10-02 17:31:05"
2357,100,0,0,0.325000000000003,12,"2026-10-02 17:31:05"
2358,100,0,0,0.301999999999992,12,"2026-10-02 17:31:05"
2359,100,1,0,0.332000000000008,12,"2026-10-02 17:31:05"
2360,100,0,0,0.326999999999998,12,"2026-10-02 17:31:05"
2361,100,0,0,0.352999999999994,12,"2026-10-02 17:31:05"
2362,100,0,0,0.326000000000008,12,"2026-10-02 17:31:05"
2363,100,0,0,0.333000000000013,12,"2026-10-02 17:31:05"
2364,100,0,0,0.314999999999998,12,"2026-10-02 17:31:05"
2365,100,0,0,0.310000000000002,12,"2026-10-02 17:31:05"
2366,100,0,0,0.301000000000002,12,"2026-10-02 17:31:05"
2367,100,0,0,0.332999999999998,12,"2026-10-02 17:31:05"
2368,100,0,0,0.307000000000002,12,"2026-10-02 17:31:05"
2369,100,0,0,0.323000000000008,12,"2026-10-02 17:31:05"
2370,100,0,0,0.330999999999989,12,"2026-10-02 17:31:05"
2371,100,0,0,0.318000000000012,12,"2026-10-02 17:31:05"
2372,100,0,0,0.344000000000008,12,"2026-10-02 17:31:05"
2373,100,0,0,0.309000000000012,12,"2026-10-02 17:31:05"
2374,100,0,0,0.308999999999997,12,"2026-10-02 17:31:05"
2375,100,0,0,0.295000000000002,12,"2026-10-02 17:31:05"
2376,100,0,0,0.329999999999998,12,"2026-10-02 17:31:05"
2377,100,0,0,0.310000000000002,12,"2026-10-02 17:31:05"
2378,100,0,0,0.314999999999998,12,"2026-10-02 17:31:05"
2379,100,0,0,0.322999999999993,12,"2026-10-02 17:31:05"
2380,100,0,0,0.324000000000012,12,"2026-10-02 17:31:05"
2381,100,0,0,0.331000000000003,12,"2026-10-02 17:31:05"
2382,100,0,0,0.292000000000002,12,"2026-10-02 17:31:05"
2383,100,0,0,0.333999999999989,12,"2026-10-02 17:31:05"
2384,100,0,0,0.328000000000003,12,"2026-10-02 17:31:05"
2385,100,0,0,0.330000000000013,12,"2026-10-02 17:31:05"
2386,100,0,0,0.337999999999994,12,"2026-10-02 17:31:05"
2387,100,0,0,0.319000000000003,12,"2026-10-02 17:31:05"
2388,100,0,0,0.308999999999997,12,"2026-10-02 17:31:05"
2389,100,0,0,0.347999999999999,12,"2026-10-02 17:31:05"
2390,100,0,0,0.297000000000011,12,"2026-10-02 17:31:05"
2391,100,0,0,0.317000000000007,12,"2026-10-02 17:31:05"
2392,100,0,0,0.301000000000002,12,"2026-10-02 17:31:05"
2393,100,0,0,0.349000000000004,12,"2026-10-02 17:31:05"
2394,100,0,0,0.347999999999999,12,"2026-10-02 17:31:05"
2395,100,0,0,0.280000000000001,12,"2026-10-02 17:31:05"
2396,100,0,0,0.299999999999997,12,"2026-10-02 17:31:05"
2397,100,0,0,0.310000000000002,12,"2026-10-02 17:31:05"
2398,100,0,0,0.307000000000002,12,"2026-10-02 17:31:05"
2399,100,0,0,0.304999999999993,12,"2026-10-02 17:31:05"
2400,100,1,0,0.292000000000002,12,"2026-10-02 17:31:05"
2401,100,0,0,0.239999999999995,12,"2026-10-02 17:31:05"
2402,100,0,0,0.22999999999999,12,"2026-10-02 17:31:05"
2403,100,0,0,0.260999999999996,12,"2026-10-02 17:31:05"
2404,100,0,0,0.212999999999994,12,"2026-10-02 17:31:05"
2405,100,0,0,0.242000000000004,12,"2026-10-02 17:31:05"
2406,100,0,0,0.238,12,"2026-10-02 17:31:05"
2407,100,0,0,0.22999999999999,12,"2026-10-02 17:31:05"
2408,100,0,0,0.230000000000004,12,"2026-10-02 17:31:05"
2409,100,0,0,0.242000000000004,12,"2026-10-02 17:31:05"
2410,100,0,0,0.227000000000004,12,"2026-10-02 17:31:05"
2411,100,0,0,0.242000000000004,12,"2026-10-02 17:31:05"
2412,100,0,0,0.277999999999992,12,"2026-10-02 17:31:05"
2413,100,0,0,0.228999999999999,12,"2026-10-02 17:31:05"
2414,100,0,0,0.218999999999994,12,"2026-10-02 17:31:05"
2415,100,0,0,0.231000000000009,12,"2026-10-02 17:31:05"
2416,100,0,0,0.236999999999995,12,"2026-10-02 17:31:05"
2417,100,0,0,0.253,12,"2026-10-02 17:31:05"
2418,100,0,0,0.236999999999995,12,"2026-10-02 17:31:05"
2419,100,0,0,0.24499999999999,12,"2026-10-02 17:31:05"
2420,100,0,0,0.241,12,"2026-10-02 17:31:05"
2421,100,0,0,0.260000000000005,12,"2026-10-02 17:31:05"
2422,100,0,0,0.248000000000005,12,"2026-10-02 17:31:05"
2423,100,0,0,0.245000000000005,12,"2026-10-02 17:31:05"
2424,100,0,0,0.24199999999999,12,"2026-10-02 17:31:05"
2425,100,0,0,0.244,12,"2026-10-02 17:31:05"
2426,100,0,0,0.262,12,"2026-10-02 17:31:05"
2427,100,0,0,0.25500000000001,12,"2026-10-02 17:31:05"
2428,100,0,0,0.280000000000001,12,"2026-10-02 17:31:05"
2429,100,0,0,0.240000000000009,12,"2026-10-02 17:31:05"
2430,100,0,0,0.234999999999999,12,"2026-10-02 17:31:05"
2431,100,0,0,0.239000000000004,12,"2026-10-02 17:31:05"
2432,100,0,0,0.266000000000005,12,"2026-10-02 17:31:05"
2433,100,0,0,0.234000000000009,12,"2026-10-02 17:31:05"
2434,100,0,0,0.215999999999994,12,"2026-10-02 17:31:05"
2435,100,0,0,0.242000000000004,12,"2026-10-02 17:31:05"
2436,100,0,0,0.236000000000004,12,"2026-10-02 17:31:05"
2437,100,0,0,0.213999999999999,12,"2026-10-02 17:31:05"
2438,100,0,0,0.272999999999996,12,"2026-10-02 17:31:05"
2439,100,0,0,0.277000000000001,12,"2026-10-02 17:31:05"
2440,100,0,0,0.263999999999996,12,"2026-10-02 17:31:05"
2441,100,0,0,0.262,12,"2026-10-02 17:31:05"
2442,100,0,0,0.259,12,"2026-10-02 17:31:05"
2443,100,0,0,0.245999999999995,12,"2026-10-02 17:31:05"
2444,100,0,0,0.230999999999995,12,"2026-10-02 17:31:05"
2445,100,0,0,0.247,12,"2026-10-02 17:31:05"
2446,100,0,0,0.23299999999999,12,"2026-10-02 17:31:05"
2447,100,1,0,0.227000000000004,12,"2026-10-02 17:31:05"
2448,100,0,0,0.239000000000004,12,"2026-10-02 17:31:05"
2449,100,0,0,0.241,12,"2026-10-02 17:31:05"
2450,100,0,0,0.22999999999999,12,"2026-10-02 17:31:05"
2451,100,0,0,0.225000000000009,12,"2026-10-02 17:31:05"
2452,100,0,0,0.234999999999999,12,"2026-10-02 17:31:05"
2453,100,0,0,0.224000000000004,12,"2026-10-02 17:31:05"
2454,100,0,0,0.233999999999995,12,"2026-10-02 17:31:05"
2455,100,0,0,0.230000000000004,12,"2026-10-02 17:31:05"
2456,100,0,0,0.234999999999999,12,"2026-10-02 17:31:05"
2457,100,0,0,0.256,12,"2026-10-02 17:31:05"
2458,100,0,0,0.26100000000001,12,"2026-10-02 17:31:05"
2459,100,0,0,0.22399999999999,12,"2026-10-02 17:31:05"
2460,100,0,0,0.210000000000008,12,"2026-10-02 17:31:05"
2461,100,0,0,0.204999999999998,12,"2026-10-02 17:31:05"
2462,100,0,0,0.269000000000005,12,"2026-10-02 17:31:05"
2463,100,0,0,0.225000000000009,12,"2026-10-02 17:31:05"
2464,100,0,0,0.215999999999994,12,"2026-10-02 17:31:05"
2465,100,0,0,0.234999999999999,12,"2026-10-02 17:31:05"
2466,100,0,0,0.259,12,"2026-10-02 17:31:05"
2467,100,0,0,0.236000000000004,12,"2026-10-02 17:31:05"
2468,100,0,0,0.234000000000009,12,"2026-10-02 17:31:05"
2469,100,0,0,0.239000000000004,12,"2026-10-02 17:31:05"
2470,100,0,0,0.227999999999994,12,"2026-10-02 17:31:05"
2471,100,0,0,0.210999999999999,12,"2026-10-02 17:31:05"
2472,100,0,0,0.227000000000004,12,"2026-10-02 17:31:05"
2473,100,0,0,0.241,12,"2026-10-02 17:31:05"
2474,100,0,0,0.241,12,"2026-10-02 17:31:05"
2475,100,0,0,0.228999999999999,12,"2026-10-02 17:31:05"
2476,100,0,0,0.222999999999999,12,"2026-10-02 17:31:05"
2477,100,0,0,0.244,12,"2026-10-02 17:31:05"
2478,100,0,0,0.248999999999995,12,"2026-10-02 17:31:05"
2479,100,0,0,0.266000000000005,12,"2026-10-02 17:31:05"
2480,100,0,0,0.224999999999994,12,"2026-10-02 17:31:05"
2481,100,0,0,0.247,12,"2026-10-02 17:31:05"
2482,100,0,0,0.213999999999999,12,"2026-10-02 17:31:05"
2483,100,0,0,0.212999999999994,12,"2026-10-02 17:31:05"
2484,100,0,0,0.216999999999999,12,"2026-10-02 17:31:05"
2485,100,0,0,0.277999999999992,12,"2026-10-02 17:31:05"
2486,100,0,0,0.215000000000003,12,"2026-10-02 17:31:05"
2487,100,0,0,0.210999999999999,12,"2026-10-02 17:31:05"
2488,100,0,0,0.230000000000004,12,"2026-10-02 17:31:05"
2489,100,0,0,0.239999999999995,12,"2026-10-02 17:31:05"
2490,100,0,0,0.231000000000009,12,"2026-10-02 17:31:05"
2491,100,0,0,0.239999999999995,12,"2026-10-02 17:31:05"
2492,100,0,0,0.233000000000004,12,"2026-10-02 17:31:05"
2493,100,0,0,0.236999999999995,12,"2026-10-02 17:31:05"
2494,100,0,0,0.289000000000001,12,"2026-10-02 17:31:05"
2495,100,0,0,0.222000000000008,12,"2026-10-02 17:31:05"
2496,100,0,0,0.225999999999999,12,"2026-10-02 17:31:05"
2497,100,0,0,0.225999999999999,12,"2026-10-02 17:31:05"
2498,100,0,0,0.231999999999999,12,"2026-10-02 17:31:05"
2499,100,0,0,0.231999999999999,12,"2026-10-02 17:31:05"
2500,100,0,0,0.240000000000009,12,"2026-10-02 17:31:05"
2501,100,0,0,0.286000000000001,12,"2026-10-02 17:31:05"
2502,100,0,0,0.279999999999987,12,"2026-10-02 17:31:05"
2503,100,0,0,0.253,12,"2026-10-02 17:31:05"
2504,100,0,0,0.27000000000001,12,"2026-10-02 17:31:05"
2505,100,0,0,0.265999999999991,12,"2026-10-02 17:31:05"
2506,100,0,0,0.248999999999995,12,"2026-10-02 17:31:05"
2507,100,0,0,0.254999999999995,12,"2026-10-02 17:31:05"
2508,100,1,0,0.277000000000001,12,"2026-10-02 17:31:05"
2509,100,0,0,0.271000000000001,12,"2026-10-02 17:31:05"
2510,100,0,0,0.250999999999991,12,"2026-10-02 17:31:05"
2511,100,0,0,0.253,12,"2026-10-02 17:31:05"
2512,100,0,0,0.308999999999997,12,"2026-10-02 17:31:05"
2513,100,0,0,0.257000000000005,12,"2026-10-02 17:31:05"
2514,100,0,0,0.251999999999995,12,"2026-10-02 17:31:05"
2515,100,0,0,0.26700000000001,12,"2026-10-02 17:31:05"
2516,100,0,0,0.259,12,"2026-10-02 17:31:05"
2517,100,0,0,0.257000000000005,12,"2026-10-02 17:31:05"
2518,100,0,0,0.254000000000005,12,"2026-10-02 17:31:05"
2519,100,0,0,0.269999999999996,12,"2026-10-02 17:31:05"
2520,100,0,0,0.25,12,"2026-10-02 17:31:05"
2521,100,0,0,0.251000000000005,12,"2026-10-02 17:31:05"
2522,100,0,0,0.24799999999999,12,"2026-10-02 17:31:05"
2523,100,0,0,0.251999999999995,12,"2026-10-02 17:31:05"
2524,100,0,0,0.277000000000001,12,"2026-10-02 17:31:05"
2525,100,0,0,0.281999999999996,12,"2026-10-02 17:31:05"
2526,100,0,0,0.286000000000001,12,"2026-10-02 17:31:05"
2527,100,0,0,0.268000000000001,12,"2026-10-02 17:31:05"
2528,100,0,0,0.27300000000001,12,"2026-10-02 17:31:05"
2529,100,0,0,0.266999999999996,12,"2026-10-02 17:31:05"
2530,100,0,0,0.269999999999996,12,"2026-10-02 17:31:05"
2531,100,0,0,0.239999999999995,12,"2026-10-02 17:31:05"
2532,100,0,0,0.25800000000001,12,"2026-10-02 17:31:05"
2533,100,0,0,0.245999999999995,12,"2026-10-02 17:31:05"
2534,100,0,0,0.259,12,"2026-10-02 17:31:05"
2535,100,0,0,0.251000000000005,12,"2026-10-02 17:31:05"
2536,100,0,0,0.275000000000006,12,"2026-10-02 17:31:05"
2537,100,0,0,0.243000000000009,12,"2026-10-02 17:31:05"
2538,100,0,0,0.259,12,"2026-10-02 17:31:05"
2539,100,0,0,0.299999999999997,12,"2026-10-02 17:31:05"
2540,100,0,0,0.254000000000005,12,"2026-10-02 17:31:05"
2541,100,0,0,0.260999999999996,12,"2026-10-02 17:31:05"
2542,100,0,0,0.236000000000004,12,"2026-10-02 17:31:05"
2543,100,0,0,0.244,12,"2026-10-02 17:31:05"
2544,100,0,0,0.262999999999991,12,"2026-10-02 17:31:05"
2545,100,0,0,0.238,12,"2026-10-02 17:31:05"
2546,100,0,0,0.257999999999996,12,"2026-10-02 17:31:05"
2547,100,0,0,0.251999999999995,12,"2026-10-02 17:31:05"
2548,100,0,0,0.24799999999999,12,"2026-10-02 17:31:05"
2549,100,0,0,0.286000000000001,12,"2026-10-02 17:31:05"
2550,100,0,0,0.244,12,"2026-10-02 17:31:05"
2551,100,0,0,0.239999999999995,12,"2026-10-02 17:31:05"
2552,100,0,0,0.246000000000009,12,"2026-10-02 17:31:05"
2553,100,0,0,0.241,12,"2026-10-02 17:31:05"
2554,100,0,0,0.259,12,"2026-10-02 17:31:05"
2555,100,0,0,0.25800000000001,12,"2026-10-02 17:31:05"
2556,100,0,0,0.245999999999995,12,"2026-10-02 17:31:05"
2557,100,0,0,0.262,12,"2026-10-02 17:31:05"
2558,100,0,0,0.254000000000005,12,"2026-10-02 17:31:05"
2559,100,0,0,0.253,12,"2026-10-02 17:31:05"
2560,100,0,0,0.243000000000009,12,"2026-10-02 17:31:05"
2561,100,0,0,0.272999999999996,12,"2026-10-02 17:31:05"
2562,100,0,0,0.256,12,"2026-10-02 17:31:05"
2563,100,0,0,0.256,12,"2026-10-02 17:31:05"
2564,100,0,0,0.248000000000005,12,"2026-10-02 17:31:05"
2565,100,0,0,0.253,12,"2026-10-02 17:31:05"
2566,100,0,0,0.247,12,"2026-10-02 17:31:05"
2567,100,0,0,0.256,12,"2026-10-02 17:31:05"
2568,100,0,0,0.242999999999995,12,"2026-10-02 17:31:05"
2569,100,0,0,0.25200000000001,12,"2026-10-02 17:31:05"
2570,100,0,0,0.292000000000002,12,"2026-10-02 17:31:05"
2571,100,0,0,0.268000000000001,12,"2026-10-02 17:31:05"
2572,100,0,0,0.290000000000006,12,"2026-10-02 17:31:05"
2573,100,0,0,0.254999999999995,12,"2026-10-02 17:31:05"
2574,100,0,0,0.251000000000005,12,"2026-10-02 17:31:05"
2575,100,0,0,0.299999999999997,12,"2026-10-02 17:31:05"
2576,100,0,0,0.25200000000001,12,"2026-10-02 17:31:05"
2577,100,0,0,0.248999999999995,12,"2026-10-02 17:31:05"
2578,100,0,0,0.258999999999986,12,"2026-10-02 17:31:05"
2579,100,0,0,0.253,12,"2026-10-02 17:31:05"
2580,100,0,0,0.266000000000005,12,"2026-10-02 17:31:05"
2581,100,0,0,0.259,12,"2026-10-02 17:31:05"
2582,100,0,0,0.269000000000005,12,"2026-10-02 17:31:05"
2583,100,0,0,0.250999999999991,12,"2026-10-02 17:31:05"
2584,100,0,0,0.245999999999995,12,"2026-10-02 17:31:05"
2585,100,0,0,0.251000000000005,12,"2026-10-02 17:31:05"
2586,100,0,0,0.266999999999996,12,"2026-10-02 17:31:05"
2587,100,0,0,0.254000000000005,12,"2026-10-02 17:31:05"
2588,100,0,0,0.236999999999995,12,"2026-10-02 17:31:05"
2589,100,0,0,0.262,12,"2026-10-02 17:31:05"
2590,100,0,0,0.248000000000005,12,"2026-10-02 17:31:05"
2591,100,0,0,0.233000000000004,12,"2026-10-02 17:31:05"
2592,100,0,0,0.266999999999996,12,"2026-10-02 17:31:05"
2593,100,0,0,0.263000000000005,12,"2026-10-02 17:31:05"
2594,100,0,0,0.239999999999995,12,"2026-10-02 17:31:05"
2595,100,0,0,0.231999999999999,12,"2026-10-02 17:31:05"
2596,100,0,0,0.272000000000006,12,"2026-10-02 17:31:05"
2597,100,0,0,0.289999999999992,12,"2026-10-02 17:31:05"
2598,100,0,0,0.242000000000004,12,"2026-10-02 17:31:05"
2599,100,0,0,0.259,12,"2026-10-02 17:31:05"
2600,100,0,0,0.263000000000005,12,"2026-10-02 17:31:05"
2601,100,0,0,0.269000000000005,12,"2026-10-02 17:31:05"
2602,100,0,0,0.265000000000001,12,"2026-10-02 17:31:05"
2603,100,0,0,0.312000000000012,12,"2026-10-02 17:31:05"
2604,100,1,0,0.295999999999992,12,"2026-10-02 17:31:05"
2605,100,0,0,0.289000000000001,12,"2026-10-02 17:31:05"
2606,100,0,0,0.316000000000003,12,"2026-10-02 17:31:05"
2607,100,0,0,0.268999999999991,12,"2026-10-02 17:31:05"
2608,100,0,0,0.293999999999997,12,"2026-10-02 17:31:05"
2609,100,0,0,0.285000000000011,12,"2026-10-02 17:31:05"
2610,100,0,0,0.296999999999997,12,"2026-10-02 17:31:05"
2611,100,0,0,0.298999999999992,12,"2026-10-02 17:31:05"
2612,100,1,0,0.295000000000002,12,"2026-10-02 17:31:05"
2613,100,0,0,0.313000000000002,12,"2026-10-02 17:31:05"
2614,100,0,0,0.287999999999997,12,"2026-10-02 17:31:05"
2615,100,0,0,0.304000000000002,12,"2026-10-02 17:31:05"
2616,100,0,0,0.355000000000004,12,"2026-10-02 17:31:05"
2617,100,0,0,0.296999999999997,12,"2026-10-02 17:31:05"
2618,100,0,0,0.262,12,"2026-10-02 17:31:05"
2619,100,0,0,0.304000000000002,12,"2026-10-02 17:31:05"
2620,100,0,0,0.317999999999998,12,"2026-10-02 17:31:05"
2621,100,0,0,0.332999999999998,12,"2026-10-02 17:31:05"
2622,100,0,0,0.312000000000012,12,"2026-10-02 17:31:05"
2623,100,0,0,0.263000000000005,12,"2026-10-02 17:31:05"
2624,100,0,0,0.278999999999996,12,"2026-10-02 17:31:05"
2625,100,0,0,0.322999999999993,12,"2026-10-02 17:31:05"
2626,100,0,0,0.302000000000007,12,"2026-10-02 17:31:05"
2627,100,0,0,0.305000000000007,12,"2026-10-02 17:31:05"
2628,100,0,0,0.316999999999993,12,"2026-10-02 17:31:05"
2629,100,0,0,0.272999999999996,12,"2026-10-02 17:31:05"
2630,100,0,0,0.322000000000003,12,"2026-10-02 17:31:05"
2631,100,0,0,0.286999999999992,12,"2026-10-02 17:31:05"
2632,100,1,0,0.289999999999992,12,"2026-10-02 17:31:05"
2633,100,0,0,0.271000000000001,12,"2026-10-02 17:31:05"
2634,100,0,0,0.286000000000001,12,"2026-10-02 17:31:05"
2635,100,0,0,0.25,12,"2026-10-02 17:31:05"
2636,100,0,0,0.280000000000001,12,"2026-10-02 17:31:05"
2637,100,0,0,0.265000000000001,12,"2026-10-02 17:31:05"
2638,100,0,0,0.310000000000002,12,"2026-10-02 17:31:05"
2639,100,0,0,0.287000000000006,12,"2026-10-02 17:31:05"
2640,100,0,0,0.271999999999991,12,"2026-10-02 17:31:05"
2641,100,0,0,0.332999999999998,12,"2026-10-02 17:31:05"
2642,100,0,0,0.298999999999992,12,"2026-10-02 17:31:05"
2643,100,0,0,0.259999999999991,12,"2026-10-02 17:31:05"
2644,100,0,0,0.296999999999997,12,"2026-10-02 17:31:05"
2645,100,0,0,0.281000000000006,12,"2026-10-02 17:31:05"
2646,100,0,0,0.287999999999997,12,"2026-10-02 17:31:05"
2647,100,0,0,0.289000000000001,12,"2026-10-02 17:31:05"
2648,100,0,0,0.285999999999987,12,"2026-10-02 17:31:05"
2649,100,0,0,0.266000000000005,12,"2026-10-02 17:31:05"
2650,100,0,0,0.300000000000011,12,"2026-10-02 17:31:05"
2651,100,0,0,0.313000000000002,12,"2026-10-02 17:31:05"
2652,100,0,0,0.301000000000002,12,"2026-10-02 17:31:05"
2653,100,0,0,0.277000000000001,12,"2026-10-02 17:31:05"
2654,100,0,0,0.292000000000002,12,"2026-10-02 17:31:05"
2655,100,0,0,0.274000000000001,12,"2026-10-02 17:31:05"
2656,100,0,0,0.289000000000001,12,"2026-10-02 17:31:05"
2657,100,0,0,0.265000000000001,12,"2026-10-02 17:31:05"
2658,100,0,0,0.271000000000001,12,"2026-10-02 17:31:05"
2659,100,0,0,0.307999999999993,12,"2026-10-02 17:31:05"
2660,100,0,0,0.259999999999991,12,"2026-10-02 17:31:05"
2661,100,0,0,0.311999999999998,12,"2026-10-02 17:31:05"
2662,100,0,0,0.293999999999997,12,"2026-10-02 17:31:05"
2663,100,0,0,0.254999999999995,12,"2026-10-02 17:31:05"
2664,100,0,0,0.293999999999997,12,"2026-10-02 17:31:05"
2665,100,0,0,0.314000000000007,12,"2026-10-02 17:31:05"
2666,100,1,0,0.294999999999987,12,"2026-10-02 17:31:05"
2667,100,0,0,0.268000000000001,12,"2026-10-02 17:31:05"
2668,100,0,0,0.307000000000002,12,"2026-10-02 17:31:05"
2669,100,0,0,0.289000000000001,12,"2026-10-02 17:31:05"
2670,100,0,0,0.263000000000005,12,"2026-10-02 17:31:05"
2671,100,0,0,0.269999999999996,12,"2026-10-02 17:31:05"
2672,100,0,0,0.283999999999992,12,"2026-10-02 17:31:05"
2673,100,0,0,0.27600000000001,12,"2026-10-02 17:31:05"
2674,100,0,0,0.26400000000001,12,"2026-10-02 17:31:05"
2675,100,0,0,0.284999999999997,12,"2026-10-02 17:31:05"
2676,100,0,0,0.277999999999992,12,"2026-10-02 17:31:05"
2677,100,0,0,0.281999999999996,12,"2026-10-02 17:31:05"
2678,100,0,0,0.271000000000001,12,"2026-10-02 17:31:05"
2679,100,0,0,0.288000000000011,12,"2026-10-02 17:31:05"
2680,100,0,0,0.274000000000001,12,"2026-10-02 17:31:05"
2681,100,0,0,0.315999999999988,12,"2026-10-02 17:31:05"
2682,100,0,0,0.298000000000002,12,"2026-10-02 17:31:05"
2683,100,0,0,0.275999999999996,12,"2026-10-02 17:31:05"
2684,100,0,0,0.271000000000001,12,"2026-10-02 17:31:05"
2685,100,0,0,0.266000000000005,12,"2026-10-02 17:31:05"
2686,100,0,0,0.290999999999997,12,"2026-10-02 17:31:05"
2687,100,0,0,0.269000000000005,12,"2026-10-02 17:31:05"
2688,100,0,0,0.296999999999997,12,"2026-10-02 17:31:05"
2689,100,0,0,0.307999999999993,12,"2026-10-02 17:31:05"
2690,100,0,0,0.251999999999995,12,"2026-10-02 17:31:05"
2691,100,0,0,0.293999999999997,12,"2026-10-02 17:31:05"
2692,100,0,0,0.299999999999997,12,"2026-10-02 17:31:05"
2693,100,0,0,0.302999999999997,12,"2026-10-02 17:31:05"
2694,100,0,0,0.298000000000002,12,"2026-10-02 17:31:05"
2695,100,0,0,0.275999999999996,12,"2026-10-02 17:31:05"
2696,100,0,0,0.305999999999997,12,"2026-10-02 17:31:05"
2697,100,0,0,0.298999999999992,12,"2026-10-02 17:31:05"
2698,100,0,0,0.275999999999996,12,"2026-10-02 17:31:05"
2699,100,0,0,0.281999999999996,12,"2026-10-02 17:31:05"
2700,100,0,0,0.290999999999997,12,"2026-10-02 17:31:05"
2701,100,1,0,0.310000000000002,12,"2026-10-02 17:31:05"
2702,100,0,0,0.310000000000002,12,"2026-10-02 17:31:05"
2703,100,0,0,0.316000000000003,12,"2026-10-02 17:31:05"
2704,100,0,0,0.304000000000002,12,"2026-10-02 17:31:05"
2705,100,0,0,0.311000000000007,12,"2026-10-02 17:31:05"
2706,100,0,0,0.335999999999999,12,"2026-10-02 17:31:05"
2707,100,0,0,0.353999999999999,12,"2026-10-02 17:31:05"
2708,100,0,0,0.358000000000004,12,"2026-10-02 17:31:05"
2709,100,0,0,0.287999999999997,12,"2026-10-02 17:31:05"
2710,100,0,0,0.338999999999999,12,"2026-10-02 17:31:05"
2711,100,0,0,0.334000000000003,12,"2026-10-02 17:31:05"
2712,100,0,0,0.304000000000002,12,"2026-10-02 17:31:05"
2713,100,0,0,0.318000000000012,12,"2026-10-02 17:31:05"
2714,100,0,0,0.320000000000007,12,"2026-10-02 17:31:05"
2715,100,0,0,0.338999999999999,12,"2026-10-02 17:31:05"
2716,100,0,0,0.320999999999998,12,"2026-10-02 17:31:05"
2717,100,0,0,0.337999999999994,12,"2026-10-02 17:31:05"
2718,100,0,0,0.310000000000002,12,"2026-10-02 17:31:05"
2719,100,0,0,0.305000000000007,12,"2026-10-02 17:31:05"
2720,100,0,0,0.286000000000001,12,"2026-10-02 17:31:05"
2721,100,0,0,0.311999999999998,12,"2026-10-02 17:31:05"
2722,100,0,0,0.302000000000007,12,"2026-10-02 17:31:05"
2723,100,0,0,0.304000000000002,12,"2026-10-02 17:31:05"
2724,100,0,0,0.289999999999992,12,"2026-10-02 17:31:05"
2725,100,0,0,0.304000000000002,12,"2026-10-02 17:31:05"
2726,100,0,0,0.352999999999994,12,"2026-10-02 17:31:05"
2727,100,0,0,0.290999999999997,12,"2026-10-02 17:31:05"
2728,100,0,0,0.287000000000006,12,"2026-10-02 17:31:05"
2729,100,0,0,0.309999999999988,12,"2026-10-02 17:31:05"
2730,100,0,0,0.307999999999993,12,"2026-10-02 17:31:05"
2731,100,0,0,0.318999999999988,12,"2026-10-02 17:31:05"
2732,100,0,0,0.292999999999992,12,"2026-10-02 17:31:05"
2733,100,0,0,0.319999999999993,12,"2026-10-02 17:31:05"
2734,100,0,0,0.344999999999999,12,"2026-10-02 17:31:05"
2735,100,0,0,0.311999999999998,12,"2026-10-02 17:31:05"
2736,100,0,0,0.344999999999999,12,"2026-10-02 17:31:05"
2737,100,0,0,0.340000000000003,12,"2026-10-02 17:31:05"
2738,100,0,0,0.310999999999993,12,"2026-10-02 17:31:05"
2739,100,0,0,0.289999999999992,12,"2026-10-02 17:31:05"
2740,100,0,0,0.314999999999998,12,"2026-10-02 17:31:05"
2741,100,0,0,0.311000000000007,12,"2026-10-02 17:31:05"
2742,100,0,0,0.304999999999993,12,"2026-10-02 17:31:05"
2743,100,0,0,0.295999999999992,12,"2026-10-02 17:31:05"
2744,100,0,0,0.283000000000001,12,"2026-10-02 17:31:05"
2745,100,0,0,0.344999999999999,12,"2026-10-02 17:31:05"
2746,100,0,0,0.318999999999988,12,"2026-10-02 17:31:05"
2747,100,0,0,0.296999999999997,12,"2026-10-02 17:31:05"
2748,100,0,0,0.340000000000003,12,"2026-10-02 17:31:05"
2749,100,0,0,0.320999999999998,12,"2026-10-02 17:31:05"
2750,100,0,0,0.320000000000007,12,"2026-10-02 17:31:05"
2751,100,0,0,0.314999999999998,12,"2026-10-02 17:31:05"
2752,100,0,0,0.302999999999997,12,"2026-10-02 17:31:05"
2753,100,0,0,0.300000000000011,12,"2026-10-02 17:31:05"
2754,100,0,0,0.320999999999998,12,"2026-10-02 17:31:05"
2755,100,0,0,0.322999999999993,12,"2026-10-02 17:31:05"
2756,100,0,0,0.315999999999988,12,"2026-10-02 17:31:05"
2757,100,1,0,0.289999999999992,12,"2026-10-02 17:31:05"
2758,100,0,0,0.314999999999998,12,"2026-10-02 17:31:05"
2759,100,1,0,0.317999999999998,12,"2026-10-02 17:31:05"
2760,100,0,0,0.332999999999998,12,"2026-10-02 17:31:05"
2761,100,0,0,0.299000000000007,12,"2026-10-02 17:31:05"
2762,100,0,0,0.307000000000002,12,"2026-10-02 17:31:05"
2763,100,0,0,0.311000000000007,12,"2026-10-02 17:31:05"
2764,100,0,0,0.304999999999993,12,"2026-10-02 17:31:05"
2765,100,1,0,0.299999999999997,12,"2026-10-02 17:31:05"
2766,100,0,0,0.307000000000002,12,"2026-10-02 17:31:05"
2767,100,0,0,0.310000000000002,12,"2026-10-02 17:31:05"
2768,100,0,0,0.328000000000003,12,"2026-10-02 17:31:05"
2769,100,0,0,0.293000000000006,12,"2026-10-02 17:31:05"
2770,100,0,0,0.325999999999993,12,"2026-10-02 17:31:05"
2771,100,1,0,0.335999999999999,12,"2026-10-02 17:31:05"
2772,100,0,0,0.302999999999997,12,"2026-10-02 17:31:05"
2773,100,0,0,0.305000000000007,12,"2026-10-02 17:31:05"
2774,100,0,0,0.311999999999998,12,"2026-10-02 17:31:05"
2775,100,0,0,0.314000000000007,12,"2026-10-02 17:31:05"
2776,100,0,0,0.305000000000007,12,"2026-10-02 17:31:05"
2777,100,1,0,0.347000000000008,12,"2026-10-02 17:31:05"
2778,100,0,0,0.323999999999998,12,"2026-10-02 17:31:05"
2779,100,1,0,0.318999999999988,12,"2026-10-02 17:31:05"
2780,100,0,0,0.332000000000008,12,"2026-10-02 17:31:05"
2781,100,0,0,0.310000000000002,12,"2026-10-02 17:31:05"
2782,100,0,0,0.298000000000002,12,"2026-10-02 17:31:05"
2783,100,0,0,0.321000000000012,12,"2026-10-02 17:31:05"
2784,100,0,0,0.335999999999999,12,"2026-10-02 17:31:05"
2785,100,0,0,0.314999999999998,12,"2026-10-02 17:31:05"
2786,100,0,0,0.347000000000008,12,"2026-10-02 17:31:05"
2787,100,0,0,0.320000000000007,12,"2026-10-02 17:31:05"
2788,100,0,0,0.301000000000002,12,"2026-10-02 17:31:05"
2789,100,0,0,0.311999999999998,12,"2026-10-02 17:31:05"
2790,100,0,0,0.299000000000007,12,"2026-10-02 17:31:05"
2791,100,0,0,0.342999999999989,12,"2026-10-02 17:31:05"
2792,100,0,0,0.288999999999987,12,"2026-10-02 17:31:05"
2793,100,0,0,0.345000000000013,12,"2026-10-02 17:31:05"
2794,100,0,0,0.320999999999998,12,"2026-10-02 17:31:05"
2795,100,0,0,0.322000000000003,12,"2026-10-02 17:31:05"
2796,100,0,0,0.310000000000002,12,"2026-10-02 17:31:05"
2797,100,0,0,0.277000000000001,12,"2026-10-02 17:31:05"
2798,100,0,0,0.320999999999998,12,"2026-10-02 17:31:05"
2799,100,1,0,0.322999999999993,12,"2026-10-02 17:31:05"
2800,100,0,0,0.346999999999994,12,"2026-10-02 17:31:05"
2801,100,0,0,0.254999999999995,12,"2026-10-02 17:31:05"
2802,100,0,0,0.233999999999995,12,"2026-10-02 17:31:05"
2803,100,0,0,0.221999999999994,12,"2026-10-02 17:31:05"
2804,100,0,0,0.227999999999994,12,"2026-10-02 17:31:05"
2805,100,0,0,0.247,12,"2026-10-02 17:31:05"
2806,100,0,0,0.221999999999994,12,"2026-10-02 17:31:05"
2807,100,0,0,0.230999999999995,12,"2026-10-02 17:31:05"
2808,100,0,0,0.233999999999995,12,"2026-10-02 17:31:05"
2809,100,0,0,0.213999999999999,12,"2026-10-02 17:31:05"
2810,100,0,0,0.248999999999995,12,"2026-10-02 17:31:05"
2811,100,0,0,0.234999999999999,12,"2026-10-02 17:31:05"
2812,100,0,0,0.234999999999999,12,"2026-10-02 17:31:05"
2813,100,0,0,0.218000000000004,12,"2026-10-02 17:31:05"
2814,100,0,0,0.265999999999991,12,"2026-10-02 17:31:05"
2815,100,0,0,0.216999999999999,12,"2026-10-02 17:31:05"
2816,100,0,0,0.238,12,"2026-10-02 17:31:05"
2817,100,0,0,0.247,12,"2026-10-02 17:31:05"
2818,100,0,0,0.248999999999995,12,"2026-10-02 17:31:05"
2819,100,0,0,0.224999999999994,12,"2026-10-02 17:31:05"
2820,100,0,0,0.292000000000002,12,"2026-10-02 17:31:05"
2821,100,0,0,0.224999999999994,12,"2026-10-02 17:31:05"
2822,100,0,0,0.227000000000004,12,"2026-10-02 17:31:05"
2823,100,0,0,0.221000000000004,12,"2026-10-02 17:31:05"
2824,100,0,0,0.248999999999995,12,"2026-10-02 17:31:05"
2825,100,0,0,0.228999999999999,12,"2026-10-02 17:31:05"
2826,100,0,0,0.227999999999994,12,"2026-10-02 17:31:05"
2827,100,0,0,0.194999999999993,12,"2026-10-02 17:31:05"
2828,100,0,0,0.263000000000005,12,"2026-10-02 17:31:05"
2829,100,0,0,0.215999999999994,12,"2026-10-02 17:31:05"
2830,100,0,0,0.215999999999994,12,"2026-10-02 17:31:05"
2831,100,0,0,0.245999999999995,12,"2026-10-02 17:31:05"
2832,100,0,0,0.236999999999995,12,"2026-10-02 17:31:05"
2833,100,0,0,0.22999999999999,12,"2026-10-02 17:31:05"
2834,100,0,0,0.22399999999999,12,"2026-10-02 17:31:05"
2835,100,0,0,0.210999999999999,12,"2026-10-02 17:31:05"
2836,100,0,0,0.227999999999994,12,"2026-10-02 17:31:05"
2837,100,0,0,0.222999999999999,12,"2026-10-02 17:31:05"
2838,100,0,0,0.227000000000004,12,"2026-10-02 17:31:05"
2839,100,0,0,0.242000000000004,12,"2026-10-02 17:31:05"
2840,100,0,0,0.253,12,"2026-10-02 17:31:05"
2841,100,0,0,0.242000000000004,12,"2026-10-02 17:31:05"
2842,100,0,0,0.236000000000004,12,"2026-10-02 17:31:05"
2843,100,0,0,0.222000000000008,12,"2026-10-02 17:31:05"
2844,100,0,0,0.222999999999999,12,"2026-10-02 17:31:05"
2845,100,0,0,0.222000000000008,12,"2026-10-02 17:31:05"
2846,100,0,0,0.228999999999999,12,"2026-10-02 17:31:05"
2847,100,0,0,0.236999999999995,12,"2026-10-02 17:31:05"
2848,100,0,0,0.216999999999999,12,"2026-10-02 17:31:05"
2849,100,0,0,0.242000000000004,12,"2026-10-02 17:31:05"
2850,100,0,0,0.26700000000001,12,"2026-10-02 17:31:05"
2851,100,0,0,0.236000000000004,12,"2026-10-02 17:31:05"
2852,100,0,0,0.225000000000009,12,"2026-10-02 17:31:05"
2853,100,0,0,0.212000000000003,12,"2026-10-02 17:31:05"
2854,100,0,0,0.224999999999994,12,"2026-10-02 17:31:05"
2855,100,0,0,0.242000000000004,12,"2026-10-02 17:31:05"
2856,100,0,0,0.218000000000004,12,"2026-10-02 17:31:05"
2857,100,0,0,0.259,12,"2026-10-02 17:31:05"
2858,100,0,0,0.249000000000009,12,"2026-10-02 17:31:05"
2859,100,0,0,0.234999999999999,12,"2026-10-02 17:31:05"
2860,100,0,0,0.222999999999999,12,"2026-10-02 17:31:05"
2861,100,0,0,0.256999999999991,12,"2026-10-02 17:31:05"
2862,100,0,0,0.236999999999995,12,"2026-10-02 17:31:05"
2863,100,0,0,0.245000000000005,12,"2026-10-02 17:31:05"
2864,100,0,0,0.234000000000009,12,"2026-10-02 17:31:05"
2865,100,0,0,0.247,12,"2026-10-02 17:31:05"
2866,100,0,0,0.246000000000009,12,"2026-10-02 17:31:05"
2867,100,0,0,0.239999999999995,12,"2026-10-02 17:31:05"
2868,100,0,0,0.230000000000004,12,"2026-10-02 17:31:05"
2869,100,0,0,0.233000000000004,12,"2026-10-02 17:31:05"
2870,100,0,0,0.240000000000009,12,"2026-10-02 17:31:05"
2871,100,0,0,0.241,12,"2026-10-02 17:31:05"
2872,100,0,0,0.241,12,"2026-10-02 17:31:05"
2873,100,0,0,0.224999999999994,12,"2026-10-02 17:31:05"
2874,100,0,0,0.240000000000009,12,"2026-10-02 17:31:05"
2875,100,0,0,0.253999999999991,12,"2026-10-02 17:31:05"
2876,100,0,0,0.219999999999999,12,"2026-10-02 17:31:05"
2877,100,0,0,0.228000000000009,12,"2026-10-02 17:31:05"
2878,100,0,0,0.216999999999999,12,"2026-10-02 17:31:05"
2879,100,0,0,0.227999999999994,12,"2026-10-02 17:31:05"
2880,100,0,0,0.303999999999988,12,"2026-10-02 17:31:05"
2881,100,0,0,0.22999999999999,12,"2026-10-02 17:31:05"
2882,100,0,0,0.225999999999999,12,"2026-10-02 17:31:05"
2883,100,0,0,0.225999999999999,12,"2026-10-02 17:31:05"
2884,100,0,0,0.234000000000009,12,"2026-10-02 17:31:05"
2885,100,0,0,0.256999999999991,12,"2026-10-02 17:31:05"
2886,100,0,0,0.286000000000001,12,"2026-10-02 17:31:05"
2887,100,0,0,0.266000000000005,12,"2026-10-02 17:31:05"
2888,100,0,0,0.25500000000001,12,"2026-10-02 17:31:05"
2889,100,0,0,0.240000000000009,12,"2026-10-02 17:31:05"
2890,100,0,0,0.254999999999995,12,"2026-10-02 17:31:05"
2891,100,0,0,0.241,12,"2026-10-02 17:31:05"
2892,100,0,0,0.218000000000004,12,"2026-10-02 17:31:05"
2893,100,0,0,0.266000000000005,12,"2026-10-02 17:31:05"
2894,100,0,0,0.22999999999999,12,"2026-10-02 17:31:05"
2895,100,0,0,0.25,12,"2026-10-02 17:31:05"
2896,100,0,0,0.231000000000009,12,"2026-10-02 17:31:05"
2897,100,0,0,0.241,12,"2026-10-02 17:31:05"
2898,100,0,0,0.248000000000005,12,"2026-10-02 17:31:05"
2899,100,0,0,0.233999999999995,12,"2026-10-02 17:31:05"
2900,100,0,0,0.221999999999994,12,"2026-10-02 17:31:05"
2901,100,0,0,0.265000000000001,12,"2026-10-02 17:31:05"
2902,100,0,0,0.230999999999995,12,"2026-10-02 17:31:05"
2903,100,0,0,0.24199999999999,12,"2026-10-02 17:31:05"
2904,100,0,0,0.245000000000005,12,"2026-10-02 17:31:05"
2905,100,0,0,0.238,12,"2026-10-02 17:31:05"
2906,100,0,0,0.280000000000001,12,"2026-10-02 17:31:05"
2907,100,0,0,0.296000000000006,12,"2026-10-02 17:31:05"
2908,100,0,0,0.25,12,"2026-10-02 17:31:05"
2909,100,0,0,0.302999999999997,12,"2026-10-02 17:31:05"
2910,100,0,0,0.251999999999995,12,"2026-10-02 17:31:05"
2911,100,0,0,0.245999999999995,12,"2026-10-02 17:31:05"
2912,100,0,0,0.245000000000005,12,"2026-10-02 17:31:05"
2913,100,0,0,0.259999999999991,12,"2026-10-02 17:31:05"
2914,100,0,0,0.244,12,"2026-10-02 17:31:05"
2915,100,0,0,0.245000000000005,12,"2026-10-02 17:31:05"
2916,100,0,0,0.275000000000006,12,"2026-10-02 17:31:05"
2917,100,1,0,0.260000000000005,12,"2026-10-02 17:31:05"
2918,100,0,0,0.296000000000006,12,"2026-10-02 17:31:05"
2919,100,0,0,0.298999999999992,12,"2026-10-02 17:31:05"
2920,100,0,0,0.263999999999996,12,"2026-10-02 17:31:05"
2921,100,0,0,0.24499999999999,12,"2026-10-02 17:31:05"
2922,100,0,0,0.238,12,"2026-10-02 17:31:05"
2923,100,0,0,0.257999999999996,12,"2026-10-02 17:31:05"
2924,100,0,0,0.266999999999996,12,"2026-10-02 17:31:05"
2925,100,0,0,0.254999999999995,12,"2026-10-02 17:31:05"
2926,100,0,0,0.242000000000004,12,"2026-10-02 17:31:05"
2927,100,0,0,0.244,12,"2026-10-02 17:31:05"
2928,100,0,0,0.268000000000001,12,"2026-10-02 17:31:05"
2929,100,0,0,0.269000000000005,12,"2026-10-02 17:31:05"
2930,100,0,0,0.266999999999996,12,"2026-10-02 17:31:05"
2931,100,0,0,0.259,12,"2026-10-02 17:31:05"
2932,100,0,0,0.253,12,"2026-10-02 17:31:05"
2933,100,0,0,0.230000000000004,12,"2026-10-02 17:31:05"
2934,100,0,0,0.228999999999999,12,"2026-10-02 17:31:05"
2935,100,0,0,0.265000000000001,12,"2026-10-02 17:31:05"
2936,100,0,0,0.241,12,"2026-10-02 17:31:05"
2937,100,0,0,0.25,12,"2026-10-02 17:31:05"
2938,100,0,0,0.234999999999999,12,"2026-10-02 17:31:05"
2939,100,0,0,0.266999999999996,12,"2026-10-02 17:31:05"
2940,100,0,0,0.305999999999997,12,"2026-10-02 17:31:05"
2941,100,0,0,0.289000000000001,12,"2026-10-02 17:31:05"
2942,100,0,0,0.257000000000005,12,"2026-10-02 17:31:05"
2943,100,0,0,0.224999999999994,12,"2026-10-02 17:31:05"
2944,100,0,0,0.241,12,"2026-10-02 17:31:05"
2945,100,0,0,0.247,12,"2026-10-02 17:31:05"
2946,100,0,0,0.284999999999997,12,"2026-10-02 17:31:05"
2947,100,0,0,0.25,12,"2026-10-02 17:31:05"
2948,100,0,0,0.254000000000005,12,"2026-10-02 17:31:05"
2949,100,0,0,0.280000000000001,12,"2026-10-02 17:31:05"
2950,100,0,0,0.260999999999996,12,"2026-10-02 17:31:05"
2951,100,0,0,0.257999999999996,12,"2026-10-02 17:31:05"
2952,100,0,0,0.262,12,"2026-10-02 17:31:05"
2953,100,0,0,0.262999999999991,12,"2026-10-02 17:31:05"
2954,100,0,0,0.265000000000001,12,"2026-10-02 17:31:05"
2955,100,0,0,0.275999999999996,12,"2026-10-02 17:31:05"
2956,100,0,0,0.254999999999995,12,"2026-10-02 17:31:05"
2957,100,0,0,0.263999999999996,12,"2026-10-02 17:31:05"
2958,100,0,0,0.244,12,"2026-10-02 17:31:05"
2959,100,0,0,0.247,12,"2026-10-02 17:31:05"
2960,100,0,0,0.257000000000005,12,"2026-10-02 17:31:05"
2961,100,0,0,0.272999999999996,12,"2026-10-02 17:31:05"
2962,100,0,0,0.271000000000001,12,"2026-10-02 17:31:05"
2963,100,0,0,0.259,12,"2026-10-02 17:31:05"
2964,100,0,0,0.283000000000001,12,"2026-10-02 17:31:05"
2965,100,0,0,0.251000000000005,12,"2026-10-02 17:31:05"
2966,100,0,0,0.278999999999996,12,"2026-10-02 17:31:05"
2967,100,0,0,0.260000000000005,12,"2026-10-02 17:31:05"
2968,100,0,0,0.275999999999996,12,"2026-10-02 17:31:05"
2969,100,0,0,0.251000000000005,12,"2026-10-02 17:31:05"
2970,100,0,0,0.254999999999995,12,"2026-10-02 17:31:05"
2971,100,0,0,0.247,12,"2026-10-02 17:31:05"
2972,100,0,0,0.265000000000001,12,"2026-10-02 17:31:05"
2973,100,0,0,0.277999999999992,12,"2026-10-02 17:31:05"
2974,100,0,0,0.275999999999996,12,"2026-10-02 17:31:05"
2975,100,0,0,0.277999999999992,12,"2026-10-02 17:31:05"
2976,100,0,0,0.280000000000001,12,"2026-10-02 17:31:05"
2977,100,0,0,0.263999999999996,12,"2026-10-02 17:31:05"
2978,100,0,0,0.272000000000006,12,"2026-10-02 17:31:05"
2979,100,0,0,0.256,12,"2026-10-02 17:31:05"
2980,100,0,0,0.247,12,"2026-10-02 17:31:05"
2981,100,0,0,0.25500000000001,12,"2026-10-02 17:31:05"
2982,100,0,0,0.257000000000005,12,"2026-10-02 17:31:05"
2983,100,0,0,0.248999999999995,12,"2026-10-02 17:31:05"
2984,100,0,0,0.286999999999992,12,"2026-10-02 17:31:05"
2985,100,0,0,0.320000000000007,12,"2026-10-02 17:31:05"
2986,100,0,0,0.228999999999999,12,"2026-10-02 17:31:05"
2987,100,0,0,0.334999999999994,12,"2026-10-02 17:31:05"
2988,100,0,0,0.245000000000005,12,"2026-10-02 17:31:05"
2989,100,0,0,0.244,12,"2026-10-02 17:31:05"
2990,100,0,0,0.248000000000005,12,"2026-10-02 17:31:05"
2991,100,0,0,0.274999999999991,12,"2026-10-02 17:31:05"
2992,100,0,0,0.26100000000001,12,"2026-10-02 17:31:05"
2993,100,0,0,0.281000000000006,12,"2026-10-02 17:31:05"
2994,100,0,0,0.301000000000002,12,"2026-10-02 17:31:05"
2995,100,0,0,0.296999999999997,12,"2026-10-02 17:31:05"
2996,100,0,0,0.287000000000006,12,"2026-10-02 17:31:05"
2997,100,0,0,0.26400000000001,12,"2026-10-02 17:31:05"
2998,100,0,0,0.346000000000004,12,"2026-10-02 17:31:05"
2999,100,0,0,0.295000000000002,12,"2026-10-02 17:31:05"
3000,100,0,0,0.304000000000002,12,"2026-10-02 17:31:05"
3001,100,0,0,0.298000000000002,12,"2026-10-02 17:31:05"
3002,100,0,0,0.308000000000007,12,"2026-10-02 17:31:05"
3003,100,0,0,0.286000000000001,12,"2026-10-02 17:31:05"
3004,100,0,0,0.319000000000003,12,"2026-10-02 17:31:05"
3005,100,0,0,0.340000000000003,12,"2026-10-02 17:31:05"
3006,100,0,0,0.344999999999999,12,"2026-10-02 17:31:05"
3007,100,0,0,0.347999999999999,12,"2026-10-02 17:31:05"
3008,100,0,0,0.297999999999988,12,"2026-10-02 17:31:05"
3009,100,0,0,0.338999999999999,12,"2026-10-02 17:31:05"
3010,100,0,0,0.310999999999993,12,"2026-10-02 17:31:05"
3011,100,0,0,0.323000000000008,12,"2026-10-02 17:31:05"
3012,100,0,0,0.331000000000003,12,"2026-10-02 17:31:05"
3013,100,0,0,0.343999999999994,12,"2026-10-02 17:31:05"
3014,100,0,0,0.296999999999997,12,"2026-10-02 17:31:05"
3015,100,1,0,0.319999999999993,12,"2026-10-02 17:31:05"
3016,100,0,0,0.344999999999999,12,"2026-10-02 17:31:05"
3017,100,0,0,0.329999999999998,12,"2026-10-02 17:31:05"
3018,100,0,0,0.344000000000008,12,"2026-10-02 17:31:05"
3019,100,0,0,0.340000000000003,12,"2026-10-02 17:31:05"
3020,100,0,0,0.329999999999998,12,"2026-10-02 17:31:05"
3021,100,0,0,0.331000000000003,12,"2026-10-02 17:31:05"
3022,100,0,0,0.364999999999995,12,"2026-10-02 17:31:05"
3023,100,0,0,0.321999999999989,12,"2026-10-02 17:31:05"
3024,100,0,0,0.356999999999999,12,"2026-10-02 17:31:05"
3025,100,0,0,0.310999999999993,12,"2026-10-02 17:31:05"
3026,100,0,0,0.281000000000006,12,"2026-10-02 17:31:05"
3027,100,0,0,0.320999999999998,12,"2026-10-02 17:31:05"
3028,100,0,0,0.376999999999995,12,"2026-10-02 17:31:05"
3029,100,0,0,0.316000000000003,12,"2026-10-02 17:31:05"
3030,100,0,0,0.331000000000003,12,"2026-10-02 17:31:05"
3031,100,0,0,0.271000000000001,12,"2026-10-02 17:31:05"
3032,100,0,0,0.316000000000003,12,"2026-10-02 17:31:05"
3033,100,0,0,0.323000000000008,12,"2026-10-02 17:31:05"
3034,100,0,0,0.305000000000007,12,"2026-10-02 17:31:05"
3035,100,0,0,0.308999999999997,12,"2026-10-02 17:31:05"
3036,100,0,0,0.301000000000002,12,"2026-10-02 17:31:05"
3037,100,1,0,0.305999999999997,12,"2026-10-02 17:31:05"
3038,100,1,0,0.271000000000001,12,"2026-10-02 17:31:05"
3039,100,1,0,0.275000000000006,12,"2026-10-02 17:31:05"
3040,100,0,0,0.322999999999993,12,"2026-10-02 17:31:05"
3041,100,1,0,0.312000000000012,12,"2026-10-02 17:31:05"
3042,100,0,0,0.316000000000003,12,"2026-10-02 17:31:05"
3043,100,0,0,0.287999999999997,12,"2026-10-02 17:31:05"
3044,100,0,0,0.302999999999997,12,"2026-10-02 17:31:05"
3045,100,1,0,0.303999999999988,12,"2026-10-02 17:31:05"
3046,100,0,0,0.284999999999997,12,"2026-10-02 17:31:05"
3047,100,0,0,0.286000000000001,12,"2026-10-02 17:31:05"
3048,100,0,0,0.274000000000001,12,"2026-10-02 17:31:05"
3049,100,0,0,0.262999999999991,12,"2026-10-02 17:31:05"
3050,100,0,0,0.271000000000001,12,"2026-10-02 17:31:05"
3051,100,0,0,0.313000000000002,12,"2026-10-02 17:31:05"
3052,100,0,0,0.274000000000001,12,"2026-10-02 17:31:05"
3053,100,0,0,0.275000000000006,12,"2026-10-02 17:31:05"
3054,100,0,0,0.277999999999992,12,"2026-10-02 17:31:05"
3055,100,0,0,0.305000000000007,12,"2026-10-02 17:31:05"
3056,100,0,0,0.307000000000002,12,"2026-10-02 17:31:05"
3057,100,0,0,0.274000000000001,12,"2026-10-02 17:31:05"
3058,100,0,0,0.305999999999997,12,"2026-10-02 17:31:05"
3059,100,0,0,0.314000000000007,12,"2026-10-02 17:31:05"
3060,100,0,0,0.308000000000007,12,"2026-10-02 17:31:05"
3061,100,0,0,0.293999999999997,12,"2026-10-02 17:31:05"
3062,100,0,0,0.296999999999997,12,"2026-10-02 17:31:05"
3063,100,0,0,0.304000000000002,12,"2026-10-02 17:31:05"
3064,100,0,0,0.274000000000001,12,"2026-10-02 17:31:05"
3065,100,0,0,0.265000000000001,12,"2026-10-02 17:31:05"
3066,100,0,0,0.269999999999996,12,"2026-10-02 17:31:05"
3067,100,1,0,0.271000000000001,12,"2026-10-02 17:31:05"
3068,100,0,0,0.298999999999992,12,"2026-10-02 17:31:05"
3069,100,0,0,0.281999999999996,12,"2026-10-02 17:31:05"
3070,100,0,0,0.292000000000002,12,"2026-10-02 17:31:05"
3071,100,0,0,0.299999999999997,12,"2026-10-02 17:31:05"
3072,100,0,0,0.287999999999997,12,"2026-10-02 17:31:05"
3073,100,0,0,0.304000000000002,12,"2026-10-02 17:31:05"
3074,100,0,0,0.321999999999989,12,"2026-10-02 17:31:05"
3075,100,0,0,0.302000000000007,12,"2026-10-02 17:31:05"
3076,100,0,0,0.307000000000002,12,"2026-10-02 17:31:05"
3077,100,1,0,0.298999999999992,12,"2026-10-02 17:31:05"
3078,100,0,0,0.281999999999996,12,"2026-10-02 17:31:05"
3079,100,0,0,0.304999999999993,12,"2026-10-02 17:31:05"
3080,100,0,0,0.332999999999998,12,"2026-10-02 17:31:05"
3081,100,0,0,0.268999999999991,12,"2026-10-02 17:31:05"
3082,100,0,0,0.302000000000007,12,"2026-10-02 17:31:05"
3083,100,0,0,0.296000000000006,12,"2026-10-02 17:31:05"
3084,100,0,0,0.301999999999992,12,"2026-10-02 17:31:05"
3085,100,0,0,0.293999999999997,12,"2026-10-02 17:31:05"
3086,100,0,0,0.301000000000002,12,"2026-10-02 17:31:05"
3087,100,0,0,0.287000000000006,12,"2026-10-02 17:31:05"
3088,100,0,0,0.284000000000006,12,"2026-10-02 17:31:05"
3089,100,0,0,0.301000000000002,12,"2026-10-02 17:31:05"
3090,100,0,0,0.298999999999992,12,"2026-10-02 17:31:05"
3091,100,0,0,0.274000000000001,12,"2026-10-02 17:31:05"
3092,100,0,0,0.259999999999991,12,"2026-10-02 17:31:05"
3093,100,0,0,0.299000000000007,12,"2026-10-02 17:31:05"
3094,100,0,0,0.268000000000001,12,"2026-10-02 17:31:05"
3095,100,0,0,0.303999999999988,12,"2026-10-02 17:31:05"
3096,100,0,0,0.260000000000005,12,"2026-10-02 17:31:05"
3097,100,0,0,0.284000000000006,12,"2026-10-02 17:31:05"
3098,100,0,0,0.268000000000001,12,"2026-10-02 17:31:05"
3099,100,0,0,0.268000000000001,12,"2026-10-02 17:31:05"
3100,100,0,0,0.301999999999992,12,"2026-10-02 17:31:05"
3101,100,0,0,0.316999999999993,12,"2026-10-02 17:31:05"
3102,100,0,0,0.335999999999999,12,"2026-10-02 17:31:05"
3103,100,0,0,0.303000000000011,12,"2026-10-02 17:31:05"
3104,100,0,0,0.316000000000003,12,"2026-10-02 17:31:05"
3105,100,0,0,0.369,12,"2026-10-02 17:31:05"
3106,100,0,0,0.310000000000002,12,"2026-10-02 17:31:05"
3107,100,0,0,0.289999999999992,12,"2026-10-02 17:31:05"
3108,100,0,0,0.314999999999998,12,"2026-10-02 17:31:05"
3109,100,0,0,0.298000000000002,12,"2026-10-02 17:31:05"
3110,100,0,0,0.305999999999997,12,"2026-10-02 17:31:05"
3111,100,0,0,0.313000000000002,12,"2026-10-02 17:31:05"
3112,100,0,0,0.292000000000002,12,"2026-10-02 17:31:05"
3113,100,0,0,0.340999999999994,12,"2026-10-02 17:31:05"
3114,100,0,0,0.311999999999998,12,"2026-10-02 17:31:05"
3115,100,0,0,0.299000000000007,12,"2026-10-02 17:31:05"
3116,100,0,0,0.331000000000003,12,"2026-10-02 17:31:05"
3117,100,0,0,0.358999999999995,12,"2026-10-02 17:31:05"
3118,100,0,0,0.289000000000001,12,"2026-10-02 17:31:05"
3119,100,0,0,0.323000000000008,12,"2026-10-02 17:31:05"
3120,100,0,0,0.313999999999993,12,"2026-10-02 17:31:05"
3121,100,0,0,0.319999999999993,12,"2026-10-02 17:31:05"
3122,100,0,0,0.313999999999993,12,"2026-10-02 17:31:05"
3123,100,0,0,0.305999999999997,12,"2026-10-02 17:31:05"
3124,100,0,0,0.307000000000002,12,"2026-10-02 17:31:05"
3125,100,0,0,0.317000000000007,12,"2026-10-02 17:31:05"
3126,100,0,0,0.318000000000012,12,"2026-10-02 17:31:05"
3127,100,0,0,0.346999999999994,12,"2026-10-02 17:31:05"
3128,100,0,0,0.328000000000003,12,"2026-10-02 17:31:05"
3129,100,0,0,0.329999999999998,12,"2026-10-02 17:31:05"
3130,100,0,0,0.310000000000002,12,"2026-10-02 17:31:05"
3131,100,0,0,0.287999999999997,12,"2026-10-02 17:31:05"
3132,100,0,0,0.313000000000002,12,"2026-10-02 17:31:05"
3133,100,0,0,0.340000000000003,12,"2026-10-02 17:31:05"
3134,100,0,0,0.340000000000003,12,"2026-10-02 17:31:05"
3135,100,0,0,0.322000000000003,12,"2026-10-02 17:31:05"
3136,100,0,0,0.318999999999988,12,"2026-10-02 17:31:05"
3137,100,0,0,0.323999999999998,12,"2026-10-02 17:31:05"
3138,100,0,0,0.326999999999998,12,"2026-10-02 17:31:05"
3139,100,0,0,0.304000000000002,12,"2026-10-02 17:31:05"
3140,100,0,0,0.335999999999999,12,"2026-10-02 17:31:05"
3141,100,1,0,0.332000000000008,12,"2026-10-02 17:31:05"
3142,100,0,0,0.332999999999998,12,"2026-10-02 17:31:05"
3143,100,0,0,0.298000000000002,12,"2026-10-02 17:31:05"
3144,100,0,0,0.329000000000008,12,"2026-10-02 17:31:05"
3145,100,0,0,0.307999999999993,12,"2026-10-02 17:31:05"
3146,100,0,0,0.310999999999993,12,"2026-10-02 17:31:05"
3147,100,0,0,0.330999999999989,12,"2026-10-02 17:31:05"
3148,100,0,0,0.328999999999994,12,"2026-10-02 17:31:05"
3149,100,0,0,0.337999999999994,12,"2026-10-02 17:31:05"
3150,100,0,0,0.298000000000002,12,"2026-10-02 17:31:05"
3151,100,0,0,0.287000000000006,12,"2026-10-02 17:31:05"
3152,100,0,0,0.319000000000003,12,"2026-10-02 17:31:05"
3153,100,0,0,0.334000000000003,12,"2026-10-02 17:31:05"
3154,100,0,0,0.332999999999998,12,"2026-10-02 17:31:05"
3155,100,0,0,0.318000000000012,12,"2026-10-02 17:31:05"
3156,100,0,0,0.335000000000008,12,"2026-10-02 17:31:05"
3157,100,0,0,0.325000000000003,12,"2026-10-02 17:31:05"
3158,100,0,0,0.349000000000004,12,"2026-10-02 17:31:05"
3159,100,0,0,0.295000000000002,12,"2026-10-02 17:31:05"
3160,100,0,0,0.375,12,"2026-10-02 17:31:05"
3161,100,0,0,0.350000000000009,12,"2026-10-02 17:31:05"
3162,100,0,0,0.334000000000003,12,"2026-10-02 17:31:05"
3163,100,0,0,0.315000000000012,12,"2026-10-02 17:31:05"
3164,100,0,0,0.314000000000007,12,"2026-10-02 17:31:05"
3165,100,0,0,0.278999999999996,12,"2026-10-02 17:31:05"
3166,100,0,0,0.314999999999998,12,"2026-10-02 17:31:05"
3167,100,0,0,0.332999999999998,12,"2026-10-02 17:31:05"
3168,100,0,0,0.289000000000001,12,"2026-10-02 17:31:05"
3169,100,0,0,0.313999999999993,12,"2026-10-02 17:31:05"
3170,100,0,0,0.344999999999999,12,"2026-10-02 17:31:05"
3171,100,0,0,0.295999999999992,12,"2026-10-02 17:31:05"
3172,100,0,0,0.314999999999998,12,"2026-10-02 17:31:05"
3173,100,0,0,0.326000000000008,12,"2026-10-02 17:31:05"
3174,100,0,0,0.366,12,"2026-10-02 17:31:05"
3175,100,0,0,0.300999999999988,12,"2026-10-02 17:31:05"
3176,100,0,0,0.310000000000002,12,"2026-10-02 17:31:05"
3177,100,0,0,0.311999999999998,12,"2026-10-02 17:31:05"
3178,100,0,0,0.277999999999992,12,"2026-10-02 17:31:05"
3179,100,1,0,0.296000000000006,12,"2026-10-02 17:31:05"
3180,100,0,0,0.322999999999993,12,"2026-10-02 17:31:05"
3181,100,0,0,0.332000000000008,12,"2026-10-02 17:31:05"
3182,100,1,0,0.293999999999997,12,"2026-10-02 17:31:05"
3183,100,0,0,0.367999999999995,12,"2026-10-02 17:31:05"
3184,100,0,0,0.310000000000002,12,"2026-10-02 17:31:05"
3185,100,0,0,0.320000000000007,12,"2026-10-02 17:31:05"
3186,100,0,0,0.297000000000011,12,"2026-10-02 17:31:05"
3187,100,0,0,0.288999999999987,12,"2026-10-02 17:31:05"
3188,100,1,0,0.302000000000007,12,"2026-10-02 17:31:05"
3189,100,0,0,0.304000000000002,12,"2026-10-02 17:31:05"
3190,100,0,0,0.322000000000003,12,"2026-10-02 17:31:05"
3191,100,0,0,0.304999999999993,12,"2026-10-02 17:31:05"
3192,100,0,0,0.313999999999993,12,"2026-10-02 17:31:05"
3193,100,0,0,0.325000000000003,12,"2026-10-02 17:31:05"
3194,100,0,0,0.331000000000003,12,"2026-10-02 17:31:05"
3195,100,0,0,0.287000000000006,12,"2026-10-02 17:31:05"
3196,100,0,0,0.301999999999992,12,"2026-10-02 17:31:05"
3197,100,0,0,0.341000000000008,12,"2026-10-02 17:31:05"
3198,100,0,0,0.305000000000007,12,"2026-10-02 17:31:05"
3199,100,0,0,0.347000000000008,12,"2026-10-02 17:31:05"
3200,100,0,0,0.326999999999998,12,"2026-10-02 17:31:05"
3201,100,0,0,0.217999999999989,12,"2026-10-02 17:31:05"
3202,100,0,0,0.263000000000005,12,"2026-10-02 17:31:05"
3203,100,0,0,0.25,12,"2026-10-02 17:31:05"
3204,100,0,0,0.253,12,"2026-10-02 17:31:05"
3205,100,0,0,0.248000000000005,12,"2026-10-02 17:31:05"
3206,100,0,0,0.256999999999991,12,"2026-10-02 17:31:05"
3207,100,0,0,0.257999999999996,12,"2026-10-02 17:31:05"
3208,100,0,0,0.234000000000009,12,"2026-10-02 17:31:05"
3209,100,0,0,0.225999999999999,12,"2026-10-02 17:31:05"
3210,100,0,0,0.23599999999999,12,"2026-10-02 17:31:05"
3211,100,0,0,0.253999999999991,12,"2026-10-02 17:31:05"
3212,100,0,0,0.208999999999989,12,"2026-10-02 17:31:05"
3213,100,0,0,0.218000000000004,12,"2026-10-02 17:31:05"
3214,100,0,0,0.244,12,"2026-10-02 17:31:05"
3215,100,0,0,0.222999999999999,12,"2026-10-02 17:31:05"
3216,100,0,0,0.245999999999995,12,"2026-10-02 17:31:05"
3217,100,0,0,0.244,12,"2026-10-02 17:31:05"
3218,100,0,0,0.234999999999999,12,"2026-10-02 17:31:05"
3219,100,0,0,0.272999999999996,12,"2026-10-02 17:31:05"
3220,100,0,0,0.262,12,"2026-10-02 17:31:05"
3221,100,0,0,0.247000000000014,12,"2026-10-02 17:31:05"
3222,100,0,0,0.242999999999995,12,"2026-10-02 17:31:05"
3223,100,0,0,0.225999999999999,12,"2026-10-02 17:31:05"
3224,100,0,0,0.238,12,"2026-10-02 17:31:05"
3225,100,0,0,0.224000000000004,12,"2026-10-02 17:31:05"
3226,100,0,0,0.224999999999994,12,"2026-10-02 17:31:05"
3227,100,0,0,0.266000000000005,12,"2026-10-02 17:31:05"
3228,100,0,0,0.263999999999996,12,"2026-10-02 17:31:05"
3229,100,0,0,0.22699999999999,12,"2026-10-02 17:31:05"
3230,100,0,0,0.265999999999991,12,"2026-10-02 17:31:05"
3231,100,0,0,0.25200000000001,12,"2026-10-02 17:31:05"
3232,100,0,0,0.239000000000004,12,"2026-10-02 17:31:05"
3233,100,0,0,0.236000000000004,12,"2026-10-02 17:31:05"
3234,100,0,0,0.242000000000004,12,"2026-10-02 17:31:05"
3235,100,0,0,0.251999999999995,12,"2026-10-02 17:31:05"
3236,100,0,0,0.242999999999995,12,"2026-10-02 17:31:05"
3237,100,0,0,0.251000000000005,12,"2026-10-02 17:31:05"
3238,100,0,0,0.231999999999999,12,"2026-10-02 17:31:05"
3239,100,0,0,0.209000000000003,12,"2026-10-02 17:31:05"
3240,100,0,0,0.250999999999991,12,"2026-10-02 17:31:05"
3241,100,0,0,0.246000000000009,12,"2026-10-02 17:31:05"
3242,100,0,0,0.266999999999996,12,"2026-10-02 17:31:05"
3243,100,0,0,0.231999999999999,12,"2026-10-02 17:31:05"
3244,100,0,0,0.224000000000004,12,"2026-10-02 17:31:05"
3245,100,0,0,0.275000000000006,12,"2026-10-02 17:31:05"
3246,100,0,0,0.210000000000008,12,"2026-10-02 17:31:05"
3247,100,0,0,0.251000000000005,12,"2026-10-02 17:31:05"
3248,100,0,0,0.253,12,"2026-10-02 17:31:05"
3249,100,0,0,0.245000000000005,12,"2026-10-02 17:31:05"
3250,100,0,0,0.227999999999994,12,"2026-10-02 17:31:05"
3251,100,0,0,0.25,12,"2026-10-02 17:31:05"
3252,100,0,0,0.256999999999991,12,"2026-10-02 17:31:05"
3253,100,0,0,0.243000000000009,12,"2026-10-02 17:31:05"
3254,100,0,0,0.236000000000004,12,"2026-10-02 17:31:05"
3255,100,0,0,0.213000000000008,12,"2026-10-02 17:31:05"
3256,100,0,0,0.216999999999999,12,"2026-10-02 17:31:05"
3257,100,0,0,0.23599999999999,12,"2026-10-02 17:31:05"
3258,100,0,0,0.268000000000001,12,"2026-10-02 17:31:05"
3259,100,0,0,0.219999999999999,12,"2026-10-02 17:31:05"
3260,100,0,0,0.227999999999994,12,"2026-10-02 17:31:05"
3261,100,0,0,0.221999999999994,12,"2026-10-02 17:31:05"
3262,100,0,0,0.228999999999999,12,"2026-10-02 17:31:05"
3263,100,0,0,0.247,12,"2026-10-02 17:31:05"
3264,100,0,0,0.228999999999999,12,"2026-10-02 17:31:05"
3265,100,0,0,0.248999999999995,12,"2026-10-02 17:31:05"
3266,100,0,0,0.214999999999989,12,"2026-10-02 17:31:05"
3267,100,0,0,0.213999999999999,12,"2026-10-02 17:31:05"
3268,100,0,0,0.222999999999999,12,"2026-10-02 17:31:05"
3269,100,0,0,0.26400000000001,12,"2026-10-02 17:31:05"
3270,100,0,0,0.233000000000004,12,"2026-10-02 17:31:05"
3271,100,0,0,0.227999999999994,12,"2026-10-02 17:31:05"
3272,100,0,0,0.25800000000001,12,"2026-10-02 17:31:05"
3273,100,0,0,0.268000000000001,12,"2026-10-02 17:31:05"
3274,100,0,0,0.24499999999999,12,"2026-10-02 17:31:05"
3275,100,0,0,0.262,12,"2026-10-02 17:31:05"
3276,100,0,0,0.227000000000004,12,"2026-10-02 17:31:05"
3277,100,0,0,0.234000000000009,12,"2026-10-02 17:31:05"
3278,100,0,0,0.238,12,"2026-10-02 17:31:05"
3279,100,0,0,0.230999999999995,12,"2026-10-02 17:31:05"
3280,100,0,0,0.236000000000004,12,"2026-10-02 17:31:05"
3281,100,0,0,0.259999999999991,12,"2026-10-02 17:31:05"
3282,100,0,0,0.254999999999995,12,"2026-10-02 17:31:05"
3283,100,0,0,0.244,12,"2026-10-02 17:31:05"
3284,100,0,0,0.246000000000009,12,"2026-10-02 17:31:05"
3285,100,0,0,0.222999999999999,12,"2026-10-02 17:31:05"
3286,100,0,0,0.227999999999994,12,"2026-10-02 17:31:05"
3287,100,0,0,0.260000000000005,12,"2026-10-02 17:31:05"
3288,100,0,0,0.259999999999991,12,"2026-10-02 17:31:05"
3289,100,0,0,0.228000000000009,12,"2026-10-02 17:31:05"
3290,100,0,0,0.234999999999999,12,"2026-10-02 17:31:05"
3291,100,0,0,0.236000000000004,12,"2026-10-02 17:31:05"
3292,100,0,0,0.259999999999991,12,"2026-10-02 17:31:05"
3293,100,0,0,0.242999999999995,12,"2026-10-02 17:31:05"
3294,100,0,0,0.236000000000004,12,"2026-10-02 17:31:05"
3295,100,0,0,0.257999999999996,12,"2026-10-02 17:31:05"
3296,100,0,0,0.231000000000009,12,"2026-10-02 17:31:05"
3297,100,0,0,0.214999999999989,12,"2026-10-02 17:31:05"
3298,100,0,0,0.242000000000004,12,"2026-10-02 17:31:05"
3299,100,0,0,0.239000000000004,12,"2026-10-02 17:31:05"
3300,100,0,0,0.236999999999995,12,"2026-10-02 17:31:05"
3301,100,0,0,0.23599999999999,12,"2026-10-02 17:31:05"
3302,100,0,0,0.269999999999996,12,"2026-10-02 17:31:05"
3303,100,0,0,0.259,12,"2026-10-02 17:31:05"
3304,100,0,0,0.265000000000001,12,"2026-10-02 17:31:05"
3305,100,0,0,0.251999999999995,12,"2026-10-02 17:31:05"
3306,100,0,0,0.248000000000005,12,"2026-10-02 17:31:05"
3307,100,0,0,0.242999999999995,12,"2026-10-02 17:31:05"
3308,100,0,0,0.284000000000006,12,"2026-10-02 17:31:05"
3309,100,0,0,0.248999999999995,12,"2026-10-02 17:31:05"
3310,100,0,0,0.320999999999998,12,"2026-10-02 17:31:05"
3311,100,0,0,0.24799999999999,12,"2026-10-02 17:31:05"
3312,100,0,0,0.262999999999991,12,"2026-10-02 17:31:05"
3313,100,1,0,0.263999999999996,12,"2026-10-02 17:31:05"
3314,100,0,0,0.238,12,"2026-10-02 17:31:05"
3315,100,0,0,0.266000000000005,12,"2026-10-02 17:31:05"
3316,100,0,0,0.25,12,"2026-10-02 17:31:05"
3317,100,1,0,0.257000000000005,12,"2026-10-02 17:31:05"
3318,100,0,0,0.231999999999999,12,"2026-10-02 17:31:05"
3319,100,0,0,0.242000000000004,12,"2026-10-02 17:31:05"
3320,100,0,0,0.280000000000001,12,"2026-10-02 17:31:05"
3321,100,0,0,0.263000000000005,12,"2026-10-02 17:31:05"
3322,100,0,0,0.256999999999991,12,"2026-10-02 17:31:05"
3323,100,0,0,0.287000000000006,12,"2026-10-02 17:31:05"
3324,100,0,0,0.290999999999997,12,"2026-10-02 17:31:05"
3325,100,0,0,0.272999999999996,12,"2026-10-02 17:31:05"
3326,100,0,0,0.241,12,"2026-10-02 17:31:05"
3327,100,0,0,0.262,12,"2026-10-02 17:31:05"
3328,100,0,0,0.249000000000009,12,"2026-10-02 17:31:05"
3329,100,0,0,0.230000000000004,12,"2026-10-02 17:31:05"
3330,100,0,0,0.269999999999996,12,"2026-10-02 17:31:05"
3331,100,0,0,0.256999999999991,12,"2026-10-02 17:31:05"
3332,100,0,0,0.263000000000005,12,"2026-10-02 17:31:05"
3333,100,1,0,0.275999999999996,12,"2026-10-02 17:31:05"
3334,100,0,0,0.257999999999996,12,"2026-10-02 17:31:05"
3335,100,0,0,0.245999999999995,12,"2026-10-02 17:31:05"
3336,100,0,0,0.268000000000001,12,"2026-10-02 17:31:05"
3337,100,0,0,0.25500000000001,12,"2026-10-02 17:31:05"
3338,100,0,0,0.245000000000005,12,"2026-10-02 17:31:05"
3339,100,0,0,0.280000000000001,12,"2026-10-02 17:31:05"
3340,100,0,0,0.242000000000004,12,"2026-10-02 17:31:05"
3341,100,0,0,0.237000000000009,12,"2026-10-02 17:31:05"
3342,100,0,0,0.260999999999996,12,"2026-10-02 17:31:05"
3343,100,0,0,0.259,12,"2026-10-02 17:31:05"
3344,100,0,0,0.283000000000001,12,"2026-10-02 17:31:05"
3345,100,0,0,0.27000000000001,12,"2026-10-02 17:31:05"
3346,100,0,0,0.248999999999995,12,"2026-10-02 17:31:05"
3347,100,0,0,0.256999999999991,12,"2026-10-02 17:31:05"
3348,100,0,0,0.254000000000005,12,"2026-10-02 17:31:05"
3349,100,0,0,0.238,12,"2026-10-02 17:31:05"
3350,100,0,0,0.280000000000001,12,"2026-10-02 17:31:05"
3351,100,0,0,0.254000000000005,12,"2026-10-02 17:31:05"
3352,100,0,0,0.259,12,"2026-10-02 17:31:05"
3353,100,0,0,0.223000000000013,12,"2026-10-02 17:31:05"
3354,100,0,0,0.275000000000006,12,"2026-10-02 17:31:05"
3355,100,0,0,0.246000000000009,12,"2026-10-02 17:31:05"
3356,100,0,0,0.238,12,"2026-10-02 17:31:05"
3357,100,0,0,0.233000000000004,12,"2026-10-02 17:31:05"
3358,100,0,0,0.278000000000006,12,"2026-10-02 17:31:05"
3359,100,0,0,0.254999999999995,12,"2026-10-02 17:31:05"
3360,100,0,0,0.239999999999995,12,"2026-10-02 17:31:05"
3361,100,0,0,0.239999999999995,12,"2026-10-02 17:31:05"
3362,100,0,0,0.24199999999999,12,"2026-10-02 17:31:05"
3363,100,0,0,0.244,12,"2026-10-02 17:31:05"
3364,100,0,0,0.275000000000006,12,"2026-10-02 17:31:05"
3365,100,0,0,0.287000000000006,12,"2026-10-02 17:31:05"
3366,100,0,0,0.265000000000001,12,"2026-10-02 17:31:05"
3367,100,0,0,0.263000000000005,12,"2026-10-02 17:31:05"
3368,100,0,0,0.250999999999991,12,"2026-10-02 17:31:05"
3369,100,0,0,0.228999999999999,12,"2026-10-02 17:31:05"
3370,100,0,0,0.256,12,"2026-10-02 17:31:05"
3371,100,0,0,0.233999999999995,12,"2026-10-02 17:31:05"
3372,100,0,0,0.254999999999995,12,"2026-10-02 17:31:05"
3373,100,0,0,0.241,12,"2026-10-02 17:31:05"
3374,100,0,0,0.259,12,"2026-10-02 17:31:05"
3375,100,0,0,0.280000000000001,12,"2026-10-02 17:31:05"
3376,100,0,0,0.23899999999999,12,"2026-10-02 17:31:05"
3377,100,0,0,0.236000000000004,12,"2026-10-02 17:31:05"
3378,100,0,0,0.266999999999996,12,"2026-10-02 17:31:05"
3379,100,0,0,0.245000000000005,12,"2026-10-02 17:31:05"
3380,100,0,0,0.262,12,"2026-10-02 17:31:05"
3381,100,0,0,0.263999999999996,12,"2026-10-02 17:31:05"
3382,100,0,0,0.230999999999995,12,"2026-10-02 17:31:05"
3383,100,0,0,0.266999999999996,12,"2026-10-02 17:31:05"
3384,100,0,0,0.249000000000009,12,"2026-10-02 17:31:05"
3385,100,0,0,0.254000000000005,12,"2026-10-02 17:31:05"
3386,100,0,0,0.262,12,"2026-10-02 17:31:05"
3387,100,0,0,0.248999999999995,12,"2026-10-02 17:31:05"
3388,100,0,0,0.274999999999991,12,"2026-10-02 17:31:05"
3389,100,0,0,0.262999999999991,12,"2026-10-02 17:31:05"
3390,100,0,0,0.254000000000005,12,"2026-10-02 17:31:05"
3391,100,0,0,0.269000000000005,12,"2026-10-02 17:31:05"
3392,100,0,0,0.254000000000005,12,"2026-10-02 17:31:05"
3393,100,0,0,0.292000000000002,12,"2026-10-02 17:31:05"
3394,100,0,0,0.262,12,"2026-10-02 17:31:05"
3395,100,0,0,0.257000000000005,12,"2026-10-02 17:31:05"
3396,100,0,0,0.254999999999995,12,"2026-10-02 17:31:05"
3397,100,0,0,0.257000000000005,12,"2026-10-02 17:31:05"
3398,100,0,0,0.254000000000005,12,"2026-10-02 17:31:05"
3399,100,0,0,0.251999999999995,12,"2026-10-02 17:31:05"
3400,100,0,0,0.256,12,"2026-10-02 17:31:05"
3401,100,0,0,0.271000000000001,12,"2026-10-02 17:31:05"
3402,100,1,0,0.299000000000007,12,"2026-10-02 17:31:05"
3403,100,0,0,0.279999999999987,12,"2026-10-02 17:31:05"
3404,100,0,0,0.278999999999996,12,"2026-10-02 17:31:05"
3405,100,0,0,0.272000000000006,12,"2026-10-02 17:31:05"
3406,100,0,0,0.266999999999996,12,"2026-10-02 17:31:05"
3407,100,0,0,0.262,12,"2026-10-02 17:31:05"
3408,100,1,0,0.287999999999997,12,"2026-10-02 17:31:05"
3409,100,0,0,0.296999999999997,12,"2026-10-02 17:31:05"
3410,100,0,0,0.298999999999992,12,"2026-10-02 17:31:05"
3411,100,0,0,0.281999999999996,12,"2026-10-02 17:31:05"
3412,100,0,0,0.290000000000006,12,"2026-10-02 17:31:05"
3413,100,0,0,0.271000000000001,12,"2026-10-02 17:31:05"
3414,100,0,0,0.286000000000001,12,"2026-10-02 17:31:05"
3415,100,0,0,0.262,12,"2026-10-02 17:31:05"
3416,100,0,0,0.263999999999996,12,"2026-10-02 17:31:05"
3417,100,0,0,0.292999999999992,12,"2026-10-02 17:31:05"
3418,100,0,0,0.281999999999996,12,"2026-10-02 17:31:05"
3419,100,0,0,0.306000000000012,12,"2026-10-02 17:31:05"
3420,100,0,0,0.274000000000001,12,"2026-10-02 17:31:05"
3421,100,0,0,0.294000000000011,12,"2026-10-02 17:31:05"
3422,100,0,0,0.268000000000001,12,"2026-10-02 17:31:05"
3423,100,0,0,0.281000000000006,12,"2026-10-02 17:31:05"
3424,100,0,0,0.310000000000002,12,"2026-10-02 17:31:05"
3425,100,0,0,0.301000000000002,12,"2026-10-02 17:31:05"
3426,100,0,0,0.279999999999987,12,"2026-10-02 17:31:05"
3427,100,0,0,0.281000000000006,12,"2026-10-02 17:31:05"
3428,100,0,0,0.281999999999996,12,"2026-10-02 17:31:05"
3429,100,0,0,0.289999999999992,12,"2026-10-02 17:31:05"
3430,100,0,0,0.299000000000007,12,"2026-10-02 17:31:05"
3431,100,0,0,0.294999999999987,12,"2026-10-02 17:31:05"
3432,100,0,0,0.289999999999992,12,"2026-10-02 17:31:05"
3433,100,0,0,0.274000000000001,12,"2026-10-02 17:31:05"
3434,100,0,0,0.290999999999997,12,"2026-10-02 17:31:05"
3435,100,0,0,0.283999999999992,12,"2026-10-02 17:31:05"
3436,100,0,0,0.309000000000012,12,"2026-10-02 17:31:05"
3437,100,0,0,0.248000000000005,12,"2026-10-02 17:31:05"
3438,100,0,0,0.292000000000002,12,"2026-10-02 17:31:05"
3439,100,0,0,0.268999999999991,12,"2026-10-02 17:31:05"
3440,100,0,0,0.299000000000007,12,"2026-10-02 17:31:05"
3441,100,0,0,0.299999999999997,12,"2026-10-02 17:31:05"
3442,100,0,0,0.307000000000002,12,"2026-10-02 17:31:05"
3443,100,0,0,0.256999999999991,12,"2026-10-02 17:31:05"
3444,100,0,0,0.271000000000001,12,"2026-10-02 17:31:05"
3445,100,0,0,0.257999999999996,12,"2026-10-02 17:31:05"
3446,100,0,0,0.314000000000007,12,"2026-10-02 17:31:05"
3447,100,0,0,0.328000000000003,12,"2026-10-02 17:31:05"
3448,100,0,0,0.272999999999996,12,"2026-10-02 17:31:05"
3449,100,0,0,0.265999999999991,12,"2026-10-02 17:31:05"
3450,100,0,0,0.260000000000005,12,"2026-10-02 17:31:05"
3451,100,0,0,0.274999999999991,12,"2026-10-02 17:31:05"
3452,100,0,0,0.303999999999988,12,"2026-10-02 17:31:05"
3453,100,0,0,0.278000000000006,12,"2026-10-02 17:31:05"
3454,100,0,0,0.263999999999996,12,"2026-10-02 17:31:05"
3455,100,0,0,0.269999999999996,12,"2026-10-02 17:31:05"
3456,100,0,0,0.301000000000002,12,"2026-10-02 17:31:05"
3457,100,0,0,0.271000000000001,12,"2026-10-02 17:31:05"
3458,100,0,0,0.262,12,"2026-10-02 17:31:05"
3459,100,0,0,0.290999999999997,12,"2026-10-02 17:31:05"
3460,100,0,0,0.257999999999996,12,"2026-10-02 17:31:05"
3461,100,0,0,0.280000000000001,12,"2026-10-02 17:31:05"
3462,100,0,0,0.260999999999996,12,"2026-10-02 17:31:05"
3463,100,0,0,0.343000000000004,12,"2026-10-02 17:31:05"
3464,100,0,0,0.291000000000011,12,"2026-10-02 17:31:05"
3465,100,0,0,0.287999999999997,12,"2026-10-02 17:31:05"
3466,100,0,0,0.274000000000001,12,"2026-10-02 17:31:05"
3467,100,0,0,0.275999999999996,12,"2026-10-02 17:31:05"
3468,100,0,0,0.308999999999997,12,"2026-10-02 17:31:05"
3469,100,0,0,0.325000000000003,12,"2026-10-02 17:31:05"
3470,100,0,0,0.329999999999998,12,"2026-10-02 17:31:05"
3471,100,0,0,0.305999999999997,12,"2026-10-02 17:31:05"
3472,100,0,0,0.292999999999992,12,"2026-10-02 17:31:05"
3473,100,0,0,0.299999999999997,12,"2026-10-02 17:31:05"
3474,100,0,0,0.286000000000001,12,"2026-10-02 17:31:05"
3475,100,0,0,0.284999999999997,12,"2026-10-02 17:31:05"
3476,100,0,0,0.286000000000001,12,"2026-10-02 17:31:05"
3477,100,0,0,0.293999999999997,12,"2026-10-02 17:31:05"
3478,100,0,0,0.290000000000006,12,"2026-10-02 17:31:05"
3479,100,0,0,0.277000000000001,12,"2026-10-02 17:31:05"
3480,100,0,0,0.265000000000001,12,"2026-10-02 17:31:05"
3481,100,0,0,0.268000000000001,12,"2026-10-02 17:31:05"
3482,100,0,0,0.269999999999996,12,"2026-10-02 17:31:05"
3483,100,1,0,0.283000000000001,12,"2026-10-02 17:31:05"
3484,100,0,0,0.257999999999996,12,"2026-10-02 17:31:05"
3485,100,0,0,0.277999999999992,12,"2026-10-02 17:31:05"
3486,100,0,0,0.275999999999996,12,"2026-10-02 17:31:05"
3487,100,0,0,0.302999999999997,12,"2026-10-02 17:31:05"
3488,100,0,0,0.310000000000002,12,"2026-10-02 17:31:05"
3489,100,0,0,0.307999999999993,12,"2026-10-02 17:31:05"
3490,100,0,0,0.286000000000001,12,"2026-10-02 17:31:05"
3491,100,0,0,0.279000000000011,12,"2026-10-02 17:31:05"
3492,100,0,0,0.289000000000001,12,"2026-10-02 17:31:05"
3493,100,0,0,0.299999999999997,12,"2026-10-02 17:31:05"
3494,100,0,0,0.277000000000001,12,"2026-10-02 17:31:05"
3495,100,0,0,0.290000000000006,12,"2026-10-02 17:31:05"
3496,100,0,0,0.304999999999993,12,"2026-10-02 17:31:05"
3497,100,0,0,0.275999999999996,12,"2026-10-02 17:31:05"
3498,100,0,0,0.290000000000006,12,"2026-10-02 17:31:05"
3499,100,0,0,0.308000000000007,12,"2026-10-02 17:31:05"
3500,100,0,0,0.302999999999997,12,"2026-10-02 17:31:05"
3501,100,0,0,0.301000000000002,12,"2026-10-02 17:31:05"
3502,100,0,0,0.305000000000007,12,"2026-10-02 17:31:05"
3503,100,0,0,0.293000000000006,12,"2026-10-02 17:31:05"
3504,100,0,0,0.304000000000002,12,"2026-10-02 17:31:05"
3505,100,0,0,0.344000000000008,12,"2026-10-02 17:31:05"
3506,100,0,0,0.326000000000008,12,"2026-10-02 17:31:05"
3507,100,0,0,0.308999999999997,12,"2026-10-02 17:31:05"
3508,100,0,0,0.319000000000003,12,"2026-10-02 17:31:05"
3509,100,0,0,0.328000000000003,12,"2026-10-02 17:31:05"
3510,100,1,0,0.355999999999995,12,"2026-10-02 17:31:05"
3511,100,0,0,0.303000000000011,12,"2026-10-02 17:31:05"
3512,100,0,0,0.301999999999992,12,"2026-10-02 17:31:05"
3513,100,0,0,0.343000000000004,12,"2026-10-02 17:31:05"
3514,100,0,0,0.293000000000006,12,"2026-10-02 17:31:05"
3515,100,0,0,0.311999999999998,12,"2026-10-02 17:31:05"
3516,100,0,0,0.328000000000003,12,"2026-10-02 17:31:05"
3517,100,0,0,0.301000000000002,12,"2026-10-02 17:31:05"
3518,100,0,0,0.324000000000012,12,"2026-10-02 17:31:05"
3519,100,0,0,0.298000000000002,12,"2026-10-02 17:31:05"
3520,100,0,0,0.327000000000012,12,"2026-10-02 17:31:05"
3521,100,0,0,0.338999999999999,12,"2026-10-02 17:31:05"
3522,100,0,0,0.343999999999994,12,"2026-10-02 17:31:05"
3523,100,0,0,0.286999999999992,12,"2026-10-02 17:31:05"
3524,100,0,0,0.316000000000003,12,"2026-10-02 17:31:05"
3525,100,0,0,0.299999999999997,12,"2026-10-02 17:31:05"
3526,100,0,0,0.356999999999999,12,"2026-10-02 17:31:05"
3527,100,0,0,0.307000000000002,12,"2026-10-02 17:31:05"
3528,100,0,0,0.312000000000012,12,"2026-10-02 17:31:05"
3529,100,0,0,0.344999999999999,12,"2026-10-02 17:31:05"
3530,100,0,0,0.317999999999998,12,"2026-10-02 17:31:05"
3531,100,0,0,0.298999999999992,12,"2026-10-02 17:31:05"
3532,100,0,0,0.332999999999998,12,"2026-10-02 17:31:05"
3533,100,0,0,0.329000000000008,12,"2026-10-02 17:31:05"
3534,100,0,0,0.308000000000007,12,"2026-10-02 17:31:05"
3535,100,0,0,0.346000000000004,12,"2026-10-02 17:31:05"
3536,100,0,0,0.334999999999994,12,"2026-10-02 17:31:05"
3537,100,0,0,0.353999999999999,12,"2026-10-02 17:31:05"
3538,100,1,0,0.331999999999994,12,"2026-10-02 17:31:05"
3539,100,1,0,0.340000000000003,12,"2026-10-02 17:31:05"
3540,100,1,0,0.308999999999997,12,"2026-10-02 17:31:05"
3541,100,0,0,0.321999999999989,12,"2026-10-02 17:31:05"
3542,100,0,0,0.38300000000001,12,"2026-10-02 17:31:05"
3543,100,0,0,0.305000000000007,12,"2026-10-02 17:31:05"
3544,100,0,0,0.292000000000002,12,"2026-10-02 17:31:05"
3545,100,0,0,0.298000000000002,12,"2026-10-02 17:31:05"
3546,100,0,0,0.303000000000011,12,"2026-10-02 17:31:05"
3547,100,0,0,0.317999999999998,12,"2026-10-02 17:31:05"
3548,100,0,0,0.301000000000002,12,"2026-10-02 17:31:05"
3549,100,0,0,0.320999999999998,12,"2026-10-02 17:31:05"
3550,100,0,0,0.320999999999998,12,"2026-10-02 17:31:05"
3551,100,1,0,0.286999999999992,12,"2026-10-02 17:31:05"
3552,100,0,0,0.289000000000001,12,"2026-10-02 17:31:05"
3553,100,0,0,0.310000000000002,12,"2026-10-02 17:31:05"
3554,100,0,0,0.303999999999988,12,"2026-10-02 17:31:05"
3555,100,0,0,0.290999999999997,12,"2026-10-02 17:31:05"
3556,100,0,0,0.305999999999997,12,"2026-10-02 17:31:05"
3557,100,0,0,0.321000000000012,12,"2026-10-02 17:31:05"
3558,100,0,0,0.299000000000007,12,"2026-10-02 17:31:05"
3559,100,0,0,0.307000000000002,12,"2026-10-02 17:31:05"
3560,100,0,0,0.352000000000004,12,"2026-10-02 17:31:05"
3561,100,0,0,0.344999999999999,12,"2026-10-02 17:31:05"
3562,100,0,0,0.295000000000002,12,"2026-10-02 17:31:05"
3563,100,0,0,0.295000000000002,12,"2026-10-02 17:31:05"
3564,100,0,0,0.331000000000003,12,"2026-10-02 17:31:05"
3565,100,0,0,0.325999999999993,12,"2026-10-02 17:31:05"
3566,100,0,0,0.316000000000003,12,"2026-10-02 17:31:05"
3567,100,0,0,0.309999999999988,12,"2026-10-02 17:31:05"
3568,100,0,0,0.292999999999992,12,"2026-10-02 17:31:05"
3569,100,1,0,0.307000000000002,12,"2026-10-02 17:31:05"
3570,100,0,0,0.304000000000002,12,"2026-10-02 17:31:05"
3571,100,0,0,0.316000000000003,12,"2026-10-02 17:31:05"
3572,100,0,0,0.305000000000007,12,"2026-10-02 17:31:05"
3573,100,0,0,0.310999999999993,12,"2026-10-02 17:31:05"
3574,100,0,0,0.309000000000012,12,"2026-10-02 17:31:05"
3575,100,0,0,0.321000000000012,12,"2026-10-02 17:31:05"
3576,100,0,0,0.338999999999999,12,"2026-10-02 17:31:05"
3577,100,1,0,0.326999999999998,12,"2026-10-02 17:31:05"
3578,100,0,0,0.328000000000003,12,"2026-10-02 17:31:05"
3579,100,0,0,0.314999999999998,12,"2026-10-02 17:31:05"
3580,100,0,0,0.307999999999993,12,"2026-10-02 17:31:05"
3581,100,1,0,0.326999999999998,12,"2026-10-02 17:31:05"
3582,100,0,0,0.340999999999994,12,"2026-10-02 17:31:05"
3583,100,0,0,0.304999999999993,12,"2026-10-02 17:31:05"
3584,100,0,0,0.271999999999991,12,"2026-10-02 17:31:05"
3585,100,0,0,0.361000000000004,12,"2026-10-02 17:31:05"
3586,100,0,0,0.359999999999999,12,"2026-10-02 17:31:05"
3587,100,0,0,0.326999999999998,12,"2026-10-02 17:31:05"
3588,100,0,0,0.322000000000003,12,"2026-10-02 17:31:05"
3589,100,0,0,0.292999999999992,12,"2026-10-02 17:31:05"
3590,100,1,0,0.309000000000012,12,"2026-10-02 17:31:05"
3591,100,0,0,0.287999999999997,12,"2026-10-02 17:31:05"
3592,100,0,0,0.334999999999994,12,"2026-10-02 17:31:05"
3593,100,0,0,0.334000000000003,12,"2026-10-02 17:31:05"
3594,100,0,0,0.326999999999998,12,"2026-10-02 17:31:05"
3595,100,0,0,0.319000000000003,12,"2026-10-02 17:31:05"
3596,100,0,0,0.284999999999997,12,"2026-10-02 17:31:05"
3597,100,0,0,0.318999999999988,12,"2026-10-02 17:31:05"
3598,100,0,0,0.326999999999998,12,"2026-10-02 17:31:05"
3599,100,0,0,0.307000000000002,12,"2026-10-02 17:31:05"
3600,100,1,0,0.325000000000003,12,"2026-10-02 17:31:05"
3601,100,0,0,0.244,12,"2026-10-02 17:31:05"
3602,100,0,0,0.251999999999995,12,"2026-10-02 17:31:05"
3603,100,0,0,0.245000000000005,12,"2026-10-02 17:31:05"
3604,100,0,0,0.256,12,"2026-10-02 17:31:05"
3605,100,0,0,0.224000000000004,12,"2026-10-02 17:31:05"
3606,100,0,0,0.25800000000001,12,"2026-10-02 17:31:05"
3607,100,0,0,0.228999999999999,12,"2026-10-02 17:31:05"
3608,100,0,0,0.221000000000004,12,"2026-10-02 17:31:05"
3609,100,0,0,0.231999999999999,12,"2026-10-02 17:31:05"
3610,100,0,0,0.236999999999995,12,"2026-10-02 17:31:05"
3611,100,0,0,0.231999999999999,12,"2026-10-02 17:31:05"
3612,100,0,0,0.234999999999999,12,"2026-10-02 17:31:05"
3613,100,0,0,0.245999999999995,12,"2026-10-02 17:31:05"
3614,100,0,0,0.244,12,"2026-10-02 17:31:05"
3615,100,0,0,0.201999999999998,12,"2026-10-02 17:31:05"
3616,100,0,0,0.251000000000005,12,"2026-10-02 17:31:05"
3617,100,0,0,0.218999999999994,12,"2026-10-02 17:31:05"
3618,100,0,0,0.23599999999999,12,"2026-10-02 17:31:05"
3619,100,0,0,0.251999999999995,12,"2026-10-02 17:31:05"
3620,100,0,0,0.233999999999995,12,"2026-10-02 17:31:05"
3621,100,0,0,0.244,12,"2026-10-02 17:31:05"
3622,100,0,0,0.225999999999999,12,"2026-10-02 17:31:05"
3623,100,0,0,0.236000000000004,12,"2026-10-02 17:31:05"
3624,100,0,0,0.236999999999995,12,"2026-10-02 17:31:05"
3625,100,0,0,0.221000000000004,12,"2026-10-02 17:31:05"
3626,100,0,0,0.228999999999999,12,"2026-10-02 17:31:05"
3627,100,0,0,0.216999999999999,12,"2026-10-02 17:31:05"
3628,100,0,0,0.213000000000008,12,"2026-10-02 17:31:05"
3629,100,0,0,0.248999999999995,12,"2026-10-02 17:31:05"
3630,100,0,0,0.239000000000004,12,"2026-10-02 17:31:05"
3631,100,0,0,0.25200000000001,12,"2026-10-02 17:31:05"
3632,100,0,0,0.242999999999995,12,"2026-10-02 17:31:05"
3633,100,0,0,0.233000000000004,12,"2026-10-02 17:31:05"
3634,100,0,0,0.23299999999999,12,"2026-10-02 17:31:05"
3635,100,0,0,0.239000000000004,12,"2026-10-02 17:31:05"
3636,100,0,0,0.218999999999994,12,"2026-10-02 17:31:05"
3637,100,0,0,0.224999999999994,12,"2026-10-02 17:31:05"
3638,100,0,0,0.246000000000009,12,"2026-10-02 17:31:05"
3639,100,0,0,0.213999999999999,12,"2026-10-02 17:31:05"
3640,100,0,0,0.216000000000008,12,"2026-10-02 17:31:05"
3641,100,0,0,0.234000000000009,12,"2026-10-02 17:31:05"
3642,100,0,0,0.228000000000009,12,"2026-10-02 17:31:05"
3643,100,0,0,0.248000000000005,12,"2026-10-02 17:31:05"
3644,100,0,0,0.271000000000001,12,"2026-10-02 17:31:05"
3645,100,0,0,0.240000000000009,12,"2026-10-02 17:31:05"
3646,100,0,0,0.22999999999999,12,"2026-10-02 17:31:05"
3647,100,0,0,0.228999999999999,12,"2026-10-02 17:31:05"
3648,100,0,0,0.25,12,"2026-10-02 17:31:05"
3649,100,0,0,0.238,12,"2026-10-02 17:31:05"
3650,100,0,0,0.221999999999994,12,"2026-10-02 17:31:05"
3651,100,0,0,0.227999999999994,12,"2026-10-02 17:31:05"
3652,100,0,0,0.218000000000004,12,"2026-10-02 17:31:05"
3653,100,0,0,0.216999999999999,12,"2026-10-02 17:31:05"
3654,100,0,0,0.231999999999999,12,"2026-10-02 17:31:05"
3655,100,0,0,0.22999999999999,12,"2026-10-02 17:31:05"
3656,100,0,0,0.230999999999995,12,"2026-10-02 17:31:05"
3657,100,0,0,0.207999999999998,12,"2026-10-02 17:31:05"
3658,100,0,0,0.233000000000004,12,"2026-10-02 17:31:05"
3659,100,0,0,0.242999999999995,12,"2026-10-02 17:31:05"
3660,100,0,0,0.239000000000004,12,"2026-10-02 17:31:05"
3661,100,0,0,0.248000000000005,12,"2026-10-02 17:31:05"
3662,100,0,0,0.219000000000008,12,"2026-10-02 17:31:05"
3663,100,0,0,0.248999999999995,12,"2026-10-02 17:31:05"
3664,100,0,0,0.245000000000005,12,"2026-10-02 17:31:05"
3665,100,0,0,0.233999999999995,12,"2026-10-02 17:31:05"
3666,100,0,0,0.241,12,"2026-10-02 17:31:05"
3667,100,0,0,0.248999999999995,12,"2026-10-02 17:31:05"
3668,100,0,0,0.230000000000004,12,"2026-10-02 17:31:05"
3669,100,0,0,0.257000000000005,12,"2026-10-02 17:31:05"
3670,100,0,0,0.256999999999991,12,"2026-10-02 17:31:05"
3671,100,0,0,0.216999999999999,12,"2026-10-02 17:31:05"
3672,100,0,0,0.236999999999995,12,"2026-10-02 17:31:05"
3673,100,0,0,0.244,12,"2026-10-02 17:31:05"
3674,100,0,0,0.256,12,"2026-10-02 17:31:05"
3675,100,0,0,0.250999999999991,12,"2026-10-02 17:31:05"
3676,100,0,0,0.253999999999991,12,"2026-10-02 17:31:05"
3677,100,0,0,0.260999999999996,12,"2026-10-02 17:31:05"
3678,100,0,0,0.245000000000005,12,"2026-10-02 17:31:05"
3679,100,0,0,0.222999999999999,12,"2026-10-02 17:31:05"
3680,100,0,0,0.23599999999999,12,"2026-10-02 17:31:05"
3681,100,0,0,0.234999999999999,12,"2026-10-02 17:31:05"
3682,100,0,0,0.25500000000001,12,"2026-10-02 17:31:05"
3683,100,0,0,0.265000000000001,12,"2026-10-02 17:31:05"
3684,100,0,0,0.237000000000009,12,"2026-10-02 17:31:05"
3685,100,0,0,0.222000000000008,12,"2026-10-02 17:31:05"
3686,100,0,0,0.257000000000005,12,"2026-10-02 17:31:05"
3687,100,0,0,0.247,12,"2026-10-02 17:31:05"
3688,100,0,0,0.262,12,"2026-10-02 17:31:05"
3689,100,0,0,0.237000000000009,12,"2026-10-02 17:31:05"
3690,100,0,0,0.253,12,"2026-10-02 17:31:05"
3691,100,0,0,0.247,12,"2026-10-02 17:31:05"
3692,100,0,0,0.236000000000004,12,"2026-10-02 17:31:05"
3693,100,0,0,0.254999999999995,12,"2026-10-02 17:31:05"
3694,100,0,0,0.245000000000005,12,"2026-10-02 17:31:05"
3695,100,0,0,0.242999999999995,12,"2026-10-02 17:31:05"
3696,100,0,0,0.256,12,"2026-10-02 17:31:05"
3697,100,0,0,0.263000000000005,12,"2026-10-02 17:31:05"
3698,100,0,0,0.236000000000004,12,"2026-10-02 17:31:05"
3699,100,0,0,0.221999999999994,12,"2026-10-02 17:31:05"
3700,100,0,0,0.218000000000004,12,"2026-10-02 17:31:05"
3701,100,0,0,0.272000000000006,12,"2026-10-02 17:31:05"
3702,100,0,0,0.263999999999996,12,"2026-10-02 17:31:05"
3703,100,0,0,0.25,12,"2026-10-02 17:31:05"
3704,100,0,0,0.27300000000001,12,"2026-10-02 17:31:05"
3705,100,0,0,0.278000000000006,12,"2026-10-02 17:31:05"
3706,100,0,0,0.238,12,"2026-10-02 17:31:05"
3707,100,0,0,0.262999999999991,12,"2026-10-02 17:31:05"
3708,100,0,0,0.259,12,"2026-10-02 17:31:05"
3709,100,0,0,0.241,12,"2026-10-02 17:31:05"
3710,100,0,0,0.271000000000001,12,"2026-10-02 17:31:05"
3711,100,0,0,0.227000000000004,12,"2026-10-02 17:31:05"
3712,100,0,0,0.247,12,"2026-10-02 17:31:05"
3713,100,0,0,0.280999999999992,12,"2026-10-02 17:31:05"
3714,100,0,0,0.239000000000004,12,"2026-10-02 17:31:05"
3715,100,0,0,0.295999999999992,12,"2026-10-02 17:31:05"
3716,100,0,0,0.284000000000006,12,"2026-10-02 17:31:05"
3717,100,0,0,0.260999999999996,12,"2026-10-02 17:31:05"
3718,100,0,0,0.245000000000005,12,"2026-10-02 17:31:05"
3719,100,0,0,0.22699999999999,12,"2026-10-02 17:31:05"
3720,100,0,0,0.245000000000005,12,"2026-10-02 17:31:05"
3721,100,0,0,0.231000000000009,12,"2026-10-02 17:31:05"
3722,100,0,0,0.256,12,"2026-10-02 17:31:05"
3723,100,0,0,0.246000000000009,12,"2026-10-02 17:31:05"
3724,100,0,0,0.250999999999991,12,"2026-10-02 17:31:05"
3725,100,0,0,0.221999999999994,12,"2026-10-02 17:31:05"
3726,100,0,0,0.257999999999996,12,"2026-10-02 17:31:05"
3727,100,0,0,0.257000000000005,12,"2026-10-02 17:31:05"
3728,100,0,0,0.256,12,"2026-10-02 17:31:05"
3729,100,0,0,0.244,12,"2026-10-02 17:31:05"
3730,100,0,0,0.231999999999999,12,"2026-10-02 17:31:05"
3731,100,0,0,0.251000000000005,12,"2026-10-02 17:31:05"
3732,100,0,0,0.234000000000009,12,"2026-10-02 17:31:05"
3733,100,0,0,0.245000000000005,12,"2026-10-02 17:31:05"
3734,100,0,0,0.228999999999999,12,"2026-10-02 17:31:05"
3735,100,0,0,0.228999999999999,12,"2026-10-02 17:31:05"
3736,100,0,0,0.292999999999992,12,"2026-10-02 17:31:05"
3737,100,0,0,0.286000000000001,12,"2026-10-02 17:31:05"
3738,100,0,0,0.271000000000001,12,"2026-10-02 17:31:05"
3739,100,0,0,0.247,12,"2026-10-02 17:31:05"
3740,100,0,0,0.248000000000005,12,"2026-10-02 17:31:05"
3741,100,0,0,0.239000000000004,12,"2026-10-02 17:31:05"
3742,100,0,0,0.254999999999995,12,"2026-10-02 17:31:05"
3743,100,0,0,0.253999999999991,12,"2026-10-02 17:31:05"
3744,100,0,0,0.265000000000001,12,"2026-10-02 17:31:05"
3745,100,0,0,0.23299999999999,12,"2026-10-02 17:31:05"
3746,100,0,0,0.248000000000005,12,"2026-10-02 17:31:05"
3747,100,0,0,0.234000000000009,12,"2026-10-02 17:31:05"
3748,100,0,0,0.277000000000001,12,"2026-10-02 17:31:05"
3749,100,0,0,0.260999999999996,12,"2026-10-02 17:31:05"
3750,100,0,0,0.225999999999999,12,"2026-10-02 17:31:05"
3751,100,0,0,0.275999999999996,12,"2026-10-02 17:31:05"
3752,100,0,0,0.253,12,"2026-10-02 17:31:05"
3753,100,0,0,0.228999999999999,12,"2026-10-02 17:31:05"
3754,100,0,0,0.253999999999991,12,"2026-10-02 17:31:05"
3755,100,0,0,0.243000000000009,12,"2026-10-02 17:31:05"
3756,100,0,0,0.24499999999999,12,"2026-10-02 17:31:05"
3757,100,0,0,0.243000000000009,12,"2026-10-02 17:31:05"
3758,100,0,0,0.257000000000005,12,"2026-10-02 17:31:05"
3759,100,0,0,0.24799999999999,12,"2026-10-02 17:31:05"
3760,100,0,0,0.290000000000006,12,"2026-10-02 17:31:05"
3761,100,0,0,0.259,12,"2026-10-02 17:31:05"
3762,100,0,0,0.247,12,"2026-10-02 17:31:05"
3763,100,0,0,0.265999999999991,12,"2026-10-02 17:31:05"
3764,100,0,0,0.269999999999996,12,"2026-10-02 17:31:05"
3765,100,0,0,0.26400000000001,12,"2026-10-02 17:31:05"
3766,100,0,0,0.293999999999997,12,"2026-10-02 17:31:05"
3767,100,0,0,0.26100000000001,12,"2026-10-02 17:31:05"
3768,100,0,0,0.253,12,"2026-10-02 17:31:05"
3769,100,0,0,0.253,12,"2026-10-02 17:31:05"
3770,100,0,0,0.248999999999995,12,"2026-10-02 17:31:05"
3771,100,0,0,0.246000000000009,12,"2026-10-02 17:31:05"
3772,100,0,0,0.251000000000005,12,"2026-10-02 17:31:05"
3773,100,0,0,0.244,12,"2026-10-02 17:31:05"
3774,100,0,0,0.241,12,"2026-10-02 17:31:05"
3775,100,0,0,0.234999999999999,12,"2026-10-02 17:31:05"
3776,100,0,0,0.275000000000006,12,"2026-10-02 17:31:05"
3777,100,0,0,0.293999999999997,12,"2026-10-02 17:31:05"
3778,100,0,0,0.254000000000005,12,"2026-10-02 17:31:05"
3779,100,0,0,0.253,12,"2026-10-02 17:31:05"
3780,100,0,0,0.259999999999991,12,"2026-10-02 17:31:05"
3781,100,0,0,0.274999999999991,12,"2026-10-02 17:31:05"
3782,100,0,0,0.239000000000004,12,"2026-10-02 17:31:05"
3783,100,0,0,0.240000000000009,12,"2026-10-02 17:31:05"
3784,100,0,0,0.251000000000005,12,"2026-10-02 17:31:05"
3785,100,0,0,0.323000000000008,12,"2026-10-02 17:31:05"
3786,100,0,0,0.266000000000005,12,"2026-10-02 17:31:05"
3787,100,0,0,0.278999999999996,12,"2026-10-02 17:31:05"
3788,100,0,0,0.254999999999995,12,"2026-10-02 17:31:05"
3789,100,0,0,0.253999999999991,12,"2026-10-02 17:31:05"
3790,100,0,0,0.256,12,"2026-10-02 17:31:05"
3791,100,0,0,0.249000000000009,12,"2026-10-02 17:31:05"
3792,100,0,0,0.22699999999999,12,"2026-10-02 17:31:05"
3793,100,0,0,0.239999999999995,12,"2026-10-02 17:31:05"
3794,100,0,0,0.224999999999994,12,"2026-10-02 17:31:05"
3795,100,0,0,0.280000000000001,12,"2026-10-02 17:31:05"
3796,100,0,0,0.278000000000006,12,"2026-10-02 17:31:05"
3797,100,0,0,0.274000000000001,12,"2026-10-02 17:31:05"
3798,100,0,0,0.230999999999995,12,"2026-10-02 17:31:05"
3799,100,0,0,0.314000000000007,12,"2026-10-02 17:31:05"
3800,100,0,0,0.238,12,"2026-10-02 17:31:05"
3801,100,0,0,0.277000000000001,12,"2026-10-02 17:31:05"
3802,100,0,0,0.289000000000001,12,"2026-10-02 17:31:05"
3803,100,0,0,0.275000000000006,12,"2026-10-02 17:31:05"
3804,100,0,0,0.263999999999996,12,"2026-10-02 17:31:05"
3805,100,0,0,0.300999999999988,12,"2026-10-02 17:31:05"
3806,100,0,0,0.301000000000002,12,"2026-10-02 17:31:05"
3807,100,0,0,0.352000000000004,12,"2026-10-02 17:31:05"
3808,100,0,0,0.304000000000002,12,"2026-10-02 17:31:05"
3809,100,0,0,0.270999999999987,12,"2026-10-02 17:31:05"
3810,100,0,0,0.311999999999998,12,"2026-10-02 17:31:05"
3811,100,0,0,0.275999999999996,12,"2026-10-02 17:31:05"
3812,100,0,0,0.278000000000006,12,"2026-10-02 17:31:05"
3813,100,0,0,0.284000000000006,12,"2026-10-02 17:31:05"
3814,100,0,0,0.274999999999991,12,"2026-10-02 17:31:05"
3815,100,0,0,0.26100000000001,12,"2026-10-02 17:31:05"
3816,100,0,0,0.281999999999996,12,"2026-10-02 17:31:05"
3817,100,1,0,0.268000000000001,12,"2026-10-02 17:31:05"
3818,100,0,0,0.349999999999994,12,"2026-10-02 17:31:05"
3819,100,1,0,0.340999999999994,12,"2026-10-02 17:31:05"
3820,100,0,0,0.309000000000012,12,"2026-10-02 17:31:05"
3821,100,0,0,0.310000000000002,12,"2026-10-02 17:31:05"
3822,100,0,0,0.283000000000001,12,"2026-10-02 17:31:05"
3823,100,1,0,0.280999999999992,12,"2026-10-02 17:31:05"
3824,100,0,0,0.272999999999996,12,"2026-10-02 17:31:05"
3825,100,0,0,0.284000000000006,12,"2026-10-02 17:31:05"
3826,100,0,0,0.25800000000001,12,"2026-10-02 17:31:05"
3827,100,0,0,0.300999999999988,12,"2026-10-02 17:31:05"
3828,100,0,0,0.352000000000004,12,"2026-10-02 17:31:05"
3829,100,0,0,0.280000000000001,12,"2026-10-02 17:31:05"
3830,100,1,0,0.304999999999993,12,"2026-10-02 17:31:05"
3831,100,0,0,0.272999999999996,12,"2026-10-02 17:31:05"
3832,100,0,0,0.287999999999997,12,"2026-10-02 17:31:05"
3833,100,0,0,0.290999999999997,12,"2026-10-02 17:31:05"
3834,100,0,0,0.285000000000011,12,"2026-10-02 17:31:05"
3835,100,0,0,0.278000000000006,12,"2026-10-02 17:31:05"
3836,100,0,0,0.260000000000005,12,"2026-10-02 17:31:05"
3837,100,0,0,0.299999999999997,12,"2026-10-02 17:31:05"
3838,100,0,0,0.289000000000001,12,"2026-10-02 17:31:05"
3839,100,0,0,0.299999999999997,12,"2026-10-02 17:31:05"
3840,100,0,0,0.281000000000006,12,"2026-10-02 17:31:05"
3841,100,0,0,0.283000000000001,12,"2026-10-02 17:31:05"
3842,100,0,0,0.304000000000002,12,"2026-10-02 17:31:05"
3843,100,0,0,0.304000000000002,12,"2026-10-02 17:31:05"
3844,100,0,0,0.299000000000007,12,"2026-10-02 17:31:05"
3845,100,0,0,0.289999999999992,12,"2026-10-02 17:31:05"
3846,100,0,0,0.268000000000001,12,"2026-10-02 17:31:05"
3847,100,0,0,0.294999999999987,12,"2026-10-02 17:31:05"
3848,100,0,0,0.271000000000001,12,"2026-10-02 17:31:05"
3849,100,0,0,0.283000000000001,12,"2026-10-02 17:31:05"
3850,100,0,0,0.302999999999997,12,"2026-10-02 17:31:05"
3851,100,0,0,0.290999999999997,12,"2026-10-02 17:31:05"
3852,100,0,0,0.344000000000008,12,"2026-10-02 17:31:05"
3853,100,0,0,0.313000000000002,12,"2026-10-02 17:31:05"
3854,100,0,0,0.292999999999992,12,"2026-10-02 17:31:05"
3855,100,0,0,0.292999999999992,12,"2026-10-02 17:31:05"
3856,100,0,0,0.278999999999996,12,"2026-10-02 17:31:05"
3857,100,0,0,0.286999999999992,12,"2026-10-02 17:31:05"
3858,100,0,0,0.298000000000002,12,"2026-10-02 17:31:05"
3859,100,0,0,0.271000000000001,12,"2026-10-02 17:31:05"
3860,100,0,0,0.248000000000005,12,"2026-10-02 17:31:05"
3861,100,0,0,0.282000000000011,12,"2026-10-02 17:31:05"
3862,100,0,0,0.305999999999997,12,"2026-10-02 17:31:05"
3863,100,0,0,0.332000000000008,12,"2026-10-02 17:31:05"
3864,100,0,0,0.325999999999993,12,"2026-10-02 17:31:05"
3865,100,0,0,0.307000000000002,12,"2026-10-02 17:31:05"
3866,100,0,0,0.278000000000006,12,"2026-10-02 17:31:05"
3867,100,0,0,0.296999999999997,12,"2026-10-02 17:31:05"
3868,100,0,0,0.281999999999996,12,"2026-10-02 17:31:05"
3869,100,0,0,0.271000000000001,12,"2026-10-02 17:31:05"
3870,100,0,0,0.298000000000002,12,"2026-10-02 17:31:05"
3871,100,0,0,0.266999999999996,12,"2026-10-02 17:31:05"
3872,100,0,0,0.320999999999998,12,"2026-10-02 17:31:05"
3873,100,0,0,0.268000000000001,12,"2026-10-02 17:31:05"
3874,100,0,0,0.277999999999992,12,"2026-10-02 17:31:05"
3875,100,0,0,0.319999999999993,12,"2026-10-02 17:31:05"
3876,100,0,0,0.277000000000001,12,"2026-10-02 17:31:05"
3877,100,0,0,0.313000000000002,12,"2026-10-02 17:31:05"
3878,100,0,0,0.278999999999996,12,"2026-10-02 17:31:05"
3879,100,0,0,0.290000000000006,12,"2026-10-02 17:31:05"
3880,100,0,0,0.268999999999991,12,"2026-10-02 17:31:05"
3881,100,0,0,0.299000000000007,12,"2026-10-02 17:31:05"
3882,100,0,0,0.301000000000002,12,"2026-10-02 17:31:05"
3883,100,1,0,0.289999999999992,12,"2026-10-02 17:31:05"
3884,100,0,0,0.281999999999996,12,"2026-10-02 17:31:05"
3885,100,0,0,0.378,12,"2026-10-02 17:31:05"
3886,100,0,0,0.327999999999989,12,"2026-10-02 17:31:05"
3887,100,0,0,0.379000000000005,12,"2026-10-02 17:31:05"
3888,100,0,0,0.349000000000004,12,"2026-10-02 17:31:05"
3889,100,0,0,0.335999999999999,12,"2026-10-02 17:31:05"
3890,100,0,0,0.319999999999993,12,"2026-10-02 17:31:05"
3891,100,0,0,0.296000000000006,12,"2026-10-02 17:31:05"
3892,100,0,0,0.283000000000001,12,"2026-10-02 17:31:05"
3893,100,0,0,0.278999999999996,12,"2026-10-02 17:31:05"
3894,100,0,0,0.265000000000001,12,"2026-10-02 17:31:05"
3895,100,0,0,0.259,12,"2026-10-02 17:31:05"
3896,100,0,0,0.271000000000001,12,"2026-10-02 17:31:05"
3897,100,0,0,0.283000000000001,12,"2026-10-02 17:31:05"
3898,100,0,0,0.308999999999997,12,"2026-10-02 17:31:05"
3899,100,0,0,0.308999999999997,12,"2026-10-02 17:31:05"
3900,100,0,0,0.290999999999997,12,"2026-10-02 17:31:05"
3901,100,0,0,0.304000000000002,12,"2026-10-02 17:31:05"
3902,100,0,0,0.319000000000003,12,"2026-10-02 17:31:05"
3903,100,0,0,0.307000000000002,12,"2026-10-02 17:31:05"
3904,100,0,0,0.36699999999999,12,"2026-10-02 17:31:05"
3905,100,0,0,0.300000000000011,12,"2026-10-02 17:31:05"
3906,100,0,0,0.301999999999992,12,"2026-10-02 17:31:05"
3907,100,0,0,0.298999999999992,12,"2026-10-02 17:31:05"
3908,100,0,0,0.307999999999993,12,"2026-10-02 17:31:05"
3909,100,0,0,0.356999999999999,12,"2026-10-02 17:31:05"
3910,100,0,0,0.311000000000007,12,"2026-10-02 17:31:05"
3911,100,0,0,0.359000000000009,12,"2026-10-02 17:31:05"
3912,100,0,0,0.326000000000008,12,"2026-10-02 17:31:05"
3913,100,0,0,0.326999999999998,12,"2026-10-02 17:31:05"
3914,100,0,0,0.328999999999994,12,"2026-10-02 17:31:05"
3915,100,0,0,0.314000000000007,12,"2026-10-02 17:31:05"
3916,100,0,0,0.303000000000011,12,"2026-10-02 17:31:05"
3917,100,0,0,0.323000000000008,12,"2026-10-02 17:31:05"
3918,100,0,0,0.320000000000007,12,"2026-10-02 17:31:05"
3919,100,0,0,0.329000000000008,12,"2026-10-02 17:31:05"
3920,100,0,0,0.307000000000002,12,"2026-10-02 17:31:05"
3921,100,0,0,0.317000000000007,12,"2026-10-02 17:31:05"
3922,100,0,0,0.340999999999994,12,"2026-10-02 17:31:05"
3923,100,0,0,0.340999999999994,12,"2026-10-02 17:31:05"
3924,100,0,0,0.300999999999988,12,"2026-10-02 17:31:05"
3925,100,0,0,0.340000000000003,12,"2026-10-02 17:31:05"
3926,100,0,0,0.314999999999998,12,"2026-10-02 17:31:05"
3927,100,0,0,0.332000000000008,12,"2026-10-02 17:31:05"
3928,100,0,0,0.310999999999993,12,"2026-10-02 17:31:05"
3929,100,0,0,0.333999999999989,12,"2026-10-02 17:31:05"
3930,100,0,0,0.385999999999996,12,"2026-10-02 17:31:05"
3931,100,0,0,0.454999999999998,12,"2026-10-02 17:31:05"
3932,100,0,0,0.331000000000003,12,"2026-10-02 17:31:05"
3933,100,0,0,0.426000000000002,12,"2026-10-02 17:31:05"
3934,100,0,0,0.394999999999996,12,"2026-10-02 17:31:05"
3935,100,0,0,0.337000000000003,12,"2026-10-02 17:31:05"
3936,100,0,0,0.322000000000003,12,"2026-10-02 17:31:05"
3937,100,0,0,0.311999999999998,12,"2026-10-02 17:31:05"
3938,100,0,0,0.305999999999997,12,"2026-10-02 17:31:05"
3939,100,0,0,0.300999999999988,12,"2026-10-02 17:31:05"
3940,100,0,0,0.302000000000007,12,"2026-10-02 17:31:05"
3941,100,0,0,0.328000000000003,12,"2026-10-02 17:31:05"
3942,100,0,0,0.284999999999997,12,"2026-10-02 17:31:05"
3943,100,0,0,0.277000000000001,12,"2026-10-02 17:31:05"
3944,100,0,0,0.308999999999997,12,"2026-10-02 17:31:05"
3945,100,0,0,0.299000000000007,12,"2026-10-02 17:31:05"
3946,100,0,0,0.316000000000003,12,"2026-10-02 17:31:05"
3947,100,0,0,0.311999999999998,12,"2026-10-02 17:31:05"
3948,100,0,0,0.314999999999998,12,"2026-10-02 17:31:05"
3949,100,0,0,0.325000000000003,12,"2026-10-02 17:31:05"
3950,100,0,0,0.329999999999998,12,"2026-10-02 17:31:05"
3951,100,0,0,0.301999999999992,12,"2026-10-02 17:31:05"
3952,100,0,0,0.313999999999993,12,"2026-10-02 17:31:05"
3953,100,0,0,0.406000000000006,12,"2026-10-02 17:31:05"
3954,100,0,0,0.426999999999992,12,"2026-10-02 17:31:05"
3955,100,0,0,0.304000000000002,12,"2026-10-02 17:31:05"
3956,100,0,0,0.305000000000007,12,"2026-10-02 17:31:05"
3957,100,0,0,0.306999999999988,12,"2026-10-02 17:31:05"
3958,100,0,0,0.293999999999997,12,"2026-10-02 17:31:05"
3959,100,0,0,0.292000000000002,12,"2026-10-02 17:31:05"
3960,100,0,0,0.326999999999998,12,"2026-10-02 17:31:05"
3961,100,0,0,0.332999999999998,12,"2026-10-02 17:31:05"
3962,100,1,0,0.304000000000002,12,"2026-10-02 17:31:05"
3963,100,0,0,0.314999999999998,12,"2026-10-02 17:31:05"
3964,100,0,0,0.310999999999993,12,"2026-10-02 17:31:05"
3965,100,0,0,0.301000000000002,12,"2026-10-02 17:31:05"
3966,100,0,0,0.308000000000007,12,"2026-10-02 17:31:05"
3967,100,0,0,0.281000000000006,12,"2026-10-02 17:31:05"
3968,100,0,0,0.305999999999997,12,"2026-10-02 17:31:05"
3969,100,0,0,0.313000000000002,12,"2026-10-02 17:31:05"
3970,100,0,0,0.304000000000002,12,"2026-10-02 17:31:05"
3971,100,0,0,0.331999999999994,12,"2026-10-02 17:31:05"
3972,100,0,0,0.325999999999993,12,"2026-10-02 17:31:05"
3973,100,0,0,0.309999999999988,12,"2026-10-02 17:31:05"
3974,100,0,0,0.378999999999991,12,"2026-10-02 17:31:05"
3975,100,1,0,0.370999999999995,12,"2026-10-02 17:31:05"
3976,100,0,0,0.329999999999998,12,"2026-10-02 17:31:05"
3977,100,0,0,0.364999999999995,12,"2026-10-02 17:31:05"
3978,100,0,0,0.297000000000011,12,"2026-10-02 17:31:05"
3979,100,0,0,0.342999999999989,12,"2026-10-02 17:31:05"
3980,100,0,0,0.296999999999997,12,"2026-10-02 17:31:05"
3981,100,0,0,0.292999999999992,12,"2026-10-02 17:31:05"
3982,100,0,0,0.304999999999993,12,"2026-10-02 17:31:05"
3983,100,0,0,0.283000000000001,12,"2026-10-02 17:31:05"
3984,100,0,0,0.297000000000011,12,"2026-10-02 17:31:05"
3985,100,0,0,0.289999999999992,12,"2026-10-02 17:31:05"
3986,100,0,0,0.323999999999998,12,"2026-10-02 17:31:05"
3987,100,0,0,0.322999999999993,12,"2026-10-02 17:31:05"
3988,100,0,0,0.311999999999998,12,"2026-10-02 17:31:05"
3989,100,0,0,0.320000000000007,12,"2026-10-02 17:31:05"
3990,100,0,0,0.305000000000007,12,"2026-10-02 17:31:05"
3991,100,0,0,0.352000000000004,12,"2026-10-02 17:31:05"
3992,100,0,0,0.299000000000007,12,"2026-10-02 17:31:05"
3993,100,0,0,0.329999999999998,12,"2026-10-02 17:31:05"
3994,100,0,0,0.328999999999994,12,"2026-10-02 17:31:05"
3995,100,0,0,0.301000000000002,12,"2026-10-02 17:31:05"
3996,100,0,0,0.310000000000002,12,"2026-10-02 17:31:05"
3997,100,0,0,0.287000000000006,12,"2026-10-02 17:31:05"
3998,100,1,0,0.308000000000007,12,"2026-10-02 17:31:05"
3999,100,0,0,0.308000000000007,12,"2026-10-02 17:31:05"
4000,100,0,0,0.320999999999998,12,"2026-10-02 17:31:05"
4001,100,0,0,0.231999999999999,12,"2026-10-02 17:31:05"
4002,100,0,0,0.245999999999995,12,"2026-10-02 17:31:05"
4003,100,0,0,0.224999999999994,12,"2026-10-02 17:31:05"
4004,100,0,0,0.229000000000013,12,"2026-10-02 17:31:05"
4005,100,0,0,0.215000000000003,12,"2026-10-02 17:31:05"
4006,100,0,0,0.218000000000004,12,"2026-10-02 17:31:05"
4007,100,0,0,0.230000000000004,12,"2026-10-02 17:31:05"
4008,100,0,0,0.280000000000001,12,"2026-10-02 17:31:05"
4009,100,0,0,0.231999999999999,12,"2026-10-02 17:31:05"
4010,100,0,0,0.233999999999995,12,"2026-10-02 17:31:05"
4011,100,0,0,0.256999999999991,12,"2026-10-02 17:31:05"
4012,100,0,0,0.245999999999995,12,"2026-10-02 17:31:05"
4013,100,0,0,0.257000000000005,12,"2026-10-02 17:31:05"
4014,100,0,0,0.233999999999995,12,"2026-10-02 17:31:05"
4015,100,0,0,0.253,12,"2026-10-02 17:31:05"
4016,100,0,0,0.219999999999999,12,"2026-10-02 17:31:05"
4017,100,0,0,0.241,12,"2026-10-02 17:31:05"
4018,100,0,0,0.239999999999995,12,"2026-10-02 17:31:05"
4019,100,0,0,0.225999999999999,12,"2026-10-02 17:31:05"
4020,100,0,0,0.245000000000005,12,"2026-10-02 17:31:05"
4021,100,0,0,0.225999999999999,12,"2026-10-02 17:31:05"
4022,100,0,0,0.248000000000005,12,"2026-10-02 17:31:05"
4023,100,0,0,0.221000000000004,12,"2026-10-02 17:31:05"
4024,100,0,0,0.215000000000003,12,"2026-10-02 17:31:05"
4025,100,0,0,0.253,12,"2026-10-02 17:31:05"
4026,100,0,0,0.248000000000005,12,"2026-10-02 17:31:05"
4027,100,0,0,0.242000000000004,12,"2026-10-02 17:31:05"
4028,100,0,0,0.278000000000006,12,"2026-10-02 17:31:05"
4029,100,0,0,0.263000000000005,12,"2026-10-02 17:31:05"
4030,100,0,0,0.275000000000006,12,"2026-10-02 17:31:05"
4031,100,0,0,0.240000000000009,12,"2026-10-02 17:31:05"
4032,100,0,0,0.26100000000001,12,"2026-10-02 17:31:05"
4033,100,0,0,0.260000000000005,12,"2026-10-02 17:31:05"
4034,100,0,0,0.24199999999999,12,"2026-10-02 17:31:05"
4035,100,0,0,0.245000000000005,12,"2026-10-02 17:31:05"
4036,100,0,0,0.228999999999999,12,"2026-10-02 17:31:05"
4037,100,0,0,0.212999999999994,12,"2026-10-02 17:31:05"
4038,100,0,0,0.242999999999995,12,"2026-10-02 17:31:05"
4039,100,0,0,0.250999999999991,12,"2026-10-02 17:31:05"
4040,100,0,0,0.22699999999999,12,"2026-10-02 17:31:05"
4041,100,0,0,0.254000000000005,12,"2026-10-02 17:31:05"
4042,100,0,0,0.266999999999996,12,"2026-10-02 17:31:05"
4043,100,0,0,0.241,12,"2026-10-02 17:31:05"
4044,100,0,0,0.236999999999995,12,"2026-10-02 17:31:05"
4045,100,0,0,0.238,12,"2026-10-02 17:31:05"
4046,100,0,0,0.236999999999995,12,"2026-10-02 17:31:05"
4047,100,0,0,0.222000000000008,12,"2026-10-02 17:31:05"
4048,100,0,0,0.245000000000005,12,"2026-10-02 17:31:05"
4049,100,0,0,0.266999999999996,12,"2026-10-02 17:31:05"
4050,100,0,0,0.295999999999992,12,"2026-10-02 17:31:05"
4051,100,0,0,0.293000000000006,12,"2026-10-02 17:31:05"
4052,100,0,0,0.284999999999997,12,"2026-10-02 17:31:05"
4053,100,0,0,0.254000000000005,12,"2026-10-02 17:31:05"
4054,100,0,0,0.231000000000009,12,"2026-10-02 17:31:05"
4055,100,0,0,0.239000000000004,12,"2026-10-02 17:31:05"
4056,100,0,0,0.251999999999995,12,"2026-10-02 17:31:05"
4057,100,0,0,0.246000000000009,12,"2026-10-02 17:31:05"
4058,100,0,0,0.233999999999995,12,"2026-10-02 17:31:05"
4059,100,0,0,0.225999999999999,12,"2026-10-02 17:31:05"
4060,100,0,0,0.234999999999999,12,"2026-10-02 17:31:05"
4061,100,0,0,0.233000000000004,12,"2026-10-02 17:31:05"
4062,100,0,0,0.238,12,"2026-10-02 17:31:05"
4063,100,0,0,0.238,12,"2026-10-02 17:31:05"
4064,100,0,0,0.234000000000009,12,"2026-10-02 17:31:05"
4065,100,0,0,0.215000000000003,12,"2026-10-02 17:31:05"
4066,100,0,0,0.216999999999999,12,"2026-10-02 17:31:05"
4067,100,0,0,0.213999999999999,12,"2026-10-02 17:31:05"
4068,100,0,0,0.230000000000004,12,"2026-10-02 17:31:05"
4069,100,0,0,0.248000000000005,12,"2026-10-02 17:31:05"
4070,100,0,0,0.239000000000004,12,"2026-10-02 17:31:05"
4071,100,0,0,0.222000000000008,12,"2026-10-02 17:31:05"
4072,100,0,0,0.253999999999991,12,"2026-10-02 17:31:05"
4073,100,0,0,0.287000000000006,12,"2026-10-02 17:31:05"
4074,100,0,0,0.266000000000005,12,"2026-10-02 17:31:05"
4075,100,0,0,0.268000000000001,12,"2026-10-02 17:31:05"
4076,100,0,0,0.233999999999995,12,"2026-10-02 17:31:05"
4077,100,0,0,0.254000000000005,12,"2026-10-02 17:31:05"
4078,100,0,0,0.286000000000001,12,"2026-10-02 17:31:05"
4079,100,0,0,0.233000000000004,12,"2026-10-02 17:31:05"
4080,100,0,0,0.256,12,"2026-10-02 17:31:05"
4081,100,0,0,0.248000000000005,12,"2026-10-02 17:31:05"
4082,100,0,0,0.256999999999991,12,"2026-10-02 17:31:05"
4083,100,0,0,0.254000000000005,12,"2026-10-02 17:31:05"
4084,100,0,0,0.299000000000007,12,"2026-10-02 17:31:05"
4085,100,0,0,0.238,12,"2026-10-02 17:31:05"
4086,100,0,0,0.253,12,"2026-10-02 17:31:05"
4087,100,0,0,0.234000000000009,12,"2026-10-02 17:31:05"
4088,100,0,0,0.221999999999994,12,"2026-10-02 17:31:05"
4089,100,0,0,0.208999999999989,12,"2026-10-02 17:31:05"
4090,100,0,0,0.253999999999991,12,"2026-10-02 17:31:05"
4091,100,0,0,0.218999999999994,12,"2026-10-02 17:31:05"
4092,100,0,0,0.242999999999995,12,"2026-10-02 17:31:05"
4093,100,0,0,0.212000000000003,12,"2026-10-02 17:31:05"
4094,100,0,0,0.317999999999998,12,"2026-10-02 17:31:05"
4095,100,0,0,0.259999999999991,12,"2026-10-02 17:31:05"
4096,100,0,0,0.257999999999996,12,"2026-10-02 17:31:05"
4097,100,0,0,0.251000000000005,12,"2026-10-02 17:31:05"
4098,100,0,0,0.219999999999999,12,"2026-10-02 17:31:05"
4099,100,0,0,0.244,12,"2026-10-02 17:31:05"
4100,100,0,0,0.231999999999999,12,"2026-10-02 17:31:05"
4101,100,0,0,0.256,12,"2026-10-02 17:31:05"
4102,100,0,0,0.240000000000009,12,"2026-10-02 17:31:05"
4103,100,0,0,0.241,12,"2026-10-02 17:31:05"
4104,100,0,0,0.239000000000004,12,"2026-10-02 17:31:05"
4105,100,0,0,0.251999999999995,12,"2026-10-02 17:31:05"
4106,100,0,0,0.302999999999997,12,"2026-10-02 17:31:05"
4107,100,0,0,0.277999999999992,12,"2026-10-02 17:31:05"
4108,100,0,0,0.243000000000009,12,"2026-10-02 17:31:05"
4109,100,0,0,0.25,12,"2026-10-02 17:31:05"
4110,100,0,0,0.281999999999996,12,"2026-10-02 17:31:05"
4111,100,0,0,0.236999999999995,12,"2026-10-02 17:31:05"
4112,100,0,0,0.25,12,"2026-10-02 17:31:05"
4113,100,0,0,0.245000000000005,12,"2026-10-02 17:31:05"
4114,100,0,0,0.245000000000005,12,"2026-10-02 17:31:05"
4115,100,0,0,0.269000000000005,12,"2026-10-02 17:31:05"
4116,100,0,0,0.287999999999997,12,"2026-10-02 17:31:05"
4117,100,0,0,0.298000000000002,12,"2026-10-02 17:31:05"
4118,100,0,0,0.292000000000002,12,"2026-10-02 17:31:05"
4119,100,0,0,0.275999999999996,12,"2026-10-02 17:31:05"
4120,100,0,0,0.281999999999996,12,"2026-10-02 17:31:05"
4121,100,0,0,0.269999999999996,12,"2026-10-02 17:31:05"
4122,100,0,0,0.259999999999991,12,"2026-10-02 17:31:05"
4123,100,0,0,0.275000000000006,12,"2026-10-02 17:31:05"
4124,100,0,0,0.247,12,"2026-10-02 17:31:05"
4125,100,0,0,0.242000000000004,12,"2026-10-02 17:31:05"
4126,100,0,0,0.272999999999996,12,"2026-10-02 17:31:05"
4127,100,0,0,0.265999999999991,12,"2026-10-02 17:31:05"
4128,100,0,0,0.257000000000005,12,"2026-10-02 17:31:05"
4129,100,0,0,0.289000000000001,12,"2026-10-02 17:31:05"
4130,100,0,0,0.240000000000009,12,"2026-10-02 17:31:05"
4131,100,0,0,0.239999999999995,12,"2026-10-02 17:31:05"
4132,100,0,0,0.245000000000005,12,"2026-10-02 17:31:05"
4133,100,0,0,0.238,12,"2026-10-02 17:31:05"
4134,100,0,0,0.272999999999996,12,"2026-10-02 17:31:05"
4135,100,0,0,0.24199999999999,12,"2026-10-02 17:31:05"
4136,100,0,0,0.307000000000002,12,"2026-10-02 17:31:05"
4137,100,0,0,0.293000000000006,12,"2026-10-02 17:31:05"
4138,100,0,0,0.300999999999988,12,"2026-10-02 17:31:05"
4139,100,0,0,0.316999999999993,12,"2026-10-02 17:31:05"
4140,100,0,0,0.307999999999993,12,"2026-10-02 17:31:05"
4141,100,0,0,0.308999999999997,12,"2026-10-02 17:31:05"
4142,100,0,0,0.269999999999996,12,"2026-10-02 17:31:05"
4143,100,0,0,0.268000000000001,12,"2026-10-02 17:31:05"
4144,100,0,0,0.275000000000006,12,"2026-10-02 17:31:05"
4145,100,0,0,0.271999999999991,12,"2026-10-02 17:31:05"
4146,100,0,0,0.290999999999997,12,"2026-10-02 17:31:05"
4147,100,0,0,0.25800000000001,12,"2026-10-02 17:31:05"
4148,100,0,0,0.253,12,"2026-10-02 17:31:05"
4149,100,0,0,0.253,12,"2026-10-02 17:31:05"
4150,100,0,0,0.281000000000006,12,"2026-10-02 17:31:05"
4151,100,0,0,0.253,12,"2026-10-02 17:31:05"
4152,100,0,0,0.248000000000005,12,"2026-10-02 17:31:05"
4153,100,0,0,0.266999999999996,12,"2026-10-02 17:31:05"
4154,100,0,0,0.265000000000001,12,"2026-10-02 17:31:05"
4155,100,0,0,0.233000000000004,12,"2026-10-02 17:31:05"
4156,100,0,0,0.248999999999995,12,"2026-10-02 17:31:05"
4157,100,0,0,0.256,12,"2026-10-02 17:31:05"
4158,100,0,0,0.256,12,"2026-10-02 17:31:05"
4159,100,0,0,0.222999999999999,12,"2026-10-02 17:31:05"
4160,100,0,0,0.259999999999991,12,"2026-10-02 17:31:05"
4161,100,0,0,0.244,12,"2026-10-02 17:31:05"
4162,100,0,0,0.23899999999999,12,"2026-10-02 17:31:05"
4163,100,0,0,0.225999999999999,12,"2026-10-02 17:31:05"
4164,100,0,0,0.230000000000004,12,"2026-10-02 17:31:05"
4165,100,1,0,0.244,12,"2026-10-02 17:31:05"
4166,100,0,0,0.260000000000005,12,"2026-10-02 17:31:05"
4167,100,0,0,0.214999999999989,12,"2026-10-02 17:31:05"
4168,100,0,0,0.274000000000001,12,"2026-10-02 17:31:05"
4169,100,0,0,0.247,12,"2026-10-02 17:31:05"
4170,100,0,0,0.251000000000005,12,"2026-10-02 17:31:05"
4171,100,0,0,0.249000000000009,12,"2026-10-02 17:31:05"
4172,100,0,0,0.239000000000004,12,"2026-10-02 17:31:05"
4173,100,0,0,0.219999999999999,12,"2026-10-02 17:31:05"
4174,100,0,0,0.253,12,"2026-10-02 17:31:05"
4175,100,0,0,0.245000000000005,12,"2026-10-02 17:31:05"
4176,100,0,0,0.262999999999991,12,"2026-10-02 17:31:05"
4177,100,0,0,0.242999999999995,12,"2026-10-02 17:31:05"
4178,100,0,0,0.266000000000005,12,"2026-10-02 17:31:05"
4179,100,0,0,0.23899999999999,12,"2026-10-02 17:31:05"
4180,100,0,0,0.256999999999991,12,"2026-10-02 17:31:05"
4181,100,0,0,0.262999999999991,12,"2026-10-02 17:31:05"
4182,100,0,0,0.286000000000001,12,"2026-10-02 17:31:05"
4183,100,0,0,0.257000000000005,12,"2026-10-02 17:31:05"
4184,100,0,0,0.25200000000001,12,"2026-10-02 17:31:05"
4185,100,0,0,0.279999999999987,12,"2026-10-02 17:31:05"
4186,100,0,0,0.257999999999996,12,"2026-10-02 17:31:05"
4187,100,0,0,0.24499999999999,12,"2026-10-02 17:31:05"
4188,100,0,0,0.257999999999996,12,"2026-10-02 17:31:05"
4189,100,0,0,0.257999999999996,12,"2026-10-02 17:31:05"
4190,100,0,0,0.239000000000004,12,"2026-10-02 17:31:05"
4191,100,0,0,0.240000000000009,12,"2026-10-02 17:31:05"
4192,100,0,0,0.229000000000013,12,"2026-10-02 17:31:05"
4193,100,0,0,0.260999999999996,12,"2026-10-02 17:31:05"
4194,100,0,0,0.251999999999995,12,"2026-10-02 17:31:05"
4195,100,0,0,0.254999999999995,12,"2026-10-02 17:31:05"
4196,100,0,0,0.269999999999996,12,"2026-10-02 17:31:05"
4197,100,0,0,0.245999999999995,12,"2026-10-02 17:31:05"
4198,100,0,0,0.237000000000009,12,"2026-10-02 17:31:05"
4199,100,0,0,0.256,12,"2026-10-02 17:31:05"
4200,100,0,0,0.26400000000001,12,"2026-10-02 17:31:05"
4201,100,0,0,0.299000000000007,12,"2026-10-02 17:31:05"
4202,100,0,0,0.274000000000001,12,"2026-10-02 17:31:05"
4203,100,0,0,0.265000000000001,12,"2026-10-02 17:31:05"
4204,100,0,0,0.288999999999987,12,"2026-10-02 17:31:05"
4205,100,0,0,0.289999999999992,12,"2026-10-02 17:31:05"
4206,100,0,0,0.314999999999998,12,"2026-10-02 17:31:05"
4207,100,0,0,0.297999999999988,12,"2026-10-02 17:31:05"
4208,100,0,0,0.290000000000006,12,"2026-10-02 17:31:05"
4209,100,0,0,0.299000000000007,12,"2026-10-02 17:31:05"
4210,100,0,0,0.278999999999996,12,"2026-10-02 17:31:05"
4211,100,0,0,0.298999999999992,12,"2026-10-02 17:31:05"
4212,100,0,0,0.281999999999996,12,"2026-10-02 17:31:05"
4213,100,0,0,0.314999999999998,12,"2026-10-02 17:31:05"
4214,100,0,0,0.296999999999997,12,"2026-10-02 17:31:05"
4215,100,0,0,0.289000000000001,12,"2026-10-02 17:31:05"
4216,100,0,0,0.277000000000001,12,"2026-10-02 17:31:05"
4217,100,0,0,0.299999999999997,12,"2026-10-02 17:31:05"
4218,100,1,0,0.290999999999997,12,"2026-10-02 17:31:05"
4219,100,0,0,0.289999999999992,12,"2026-10-02 17:31:05"
4220,100,0,0,0.271000000000001,12,"2026-10-02 17:31:05"
4221,100,0,0,0.263999999999996,12,"2026-10-02 17:31:05"
4222,100,0,0,0.288000000000011,12,"2026-10-02 17:31:05"
4223,100,0,0,0.310999999999993,12,"2026-10-02 17:31:05"
4224,100,0,0,0.263000000000005,12,"2026-10-02 17:31:05"
4225,100,0,0,0.280999999999992,12,"2026-10-02 17:31:05"
4226,100,0,0,0.311000000000007,12,"2026-10-02 17:31:05"
4227,100,0,0,0.26400000000001,12,"2026-10-02 17:31:05"
4228,100,0,0,0.301000000000002,12,"2026-10-02 17:31:05"
4229,100,0,0,0.293999999999997,12,"2026-10-02 17:31:05"
4230,100,0,0,0.263999999999996,12,"2026-10-02 17:31:05"
4231,100,0,0,0.323999999999998,12,"2026-10-02 17:31:05"
4232,100,0,0,0.274000000000001,12,"2026-10-02 17:31:05"
4233,100,0,0,0.277999999999992,12,"2026-10-02 17:31:05"
4234,100,0,0,0.291999999999987,12,"2026-10-02 17:31:05"
4235,100,0,0,0.269000000000005,12,"2026-10-02 17:31:05"
4236,100,0,0,0.272999999999996,12,"2026-10-02 17:31:05"
4237,100,0,0,0.304999999999993,12,"2026-10-02 17:31:05"
4238,100,0,0,0.305000000000007,12,"2026-10-02 17:31:05"
4239,100,0,0,0.308999999999997,12,"2026-10-02 17:31:05"
4240,100,0,0,0.269999999999996,12,"2026-10-02 17:31:05"
4241,100,0,0,0.277000000000001,12,"2026-10-02 17:31:05"
4242,100,0,0,0.268000000000001,12,"2026-10-02 17:31:05"
4243,100,0,0,0.284999999999997,12,"2026-10-02 17:31:05"
4244,100,1,0,0.284999999999997,12,"2026-10-02 17:31:05"
4245,100,0,0,0.248000000000005,12,"2026-10-02 17:31:05"
4246,100,0,0,0.319000000000003,12,"2026-10-02 17:31:05"
4247,100,0,0,0.292999999999992,12,"2026-10-02 17:31:05"
4248,100,0,0,0.271000000000001,12,"2026-10-02 17:31:05"
4249,100,0,0,0.296999999999997,12,"2026-10-02 17:31:05"
4250,100,1,0,0.294000000000011,12,"2026-10-02 17:31:05"
4251,100,0,0,0.275000000000006,12,"2026-10-02 17:31:05"
4252,100,0,0,0.328999999999994,12,"2026-10-02 17:31:05"
4253,100,0,0,0.302999999999997,12,"2026-10-02 17:31:05"
4254,100,0,0,0.277999999999992,12,"2026-10-02 17:31:05"
4255,100,0,0,0.284000000000006,12,"2026-10-02 17:31:05"
4256,100,0,0,0.275999999999996,12,"2026-10-02 17:31:05"
4257,100,0,0,0.272999999999996,12,"2026-10-02 17:31:05"
4258,100,0,0,0.295000000000002,12,"2026-10-02 17:31:05"
4259,100,0,0,0.266000000000005,12,"2026-10-02 17:31:05"
4260,100,0,0,0.291999999999987,12,"2026-10-02 17:31:05"
4261,100,0,0,0.272999999999996,12,"2026-10-02 17:31:05"
4262,100,0,0,0.281999999999996,12,"2026-10-02 17:31:05"
4263,100,0,0,0.311999999999998,12,"2026-10-02 17:31:05"
4264,100,0,0,0.266999999999996,12,"2026-10-02 17:31:05"
4265,100,0,0,0.298000000000002,12,"2026-10-02 17:31:05"
4266,100,0,0,0.309999999999988,12,"2026-10-02 17:31:05"
4267,100,0,0,0.279000000000011,12,"2026-10-02 17:31:05"
4268,100,0,0,0.298000000000002,12,"2026-10-02 17:31:05"
4269,100,0,0,0.290000000000006,12,"2026-10-02 17:31:05"
4270,100,0,0,0.263000000000005,12,"2026-10-02 17:31:05"
4271,100,0,0,0.283000000000001,12,"2026-10-02 17:31:05"
4272,100,0,0,0.263000000000005,12,"2026-10-02 17:31:05"
4273,100,0,0,0.322999999999993,12,"2026-10-02 17:31:05"
4274,100,0,0,0.292000000000002,12,"2026-10-02 17:31:05"
4275,100,0,0,0.300999999999988,12,"2026-10-02 17:31:05"
4276,100,0,0,0.280000000000001,12,"2026-10-02 17:31:05"
4277,100,0,0,0.260000000000005,12,"2026-10-02 17:31:05"
4278,100,0,0,0.286000000000001,12,"2026-10-02 17:31:05"
4279,100,0,0,0.263999999999996,12,"2026-10-02 17:31:05"
4280,100,0,0,0.334999999999994,12,"2026-10-02 17:31:05"
4281,100,0,0,0.259,12,"2026-10-02 17:31:05"
4282,100,0,0,0.304999999999993,12,"2026-10-02 17:31:05"
4283,100,0,0,0.334000000000003,12,"2026-10-02 17:31:05"
4284,100,0,0,0.329999999999998,12,"2026-10-02 17:31:05"
4285,100,0,0,0.280000000000001,12,"2026-10-02 17:31:05"
4286,100,0,0,0.292000000000002,12,"2026-10-02 17:31:05"
4287,100,0,0,0.283000000000001,12,"2026-10-02 17:31:05"
4288,100,0,0,0.254000000000005,12,"2026-10-02 17:31:05"
4289,100,0,0,0.280000000000001,12,"2026-10-02 17:31:05"
4290,100,0,0,0.291000000000011,12,"2026-10-02 17:31:05"
4291,100,0,0,0.284999999999997,12,"2026-10-02 17:31:05"
4292,100,0,0,0.305999999999997,12,"2026-10-02 17:31:05"
4293,100,0,0,0.275999999999996,12,"2026-10-02 17:31:05"
4294,100,0,0,0.284000000000006,12,"2026-10-02 17:31:05"
4295,100,0,0,0.283000000000001,12,"2026-10-02 17:31:05"
4296,100,0,0,0.294999999999987,12,"2026-10-02 17:31:05"
4297,100,0,0,0.302000000000007,12,"2026-10-02 17:31:05"
4298,100,0,0,0.301000000000002,12,"2026-10-02 17:31:05"
4299,100,0,0,0.297000000000011,12,"2026-10-02 17:31:05"
4300,100,0,0,0.269999999999996,12,"2026-10-02 17:31:05"
4301,100,0,0,0.324999999999989,12,"2026-10-02 17:31:05"
4302,100,0,0,0.310000000000002,12,"2026-10-02 17:31:05"
4303,100,0,0,0.268000000000001,12,"2026-10-02 17:31:05"
4304,100,0,0,0.363,12,"2026-10-02 17:31:05"
4305,100,0,0,0.378,12,"2026-10-02 17:31:05"
4306,100,0,0,0.364000000000004,12,"2026-10-02 17:31:05"
4307,100,1,0,0.330000000000013,12,"2026-10-02 17:31:05"
4308,100,0,0,0.319000000000003,12,"2026-10-02 17:31:05"
4309,100,0,0,0.299999999999997,12,"2026-10-02 17:31:05"
4310,100,0,0,0.301999999999992,12,"2026-10-02 17:31:05"
4311,100,0,0,0.319999999999993,12,"2026-10-02 17:31:05"
4312,100,0,0,0.289000000000001,12,"2026-10-02 17:31:05"
4313,100,0,0,0.283000000000001,12,"2026-10-02 17:31:05"
4314,100,0,0,0.307000000000002,12,"2026-10-02 17:31:05"
4315,100,0,0,0.349000000000004,12,"2026-10-02 17:31:05"
4316,100,0,0,0.289999999999992,12,"2026-10-02 17:31:05"
4317,100,0,0,0.332999999999998,12,"2026-10-02 17:31:05"
4318,100,0,0,0.338999999999999,12,"2026-10-02 17:31:05"
4319,100,1,0,0.319999999999993,12,"2026-10-02 17:31:05"
4320,100,0,0,0.292000000000002,12,"2026-10-02 17:31:05"
4321,100,1,0,0.323000000000008,12,"2026-10-02 17:31:05"
4322,100,0,0,0.340000000000003,12,"2026-10-02 17:31:05"
4323,100,0,0,0.305999999999997,12,"2026-10-02 17:31:05"
4324,100,0,0,0.332999999999998,12,"2026-10-02 17:31:05"
4325,100,1,0,0.281999999999996,12,"2026-10-02 17:31:05"
4326,100,0,0,0.283999999999992,12,"2026-10-02 17:31:05"
4327,100,0,0,0.269000000000005,12,"2026-10-02 17:31:05"
4328,100,0,0,0.393000000000001,12,"2026-10-02 17:31:05"
4329,100,0,0,0.313000000000002,12,"2026-10-02 17:31:05"
4330,100,0,0,0.310999999999993,12,"2026-10-02 17:31:05"
4331,100,0,0,0.329000000000008,12,"2026-10-02 17:31:05"
4332,100,1,0,0.298000000000002,12,"2026-10-02 17:31:05"
4333,100,0,0,0.301999999999992,12,"2026-10-02 17:31:05"
4334,100,0,0,0.319000000000003,12,"2026-10-02 17:31:05"
4335,100,0,0,0.326000000000008,12,"2026-10-02 17:31:05"
4336,100,0,0,0.322999999999993,12,"2026-10-02 17:31:05"
4337,100,0,0,0.334999999999994,12,"2026-10-02 17:31:05"
4338,100,0,0,0.298999999999992,12,"2026-10-02 17:31:05"
4339,100,0,0,0.308000000000007,12,"2026-10-02 17:31:05"
4340,100,0,0,0.364000000000004,12,"2026-10-02 17:31:05"
4341,100,0,0,0.316000000000003,12,"2026-10-02 17:31:05"
4342,100,1,0,0.309000000000012,12,"2026-10-02 17:31:05"
4343,100,0,0,0.302999999999997,12,"2026-10-02 17:31:05"
4344,100,0,0,0.301999999999992,12,"2026-10-02 17:31:05"
4345,100,0,0,0.296999999999997,12,"2026-10-02 17:31:05"
4346,100,0,0,0.346999999999994,12,"2026-10-02 17:31:05"
4347,100,0,0,0.296000000000006,12,"2026-10-02 17:31:05"
4348,100,0,0,0.323000000000008,12,"2026-10-02 17:31:05"
4349,100,0,0,0.278000000000006,12,"2026-10-02 17:31:05"
4350,100,0,0,0.290999999999997,12,"2026-10-02 17:31:05"
4351,100,1,0,0.288000000000011,12,"2026-10-02 17:31:05"
4352,100,0,0,0.304000000000002,12,"2026-10-02 17:31:05"
4353,100,0,0,0.340999999999994,12,"2026-10-02 17:31:05"
4354,100,0,0,0.306000000000012,12,"2026-10-02 17:31:05"
4355,100,0,0,0.317999999999998,12,"2026-10-02 17:31:05"
4356,100,0,0,0.317999999999998,12,"2026-10-02 17:31:05"
4357,100,0,0,0.334000000000003,12,"2026-10-02 17:31:05"
4358,100,0,0,0.322000000000003,12,"2026-10-02 17:31:05"
4359,100,0,0,0.296999999999997,12,"2026-10-02 17:31:05"
4360,100,0,0,0.320999999999998,12,"2026-10-02 17:31:05"
4361,100,0,0,0.308999999999997,12,"2026-10-02 17:31:05"
4362,100,0,0,0.316999999999993,12,"2026-10-02 17:31:05"
4363,100,0,0,0.322000000000003,12,"2026-10-02 17:31:05"
4364,100,0,0,0.349999999999994,12,"2026-10-02 17:31:05"
4365,100,1,0,0.347999999999999,12,"2026-10-02 17:31:05"
4366,100,0,0,0.314999999999998,12,"2026-10-02 17:31:05"
4367,100,0,0,0.317000000000007,12,"2026-10-02 17:31:05"
4368,100,0,0,0.335000000000008,12,"2026-10-02 17:31:05"
4369,100,1,0,0.316000000000003,12,"2026-10-02 17:31:05"
4370,100,0,0,0.311000000000007,12,"2026-10-02 17:31:05"
4371,100,0,0,0.334999999999994,12,"2026-10-02 17:31:05"
4372,100,1,0,0.367000000000004,12,"2026-10-02 17:31:05"
4373,100,0,0,0.282999999999987,12,"2026-10-02 17:31:05"
4374,100,0,0,0.335999999999999,12,"2026-10-02 17:31:05"
4375,100,0,0,0.298000000000002,12,"2026-10-02 17:31:05"
4376,100,0,0,0.325999999999993,12,"2026-10-02 17:31:05"
4377,100,0,0,0.328999999999994,12,"2026-10-02 17:31:05"
4378,100,0,0,0.296999999999997,12,"2026-10-02 17:31:05"
4379,100,0,0,0.289999999999992,12,"2026-10-02 17:31:05"
4380,100,0,0,0.304999999999993,12,"2026-10-02 17:31:05"
4381,100,1,0,0.292999999999992,12,"2026-10-02 17:31:05"
4382,100,0,0,0.293999999999997,12,"2026-10-02 17:31:05"
4383,100,0,0,0.310000000000002,12,"2026-10-02 17:31:05"
4384,100,0,0,0.306000000000012,12,"2026-10-02 17:31:05"
4385,100,0,0,0.296999999999997,12,"2026-10-02 17:31:05"
4386,100,0,0,0.308999999999997,12,"2026-10-02 17:31:05"
4387,100,0,0,0.326000000000008,12,"2026-10-02 17:31:05"
4388,100,0,0,0.365000000000009,12,"2026-10-02 17:31:05"
4389,100,0,0,0.334000000000003,12,"2026-10-02 17:31:05"
4390,100,0,0,0.312999999999988,12,"2026-10-02 17:31:05"
4391,100,0,0,0.327000000000012,12,"2026-10-02 17:31:05"
4392,100,0,0,0.304000000000002,12,"2026-10-02 17:31:05"
4393,100,0,0,0.296999999999997,12,"2026-10-02 17:31:05"
4394,100,0,0,0.302000000000007,12,"2026-10-02 17:31:05"
4395,100,0,0,0.293999999999997,12,"2026-10-02 17:31:05"
4396,100,0,0,0.329999999999998,12,"2026-10-02 17:31:05"
4397,100,0,0,0.284999999999997,12,"2026-10-02 17:31:05"
4398,100,0,0,0.313000000000002,12,"2026-10-02 17:31:05"
4399,100,0,0,0.289000000000001,12,"2026-10-02 17:31:05"
4400,100,0,0,0.292999999999992,12,"2026-10-02 17:31:05"
4401,100,0,0,0.219999999999999,12,"2026-10-02 17:31:05"
4402,100,0,0,0.263999999999996,12,"2026-10-02 17:31:05"
4403,100,0,0,0.216999999999999,12,"2026-10-02 17:31:05"
4404,100,0,0,0.244,12,"2026-10-02 17:31:05"
4405,100,0,0,0.245999999999995,12,"2026-10-02 17:31:05"
4406,100,0,0,0.256999999999991,12,"2026-10-02 17:31:05"
4407,100,0,0,0.230999999999995,12,"2026-10-02 17:31:05"
4408,100,0,0,0.248000000000005,12,"2026-10-02 17:31:05"
4409,100,0,0,0.238,12,"2026-10-02 17:31:05"
4410,100,0,0,0.221000000000004,12,"2026-10-02 17:31:05"
4411,100,0,0,0.230000000000004,12,"2026-10-02 17:31:05"
4412,100,0,0,0.259,12,"2026-10-02 17:31:05"
4413,100,0,0,0.221999999999994,12,"2026-10-02 17:31:05"
4414,100,0,0,0.219999999999999,12,"2026-10-02 17:31:05"
4415,100,0,0,0.250999999999991,12,"2026-10-02 17:31:05"
4416,100,0,0,0.221000000000004,12,"2026-10-02 17:31:05"
4417,100,0,0,0.221999999999994,12,"2026-10-02 17:31:05"
4418,100,0,0,0.229000000000013,12,"2026-10-02 17:31:05"
4419,100,0,0,0.227000000000004,12,"2026-10-02 17:31:05"
4420,100,0,0,0.253,12,"2026-10-02 17:31:05"
4421,100,0,0,0.210000000000008,12,"2026-10-02 17:31:05"
4422,100,0,0,0.220999999999989,12,"2026-10-02 17:31:05"
4423,100,0,0,0.230000000000004,12,"2026-10-02 17:31:05"
4424,100,0,0,0.234999999999999,12,"2026-10-02 17:31:05"
4425,100,0,0,0.247,12,"2026-10-02 17:31:05"
4426,100,0,0,0.259,12,"2026-10-02 17:31:05"
4427,100,0,0,0.247,12,"2026-10-02 17:31:05"
4428,100,0,0,0.225999999999999,12,"2026-10-02 17:31:05"
4429,100,0,0,0.227000000000004,12,"2026-10-02 17:31:05"
4430,100,0,0,0.228999999999999,12,"2026-10-02 17:31:05"
4431,100,0,0,0.224999999999994,12,"2026-10-02 17:31:05"
4432,100,0,0,0.219999999999999,12,"2026-10-02 17:31:05"
4433,100,0,0,0.233000000000004,12,"2026-10-02 17:31:05"
4434,100,0,0,0.233999999999995,12,"2026-10-02 17:31:05"
4435,100,0,0,0.325000000000003,12,"2026-10-02 17:31:05"
4436,100,0,0,0.275000000000006,12,"2026-10-02 17:31:05"
4437,100,0,0,0.231999999999999,12,"2026-10-02 17:31:05"
4438,100,0,0,0.227000000000004,12,"2026-10-02 17:31:05"
4439,100,0,0,0.245000000000005,12,"2026-10-02 17:31:05"
4440,100,0,0,0.234999999999999,12,"2026-10-02 17:31:05"
4441,100,0,0,0.206000000000003,12,"2026-10-02 17:31:05"
4442,100,0,0,0.221000000000004,12,"2026-10-02 17:31:05"
4443,100,0,0,0.219999999999999,12,"2026-10-02 17:31:05"
4444,100,0,0,0.219000000000008,12,"2026-10-02 17:31:05"
4445,100,0,0,0.234000000000009,12,"2026-10-02 17:31:05"
4446,100,0,0,0.211999999999989,12,"2026-10-02 17:31:05"
4447,100,0,0,0.277000000000001,12,"2026-10-02 17:31:05"
4448,100,0,0,0.231999999999999,12,"2026-10-02 17:31:05"
4449,100,0,0,0.233999999999995,12,"2026-10-02 17:31:05"
4450,100,0,0,0.23299999999999,12,"2026-10-02 17:31:05"
4451,100,0,0,0.23299999999999,12,"2026-10-02 17:31:05"
4452,100,0,0,0.234999999999999,12,"2026-10-02 17:31:05"
4453,100,0,0,0.240000000000009,12,"2026-10-02 17:31:05"
4454,100,0,0,0.242000000000004,12,"2026-10-02 17:31:05"
4455,100,0,0,0.23599999999999,12,"2026-10-02 17:31:05"
4456,100,0,0,0.228999999999999,12,"2026-10-02 17:31:05"
4457,100,0,0,0.224999999999994,12,"2026-10-02 17:31:05"
4458,100,0,0,0.24799999999999,12,"2026-10-02 17:31:05"
4459,100,0,0,0.233000000000004,12,"2026-10-02 17:31:05"
4460,100,0,0,0.230000000000004,12,"2026-10-02 17:31:05"
4461,100,0,0,0.218999999999994,12,"2026-10-02 17:31:05"
4462,100,0,0,0.244,12,"2026-10-02 17:31:05"
4463,100,0,0,0.231000000000009,12,"2026-10-02 17:31:05"
4464,100,0,0,0.254000000000005,12,"2026-10-02 17:31:05"
4465,100,0,0,0.263000000000005,12,"2026-10-02 17:31:05"
4466,100,0,0,0.228999999999999,12,"2026-10-02 17:31:05"
4467,100,0,0,0.221999999999994,12,"2026-10-02 17:31:05"
4468,100,0,0,0.254000000000005,12,"2026-10-02 17:31:05"
4469,100,0,0,0.236000000000004,12,"2026-10-02 17:31:05"
4470,100,0,0,0.217000000000013,12,"2026-10-02 17:31:05"
4471,100,0,0,0.24799999999999,12,"2026-10-02 17:31:05"
4472,100,0,0,0.248999999999995,12,"2026-10-02 17:31:05"
4473,100,0,0,0.236999999999995,12,"2026-10-02 17:31:05"
4474,100,0,0,0.25,12,"2026-10-02 17:31:05"
4475,100,0,0,0.248999999999995,12,"2026-10-02 17:31:05"
4476,100,0,0,0.243000000000009,12,"2026-10-02 17:31:05"
4477,100,0,0,0.22999999999999,12,"2026-10-02 17:31:05"
4478,100,0,0,0.242999999999995,12,"2026-10-02 17:31:05"
4479,100,0,0,0.238,12,"2026-10-02 17:31:05"
4480,100,0,0,0.231999999999999,12,"2026-10-02 17:31:05"
4481,100,0,0,0.221000000000004,12,"2026-10-02 17:31:05"
4482,100,0,0,0.221999999999994,12,"2026-10-02 17:31:05"
4483,100,0,0,0.24499999999999,12,"2026-10-02 17:31:05"
4484,100,0,0,0.241,12,"2026-10-02 17:31:05"
4485,100,0,0,0.228999999999999,12,"2026-10-02 17:31:05"
4486,100,0,0,0.245000000000005,12,"2026-10-02 17:31:05"
4487,100,0,0,0.24799999999999,12,"2026-10-02 17:31:05"
4488,100,0,0,0.241,12,"2026-10-02 17:31:05"
4489,100,0,0,0.221999999999994,12,"2026-10-02 17:31:05"
4490,100,0,0,0.219999999999999,12,"2026-10-02 17:31:05"
4491,100,0,0,0.245000000000005,12,"2026-10-02 17:31:05"
4492,100,0,0,0.230000000000004,12,"2026-10-02 17:31:05"
4493,100,0,0,0.224999999999994,12,"2026-10-02 17:31:05"
4494,100,0,0,0.227000000000004,12,"2026-10-02 17:31:05"
4495,100,0,0,0.234000000000009,12,"2026-10-02 17:31:05"
4496,100,0,0,0.234999999999999,12,"2026-10-02 17:31:05"
4497,100,0,0,0.254000000000005,12,"2026-10-02 17:31:05"
4498,100,0,0,0.238,12,"2026-10-02 17:31:05"
4499,100,0,0,0.222999999999999,12,"2026-10-02 17:31:05"
4500,100,0,0,0.234999999999999,12,"2026-10-02 17:31:05"
4501,100,0,0,0.242000000000004,12,"2026-10-02 17:31:05"
4502,100,0,0,0.234999999999999,12,"2026-10-02 17:31:05"
4503,100,0,0,0.230999999999995,12,"2026-10-02 17:31:05"
4504,100,0,0,0.256,12,"2026-10-02 17:31:05"
4505,100,0,0,0.246000000000009,12,"2026-10-02 17:31:05"
4506,100,0,0,0.297000000000011,12,"2026-10-02 17:31:05"
4507,100,0,0,0.231999999999999,12,"2026-10-02 17:31:05"
4508,100,0,0,0.247,12,"2026-10-02 17:31:05"
4509,100,0,0,0.243000000000009,12,"2026-10-02 17:31:05"
4510,100,0,0,0.239000000000004,12,"2026-10-02 17:31:05"
4511,100,0,0,0.271999999999991,12,"2026-10-02 17:31:05"
4512,100,0,0,0.26400000000001,12,"2026-10-02 17:31:05"
4513,100,0,0,0.254999999999995,12,"2026-10-02 17:31:05"
4514,100,0,0,0.23299999999999,12,"2026-10-02 17:31:05"
4515,100,0,0,0.231999999999999,12,"2026-10-02 17:31:05"
4516,100,0,0,0.253,12,"2026-10-02 17:31:05"
4517,100,0,0,0.22699999999999,12,"2026-10-02 17:31:05"
4518,100,0,0,0.256,12,"2026-10-02 17:31:05"
4519,100,0,0,0.259999999999991,12,"2026-10-02 17:31:05"
4520,100,0,0,0.23899999999999,12,"2026-10-02 17:31:05"
4521,100,0,0,0.256999999999991,12,"2026-10-02 17:31:05"
4522,100,1,0,0.253,12,"2026-10-02 17:31:05"
4523,100,0,0,0.253,12,"2026-10-02 17:31:05"
4524,100,0,0,0.244,12,"2026-10-02 17:31:05"
4525,100,0,0,0.241,12,"2026-10-02 17:31:05"
4526,100,0,0,0.239999999999995,12,"2026-10-02 17:31:05"
4527,100,0,0,0.274999999999991,12,"2026-10-02 17:31:05"
4528,100,0,0,0.234999999999999,12,"2026-10-02 17:31:05"
4529,100,0,0,0.259,12,"2026-10-02 17:31:05"
4530,100,0,0,0.256999999999991,12,"2026-10-02 17:31:05"
4531,100,0,0,0.253,12,"2026-10-02 17:31:05"
4532,100,0,0,0.263999999999996,12,"2026-10-02 17:31:05"
4533,100,0,0,0.266000000000005,12,"2026-10-02 17:31:05"
4534,100,0,0,0.275999999999996,12,"2026-10-02 17:31:05"
4535,100,0,0,0.239999999999995,12,"2026-10-02 17:31:05"
4536,100,0,0,0.23899999999999,12,"2026-10-02 17:31:05"
4537,100,0,0,0.23599999999999,12,"2026-10-02 17:31:05"
4538,100,0,0,0.257999999999996,12,"2026-10-02 17:31:05"
4539,100,0,0,0.228999999999999,12,"2026-10-02 17:31:05"
4540,100,0,0,0.234000000000009,12,"2026-10-02 17:31:05"
4541,100,0,0,0.238,12,"2026-10-02 17:31:05"
4542,100,1,0,0.256999999999991,12,"2026-10-02 17:31:05"
4543,100,0,0,0.248000000000005,12,"2026-10-02 17:31:05"
4544,100,0,0,0.233000000000004,12,"2026-10-02 17:31:05"
4545,100,0,0,0.23299999999999,12,"2026-10-02 17:31:05"
4546,100,0,0,0.243000000000009,12,"2026-10-02 17:31:05"
4547,100,0,0,0.236999999999995,12,"2026-10-02 17:31:05"
4548,100,0,0,0.231999999999999,12,"2026-10-02 17:31:05"
4549,100,0,0,0.281999999999996,12,"2026-10-02 17:31:05"
4550,100,0,0,0.271000000000001,12,"2026-10-02 17:31:05"
4551,100,0,0,0.253,12,"2026-10-02 17:31:05"
4552,100,0,0,0.281999999999996,12,"2026-10-02 17:31:05"
4553,100,0,0,0.278000000000006,12,"2026-10-02 17:31:05"
4554,100,0,0,0.225999999999999,12,"2026-10-02 17:31:05"
4555,100,0,0,0.256,12,"2026-10-02 17:31:05"
4556,100,0,0,0.25500000000001,12,"2026-10-02 17:31:05"
4557,100,0,0,0.259,12,"2026-10-02 17:31:05"
4558,100,0,0,0.245999999999995,12,"2026-10-02 17:31:05"
4559,100,0,0,0.256,12,"2026-10-02 17:31:05"
4560,100,0,0,0.253,12,"2026-10-02 17:31:05"
4561,100,0,0,0.254000000000005,12,"2026-10-02 17:31:05"
4562,100,0,0,0.238,12,"2026-10-02 17:31:05"
4563,100,0,0,0.24799999999999,12,"2026-10-02 17:31:05"
4564,100,1,0,0.263999999999996,12,"2026-10-02 17:31:05"
4565,100,0,0,0.225999999999999,12,"2026-10-02 17:31:05"
4566,100,0,0,0.253999999999991,12,"2026-10-02 17:31:05"
4567,100,0,0,0.25,12,"2026-10-02 17:31:05"
4568,100,0,0,0.259,12,"2026-10-02 17:31:05"
4569,100,0,0,0.256,12,"2026-10-02 17:31:05"
4570,100,0,0,0.269999999999996,12,"2026-10-02 17:31:05"
4571,100,0,0,0.257000000000005,12,"2026-10-02 17:31:05"
4572,100,0,0,0.244,12,"2026-10-02 17:31:05"
4573,100,0,0,0.272000000000006,12,"2026-10-02 17:31:05"
4574,100,0,0,0.25800000000001,12,"2026-10-02 17:31:05"
4575,100,0,0,0.260999999999996,12,"2026-10-02 17:31:05"
4576,100,0,0,0.246000000000009,12,"2026-10-02 17:31:05"
4577,100,0,0,0.231999999999999,12,"2026-10-02 17:31:05"
4578,100,0,0,0.256999999999991,12,"2026-10-02 17:31:05"
4579,100,0,0,0.251000000000005,12,"2026-10-02 17:31:05"
4580,100,0,0,0.243000000000009,12,"2026-10-02 17:31:05"
4581,100,0,0,0.27600000000001,12,"2026-10-02 17:31:05"
4582,100,0,0,0.262,12,"2026-10-02 17:31:05"
4583,100,0,0,0.23299999999999,12,"2026-10-02 17:31:05"
4584,100,0,0,0.24799999999999,12,"2026-10-02 17:31:05"
4585,100,0,0,0.236999999999995,12,"2026-10-02 17:31:05"
4586,100,0,0,0.274999999999991,12,"2026-10-02 17:31:05"
4587,100,0,0,0.266000000000005,12,"2026-10-02 17:31:05"
4588,100,0,0,0.269000000000005,12,"2026-10-02 17:31:05"
4589,100,0,0,0.248000000000005,12,"2026-10-02 17:31:05"
4590,100,0,0,0.290999999999997,12,"2026-10-02 17:31:05"
4591,100,0,0,0.233999999999995,12,"2026-10-02 17:31:05"
4592,100,0,0,0.239000000000004,12,"2026-10-02 17:31:05"
4593,100,0,0,0.25800000000001,12,"2026-10-02 17:31:05"
4594,100,0,0,0.263999999999996,12,"2026-10-02 17:31:05"
4595,100,0,0,0.25500000000001,12,"2026-10-02 17:31:05"
4596,100,0,0,0.265000000000001,12,"2026-10-02 17:31:05"
4597,100,0,0,0.24799999999999,12,"2026-10-02 17:31:05"
4598,100,0,0,0.266999999999996,12,"2026-10-02 17:31:05"
4599,100,0,0,0.25200000000001,12,"2026-10-02 17:31:05"
4600,100,0,0,0.242000000000004,12,"2026-10-02 17:31:05"
4601,100,0,0,0.275999999999996,12,"2026-10-02 17:31:05"
4602,100,0,0,0.344999999999999,12,"2026-10-02 17:31:05"
4603,100,0,0,0.310999999999993,12,"2026-10-02 17:31:05"
4604,100,0,0,0.333000000000013,12,"2026-10-02 17:31:05"
4605,100,0,0,0.316999999999993,12,"2026-10-02 17:31:05"
4606,100,0,0,0.287999999999997,12,"2026-10-02 17:31:05"
4607,100,0,0,0.293999999999997,12,"2026-10-02 17:31:05"
4608,100,0,0,0.311999999999998,12,"2026-10-02 17:31:05"
4609,100,0,0,0.291999999999987,12,"2026-10-02 17:31:05"
4610,100,0,0,0.277000000000001,12,"2026-10-02 17:31:05"
4611,100,0,0,0.274999999999991,12,"2026-10-02 17:31:05"
4612,100,0,0,0.260999999999996,12,"2026-10-02 17:31:05"
4613,100,0,0,0.274000000000001,12,"2026-10-02 17:31:05"
4614,100,0,0,0.269999999999996,12,"2026-10-02 17:31:05"
4615,100,0,0,0.301000000000002,12,"2026-10-02 17:31:05"
4616,100,0,0,0.275999999999996,12,"2026-10-02 17:31:05"
4617,100,0,0,0.277000000000001,12,"2026-10-02 17:31:05"
4618,100,0,0,0.271000000000001,12,"2026-10-02 17:31:05"
4619,100,0,0,0.292000000000002,12,"2026-10-02 17:31:05"
4620,100,0,0,0.268000000000001,12,"2026-10-02 17:31:05"
4621,100,0,0,0.262,12,"2026-10-02 17:31:05"
4622,100,0,0,0.320999999999998,12,"2026-10-02 17:31:05"
4623,100,0,0,0.27600000000001,12,"2026-10-02 17:31:05"
4624,100,0,0,0.278999999999996,12,"2026-10-02 17:31:05"
4625,100,0,0,0.266999999999996,12,"2026-10-02 17:31:05"
4626,100,0,0,0.314999999999998,12,"2026-10-02 17:31:05"
4627,100,0,0,0.278000000000006,12,"2026-10-02 17:31:05"
4628,100,0,0,0.316000000000003,12,"2026-10-02 17:31:05"
4629,100,0,0,0.284000000000006,12,"2026-10-02 17:31:05"
4630,100,0,0,0.274999999999991,12,"2026-10-02 17:31:05"
4631,100,1,0,0.275999999999996,12,"2026-10-02 17:31:05"
4632,100,0,0,0.295000000000002,12,"2026-10-02 17:31:05"
4633,100,0,0,0.283999999999992,12,"2026-10-02 17:31:05"
4634,100,0,0,0.271000000000001,12,"2026-10-02 17:31:05"
4635,100,1,0,0.27300000000001,12,"2026-10-02 17:31:05"
4636,100,0,0,0.279000000000011,12,"2026-10-02 17:31:05"
4637,100,0,0,0.282999999999987,12,"2026-10-02 17:31:05"
4638,100,0,0,0.280999999999992,12,"2026-10-02 17:31:05"
4639,100,0,0,0.293999999999997,12,"2026-10-02 17:31:05"
4640,100,0,0,0.268000000000001,12,"2026-10-02 17:31:05"
4641,100,0,0,0.277000000000001,12,"2026-10-02 17:31:05"
4642,100,0,0,0.295999999999992,12,"2026-10-02 17:31:05"
4643,100,0,0,0.284000000000006,12,"2026-10-02 17:31:05"
4644,100,0,0,0.289000000000001,12,"2026-10-02 17:31:05"
4645,100,0,0,0.265999999999991,12,"2026-10-02 17:31:05"
4646,100,0,0,0.290999999999997,12,"2026-10-02 17:31:05"
4647,100,0,0,0.277999999999992,12,"2026-10-02 17:31:05"
4648,100,0,0,0.305999999999997,12,"2026-10-02 17:31:05"
4649,100,0,0,0.286000000000001,12,"2026-10-02 17:31:05"
4650,100,0,0,0.278999999999996,12,"2026-10-02 17:31:05"
4651,100,0,0,0.296999999999997,12,"2026-10-02 17:31:05"
4652,100,0,0,0.265000000000001,12,"2026-10-02 17:31:05"
4653,100,0,0,0.290000000000006,12,"2026-10-02 17:31:05"
4654,100,0,0,0.254999999999995,12,"2026-10-02 17:31:05"
4655,100,0,0,0.272000000000006,12,"2026-10-02 17:31:05"
4656,100,1,0,0.313000000000002,12,"2026-10-02 17:31:05"
4657,100,0,0,0.298000000000002,12,"2026-10-02 17:31:05"
4658,100,0,0,0.289000000000001,12,"2026-10-02 17:31:05"
4659,100,0,0,0.289000000000001,12,"2026-10-02 17:31:05"
4660,100,0,0,0.268000000000001,12,"2026-10-02 17:31:05"
4661,100,0,0,0.328000000000003,12,"2026-10-02 17:31:05"
4662,100,0,0,0.283999999999992,12,"2026-10-02 17:31:05"
4663,100,0,0,0.294000000000011,12,"2026-10-02 17:31:05"
4664,100,0,0,0.251000000000005,12,"2026-10-02 17:31:05"
4665,100,0,0,0.266999999999996,12,"2026-10-02 17:31:05"
4666,100,0,0,0.280000000000001,12,"2026-10-02 17:31:05"
4667,100,0,0,0.26700000000001,12,"2026-10-02 17:31:05"
4668,100,0,0,0.313999999999993,12,"2026-10-02 17:31:05"
4669,100,0,0,0.301000000000002,12,"2026-10-02 17:31:05"
4670,100,0,0,0.257999999999996,12,"2026-10-02 17:31:05"
4671,100,0,0,0.293999999999997,12,"2026-10-02 17:31:05"
4672,100,0,0,0.284999999999997,12,"2026-10-02 17:31:05"
4673,100,0,0,0.375,12,"2026-10-02 17:31:05"
4674,100,0,0,0.307999999999993,12,"2026-10-02 17:31:05"
4675,100,0,0,0.288000000000011,12,"2026-10-02 17:31:05"
4676,100,0,0,0.283999999999992,12,"2026-10-02 17:31:05"
4677,100,0,0,0.271999999999991,12,"2026-10-02 17:31:05"
4678,100,0,0,0.268999999999991,12,"2026-10-02 17:31:05"
4679,100,0,0,0.278999999999996,12,"2026-10-02 17:31:05"
4680,100,0,0,0.287000000000006,12,"2026-10-02 17:31:05"
4681,100,0,0,0.269999999999996,12,"2026-10-02 17:31:05"
4682,100,0,0,0.420999999999992,12,"2026-10-02 17:31:05"
4683,100,0,0,0.266000000000005,12,"2026-10-02 17:31:05"
4684,100,0,0,0.259999999999991,12,"2026-10-02 17:31:05"
4685,100,0,0,0.278000000000006,12,"2026-10-02 17:31:05"
4686,100,0,0,0.283000000000001,12,"2026-10-02 17:31:05"
4687,100,0,0,0.284000000000006,12,"2026-10-02 17:31:05"
4688,100,0,0,0.283000000000001,12,"2026-10-02 17:31:05"
4689,100,0,0,0.310000000000002,12,"2026-10-02 17:31:05"
4690,100,0,0,0.335000000000008,12,"2026-10-02 17:31:05"
4691,100,0,0,0.332999999999998,12,"2026-10-02 17:31:05"
4692,100,0,0,0.302000000000007,12,"2026-10-02 17:31:05"
4693,100,0,0,0.27600000000001,12,"2026-10-02 17:31:05"
4694,100,0,0,0.335000000000008,12,"2026-10-02 17:31:05"
4695,100,0,0,0.270999999999987,12,"2026-10-02 17:31:05"
4696,100,0,0,0.325000000000003,12,"2026-10-02 17:31:05"
4697,100,0,0,0.310000000000002,12,"2026-10-02 17:31:05"
4698,100,0,0,0.306999999999988,12,"2026-10-02 17:31:05"
4699,100,0,0,0.277999999999992,12,"2026-10-02 17:31:05"
4700,100,0,0,0.343000000000004,12,"2026-10-02 17:31:05"
4701,100,0,0,0.329999999999998,12,"2026-10-02 17:31:05"
4702,100,0,0,0.390000000000001,12,"2026-10-02 17:31:05"
4703,100,0,0,0.289000000000001,12,"2026-10-02 17:31:05"
4704,100,0,0,0.376999999999995,12,"2026-10-02 17:31:05"
4705,100,0,0,0.317999999999998,12,"2026-10-02 17:31:05"
4706,100,0,0,0.406999999999996,12,"2026-10-02 17:31:05"
4707,100,0,0,0.317999999999998,12,"2026-10-02 17:31:05"
4708,100,0,0,0.302999999999997,12,"2026-10-02 17:31:05"
4709,100,0,0,0.35799999999999,12,"2026-10-02 17:31:05"
4710,100,1,0,0.299999999999997,12,"2026-10-02 17:31:05"
4711,100,0,0,0.388000000000005,12,"2026-10-02 17:31:05"
4712,100,0,0,0.370999999999995,12,"2026-10-02 17:31:05"
4713,100,0,0,0.381,12,"2026-10-02 17:31:05"
4714,100,0,0,0.369,12,"2026-10-02 17:31:05"
4715,100,0,0,0.375,12,"2026-10-02 17:31:05"
4716,100,0,0,0.342999999999989,12,"2026-10-02 17:31:05"
4717,100,0,0,0.378,12,"2026-10-02 17:31:05"
4718,100,0,0,0.515000000000001,12,"2026-10-02 17:31:05"
4719,100,0,0,0.324999999999989,12,"2026-10-02 17:31:05"
4720,100,0,0,0.39800000000001,12,"2026-10-02 17:31:05"
4721,100,0,0,0.429999999999993,12,"2026-10-02 17:31:05"
4722,100,0,0,0.373999999999995,12,"2026-10-02 17:31:05"
4723,100,0,0,0.393000000000001,12,"2026-10-02 17:31:05"
4724,100,0,0,0.379000000000005,12,"2026-10-02 17:31:05"
4725,100,0,0,0.352999999999994,12,"2026-10-02 17:31:05"
4726,100,0,0,0.387,12,"2026-10-02 17:31:05"
4727,100,0,0,0.345000000000013,12,"2026-10-02 17:31:05"
4728,100,0,0,0.340000000000003,12,"2026-10-02 17:31:05"
4729,100,1,0,0.332000000000008,12,"2026-10-02 17:31:05"
4730,100,0,0,0.337999999999994,12,"2026-10-02 17:31:05"
4731,100,0,0,0.322000000000003,12,"2026-10-02 17:31:05"
4732,100,0,0,0.293000000000006,12,"2026-10-02 17:31:05"
4733,100,0,0,0.308000000000007,12,"2026-10-02 17:31:05"
4734,100,0,0,0.295999999999992,12,"2026-10-02 17:31:05"
4735,100,0,0,0.302999999999997,12,"2026-10-02 17:31:05"
4736,100,0,0,0.296999999999997,12,"2026-10-02 17:31:05"
4737,100,0,0,0.296000000000006,12,"2026-10-02 17:31:05"
4738,100,0,0,0.317999999999998,12,"2026-10-02 17:31:05"
4739,100,0,0,0.363,12,"2026-10-02 17:31:05"
4740,100,0,0,0.322000000000003,12,"2026-10-02 17:31:05"
4741,100,0,0,0.335000000000008,12,"2026-10-02 17:31:05"
4742,100,0,0,0.329000000000008,12,"2026-10-02 17:31:05"
4743,100,0,0,0.331999999999994,12,"2026-10-02 17:31:05"
4744,100,0,0,0.283000000000001,12,"2026-10-02 17:31:05"
4745,100,0,0,0.289000000000001,12,"2026-10-02 17:31:05"
4746,100,0,0,0.313999999999993,12,"2026-10-02 17:31:05"
4747,100,0,0,0.337000000000003,12,"2026-10-02 17:31:05"
4748,100,0,0,0.278000000000006,12,"2026-10-02 17:31:05"
4749,100,0,0,0.353000000000009,12,"2026-10-02 17:31:05"
4750,100,0,0,0.308999999999997,12,"2026-10-02 17:31:05"
4751,100,1,0,0.335999999999999,12,"2026-10-02 17:31:05"
4752,100,0,0,0.296000000000006,12,"2026-10-02 17:31:05"
4753,100,0,0,0.287999999999997,12,"2026-10-02 17:31:05"
4754,100,0,0,0.347999999999999,12,"2026-10-02 17:31:05"
4755,100,0,0,0.331999999999994,12,"2026-10-02 17:31:05"
4756,100,0,0,0.308999999999997,12,"2026-10-02 17:31:05"
4757,100,0,0,0.331999999999994,12,"2026-10-02 17:31:05"
4758,100,0,0,0.311000000000007,12,"2026-10-02 17:31:05"
4759,100,0,0,0.298999999999992,12,"2026-10-02 17:31:05"
4760,100,1,0,0.323999999999998,12,"2026-10-02 17:31:05"
4761,100,1,0,0.317999999999998,12,"2026-10-02 17:31:05"
4762,100,0,0,0.315000000000012,12,"2026-10-02 17:31:05"
4763,100,0,0,0.297000000000011,12,"2026-10-02 17:31:05"
4764,100,0,0,0.317999999999998,12,"2026-10-02 17:31:05"
4765,100,0,0,0.311999999999998,12,"2026-10-02 17:31:05"
4766,100,0,0,0.327999999999989,12,"2026-10-02 17:31:05"
4767,100,0,0,0.326000000000008,12,"2026-10-02 17:31:05"
4768,100,0,0,0.328000000000003,12,"2026-10-02 17:31:05"
4769,100,0,0,0.303999999999988,12,"2026-10-02 17:31:05"
4770,100,0,0,0.285999999999987,12,"2026-10-02 17:31:05"
4771,100,0,0,0.316999999999993,12,"2026-10-02 17:31:05"
4772,100,0,0,0.314999999999998,12,"2026-10-02 17:31:05"
4773,100,0,0,0.298000000000002,12,"2026-10-02 17:31:05"
4774,100,0,0,0.307000000000002,12,"2026-10-02 17:31:05"
4775,100,0,0,0.284999999999997,12,"2026-10-02 17:31:05"
4776,100,0,0,0.304000000000002,12,"2026-10-02 17:31:05"
4777,100,0,0,0.287999999999997,12,"2026-10-02 17:31:05"
4778,100,0,0,0.334000000000003,12,"2026-10-02 17:31:05"
4779,100,0,0,0.308999999999997,12,"2026-10-02 17:31:05"
4780,100,0,0,0.304999999999993,12,"2026-10-02 17:31:05"
4781,100,0,0,0.286999999999992,12,"2026-10-02 17:31:05"
4782,100,0,0,0.288000000000011,12,"2026-10-02 17:31:05"
4783,100,0,0,0.343999999999994,12,"2026-10-02 17:31:05"
4784,100,0,0,0.287999999999997,12,"2026-10-02 17:31:05"
4785,100,0,0,0.304000000000002,12,"2026-10-02 17:31:05"
4786,100,0,0,0.313999999999993,12,"2026-10-02 17:31:05"
4787,100,0,0,0.274000000000001,12,"2026-10-02 17:31:05"
4788,100,0,0,0.341999999999999,12,"2026-10-02 17:31:05"
4789,100,0,0,0.331000000000003,12,"2026-10-02 17:31:05"
4790,100,0,0,0.319999999999979,12,"2026-10-02 17:31:05"
4791,100,1,0,0.294000000000011,12,"2026-10-02 17:31:05"
4792,100,1,0,0.316000000000003,12,"2026-10-02 17:31:05"
4793,100,0,0,0.298999999999992,12,"2026-10-02 17:31:05"
4794,100,0,0,0.304999999999993,12,"2026-10-02 17:31:05"
4795,100,0,0,0.307000000000002,12,"2026-10-02 17:31:05"
4796,100,0,0,0.317999999999998,12,"2026-10-02 17:31:05"
4797,100,0,0,0.300000000000011,12,"2026-10-02 17:31:05"
4798,100,0,0,0.313999999999993,12,"2026-10-02 17:31:05"
4799,100,0,0,0.289000000000001,12,"2026-10-02 17:31:05"
4800,100,0,0,0.337000000000018,12,"2026-10-02 17:31:05"
4801,100,0,0,0.244,12,"2026-10-02 17:31:05"
4802,100,0,0,0.26700000000001,12,"2026-10-02 17:31:05"
4803,100,0,0,0.263000000000005,12,"2026-10-02 17:31:05"
4804,100,0,0,0.263000000000005,12,"2026-10-02 17:31:05"
4805,100,0,0,0.298999999999992,12,"2026-10-02 17:31:05"
4806,100,0,0,0.23899999999999,12,"2026-10-02 17:31:05"
4807,100,0,0,0.250999999999991,12,"2026-10-02 17:31:05"
4808,100,0,0,0.214999999999989,12,"2026-10-02 17:31:05"
4809,100,0,0,0.227000000000004,12,"2026-10-02 17:31:05"
4810,100,0,0,0.227000000000004,12,"2026-10-02 17:31:05"
4811,100,0,0,0.238,12,"2026-10-02 17:31:05"
4812,100,0,0,0.253,12,"2026-10-02 17:31:05"
4813,100,0,0,0.230999999999995,12,"2026-10-02 17:31:05"
4814,100,0,0,0.22699999999999,12,"2026-10-02 17:31:05"
4815,100,0,0,0.215999999999994,12,"2026-10-02 17:31:05"
4816,100,0,0,0.238,12,"2026-10-02 17:31:05"
4817,100,0,0,0.25,12,"2026-10-02 17:31:05"
4818,100,0,0,0.239000000000004,12,"2026-10-02 17:31:05"
4819,100,0,0,0.230000000000004,12,"2026-10-02 17:31:05"
4820,100,0,0,0.224999999999994,12,"2026-10-02 17:31:05"
4821,100,0,0,0.224999999999994,12,"2026-10-02 17:31:05"
4822,100,0,0,0.248000000000019,12,"2026-10-02 17:31:05"
4823,100,0,0,0.239999999999995,12,"2026-10-02 17:31:05"
4824,100,0,0,0.254999999999995,12,"2026-10-02 17:31:05"
4825,100,0,0,0.216999999999985,12,"2026-10-02 17:31:05"
4826,100,0,0,0.233999999999995,12,"2026-10-02 17:31:05"
4827,100,0,0,0.238,12,"2026-10-02 17:31:05"
4828,100,0,0,0.246000000000009,12,"2026-10-02 17:31:05"
4829,100,0,0,0.262,12,"2026-10-02 17:31:05"
4830,100,0,0,0.228999999999985,12,"2026-10-02 17:31:05"
4831,100,0,0,0.23599999999999,12,"2026-10-02 17:31:05"
4832,100,0,0,0.231999999999999,12,"2026-10-02 17:31:05"
4833,100,0,0,0.213000000000022,12,"2026-10-02 17:31:05"
4834,100,0,0,0.233000000000004,12,"2026-10-02 17:31:05"
4835,100,0,0,0.216999999999999,12,"2026-10-02 17:31:05"
4836,100,0,0,0.216999999999999,12,"2026-10-02 17:31:05"
4837,100,0,0,0.228999999999985,12,"2026-10-02 17:31:05"
4838,100,0,0,0.233000000000004,12,"2026-10-02 17:31:05"
4839,100,0,0,0.233000000000004,12,"2026-10-02 17:31:05"
4840,100,0,0,0.265999999999991,12,"2026-10-02 17:31:05"
4841,100,0,0,0.254999999999995,12,"2026-10-02 17:31:05"
4842,100,0,0,0.22399999999999,12,"2026-10-02 17:31:05"
4843,100,0,0,0.231999999999999,12,"2026-10-02 17:31:05"
4844,100,0,0,0.253999999999991,12,"2026-10-02 17:31:05"
4845,100,0,0,0.24499999999999,12,"2026-10-02 17:31:05"
4846,100,0,0,0.206999999999994,12,"2026-10-02 17:31:05"
4847,100,0,0,0.247000000000014,12,"2026-10-02 17:31:05"
4848,100,0,0,0.212000000000003,12,"2026-10-02 17:31:05"
4849,100,0,0,0.289000000000016,12,"2026-10-02 17:31:05"
4850,100,0,0,0.227999999999994,12,"2026-10-02 17:31:05"
4851,100,0,0,0.26400000000001,12,"2026-10-02 17:31:05"
4852,100,0,0,0.227000000000004,12,"2026-10-02 17:31:05"
4853,100,0,0,0.254000000000019,12,"2026-10-02 17:31:05"
4854,100,0,0,0.231000000000023,12,"2026-10-02 17:31:05"
4855,100,0,0,0.227000000000004,12,"2026-10-02 17:31:05"
4856,100,0,0,0.210000000000008,12,"2026-10-02 17:31:05"
4857,100,0,0,0.247000000000014,12,"2026-10-02 17:31:05"
4858,100,0,0,0.242999999999995,12,"2026-10-02 17:31:05"
4859,100,0,0,0.234000000000009,12,"2026-10-02 17:31:05"
4860,100,0,0,0.209000000000003,12,"2026-10-02 17:31:05"
4861,100,0,0,0.236999999999995,12,"2026-10-02 17:31:05"
4862,100,0,0,0.231999999999999,12,"2026-10-02 17:31:05"
4863,100,0,0,0.260999999999996,12,"2026-10-02 17:31:05"
4864,100,0,0,0.240000000000009,12,"2026-10-02 17:31:05"
4865,100,0,0,0.216000000000008,12,"2026-10-02 17:31:05"
4866,100,0,0,0.234000000000009,12,"2026-10-02 17:31:05"
4867,100,0,0,0.218999999999994,12,"2026-10-02 17:31:05"
4868,100,0,0,0.233000000000004,12,"2026-10-02 17:31:05"
4869,100,0,0,0.244,12,"2026-10-02 17:31:05"
4870,100,0,0,0.22999999999999,12,"2026-10-02 17:31:05"
4871,100,0,0,0.197000000000003,12,"2026-10-02 17:31:05"
4872,100,0,0,0.299000000000007,12,"2026-10-02 17:31:05"
4873,100,0,0,0.233000000000004,12,"2026-10-02 17:31:05"
4874,100,0,0,0.262,12,"2026-10-02 17:31:05"
4875,100,0,0,0.228000000000009,12,"2026-10-02 17:31:05"
4876,100,0,0,0.233000000000004,12,"2026-10-02 17:31:05"
4877,100,0,0,0.245000000000005,12,"2026-10-02 17:31:05"
4878,100,0,0,0.25,12,"2026-10-02 17:31:05"
4879,100,0,0,0.234000000000009,12,"2026-10-02 17:31:05"
4880,100,0,0,0.239000000000004,12,"2026-10-02 17:31:05"
4881,100,0,0,0.211999999999989,12,"2026-10-02 17:31:05"
4882,100,0,0,0.234999999999985,12,"2026-10-02 17:31:05"
4883,100,0,0,0.222999999999985,12,"2026-10-02 17:31:05"
4884,100,0,0,0.217999999999989,12,"2026-10-02 17:31:05"
4885,100,0,0,0.23399999999998,12,"2026-10-02 17:31:05"
4886,100,0,0,0.240999999999985,12,"2026-10-02 17:31:05"
4887,100,0,0,0.237000000000023,12,"2026-10-02 17:31:05"
4888,100,0,0,0.224999999999994,12,"2026-10-02 17:31:05"
4889,100,0,0,0.218000000000018,12,"2026-10-02 17:31:05"
4890,100,0,0,0.219000000000023,12,"2026-10-02 17:31:05"
4891,100,0,0,0.231000000000023,12,"2026-10-02 17:31:05"
4892,100,0,0,0.219000000000023,12,"2026-10-02 17:31:05"
4893,100,0,0,0.251000000000005,12,"2026-10-02 17:31:05"
4894,100,0,0,0.26400000000001,12,"2026-10-02 17:31:05"
4895,100,0,0,0.213999999999999,12,"2026-10-02 17:31:05"
4896,100,0,0,0.224000000000018,12,"2026-10-02 17:31:05"
4897,100,0,0,0.242999999999995,12,"2026-10-02 17:31:05"
4898,100,0,0,0.251000000000005,12,"2026-10-02 17:31:05"
4899,100,0,0,0.245999999999981,12,"2026-10-02 17:31:05"
4900,100,0,0,0.233000000000004,12,"2026-10-02 17:31:05"
4901,100,0,0,0.242999999999995,12,"2026-10-02 17:31:05"
4902,100,0,0,0.254999999999995,12,"2026-10-02 17:31:05"
4903,100,0,0,0.251999999999981,12,"2026-10-02 17:31:05"
4904,100,0,0,0.255000000000024,12,"2026-10-02 17:31:05"
4905,100,0,0,0.242999999999995,12,"2026-10-02 17:31:05"
4906,100,0,0,0.253999999999991,12,"2026-10-02 17:31:05"
4907,100,0,0,0.280000000000001,12,"2026-10-02 17:31:05"
4908,100,0,0,0.275000000000006,12,"2026-10-02 17:31:05"
4909,100,0,0,0.253000000000014,12,"2026-10-02 17:31:05"
4910,100,0,0,0.239000000000004,12,"2026-10-02 17:31:05"
4911,100,0,0,0.249000000000024,12,"2026-10-02 17:31:05"
4912,100,0,0,0.236999999999995,12,"2026-10-02 17:31:05"
4913,100,0,0,0.236000000000018,12,"2026-10-02 17:31:05"
4914,100,0,0,0.259000000000015,12,"2026-10-02 17:31:05"
4915,100,0,0,0.246000000000009,12,"2026-10-02 17:31:05"
4916,100,0,0,0.256,12,"2026-10-02 17:31:05"
4917,100,0,0,0.24199999999999,12,"2026-10-02 17:31:05"
4918,100,0,0,0.274000000000001,12,"2026-10-02 17:31:05"
4919,100,0,0,0.224000000000018,12,"2026-10-02 17:31:05"
4920,100,0,0,0.255000000000024,12,"2026-10-02 17:31:05"
4921,100,0,0,0.224000000000018,12,"2026-10-02 17:31:05"
4922,100,0,0,0.269999999999982,12,"2026-10-02 17:31:05"
4923,100,0,0,0.242999999999995,12,"2026-10-02 17:31:05"
4924,100,0,0,0.274000000000001,12,"2026-10-02 17:31:05"
4925,100,0,0,0.241000000000014,12,"2026-10-02 17:31:05"
4926,100,0,0,0.24799999999999,12,"2026-10-02 17:31:05"
4927,100,0,0,0.250999999999976,12,"2026-10-02 17:31:05"
4928,100,0,0,0.239999999999981,12,"2026-10-02 17:31:05"
4929,100,0,0,0.230999999999995,12,"2026-10-02 17:31:05"
4930,100,0,0,0.253000000000014,12,"2026-10-02 17:31:05"
4931,100,0,0,0.236999999999995,12,"2026-10-02 17:31:05"
4932,100,0,0,0.253999999999991,12,"2026-10-02 17:31:05"
4933,100,0,0,0.242000000000019,12,"2026-10-02 17:31:05"
4934,100,0,0,0.27600000000001,12,"2026-10-02 17:31:05"
4935,100,0,0,0.251000000000005,12,"2026-10-02 17:31:05"
4936,100,0,0,0.269000000000005,12,"2026-10-02 17:31:05"
4937,100,0,0,0.246999999999986,12,"2026-10-02 17:31:05"
4938,100,0,0,0.265999999999991,12,"2026-10-02 17:31:05"
4939,100,0,0,0.25200000000001,12,"2026-10-02 17:31:05"
4940,100,0,0,0.257000000000005,12,"2026-10-02 17:31:05"
4941,100,0,0,0.258999999999986,12,"2026-10-02 17:31:05"
4942,100,0,0,0.274000000000001,12,"2026-10-02 17:31:05"
4943,100,0,0,0.249000000000024,12,"2026-10-02 17:31:05"
4944,100,0,0,0.240999999999985,12,"2026-10-02 17:31:05"
4945,100,0,0,0.257000000000005,12,"2026-10-02 17:31:05"
4946,100,0,0,0.242999999999995,12,"2026-10-02 17:31:05"
4947,100,0,0,0.234000000000009,12,"2026-10-02 17:31:05"
4948,100,0,0,0.254999999999995,12,"2026-10-02 17:31:05"
4949,100,0,0,0.218000000000018,12,"2026-10-02 17:31:05"
4950,100,0,0,0.224999999999994,12,"2026-10-02 17:31:05"
4951,100,0,0,0.288000000000011,12,"2026-10-02 17:31:05"
4952,100,0,0,0.25,12,"2026-10-02 17:31:05"
4953,100,0,0,0.224000000000018,12,"2026-10-02 17:31:05"
4954,100,0,0,0.295999999999992,12,"2026-10-02 17:31:05"
4955,100,0,0,0.280000000000001,12,"2026-10-02 17:31:05"
4956,100,0,0,0.242999999999995,12,"2026-10-02 17:31:05"
4957,100,0,0,0.239999999999981,12,"2026-10-02 17:31:05"
4958,100,0,0,0.242999999999995,12,"2026-10-02 17:31:05"
4959,100,0,0,0.25,12,"2026-10-02 17:31:05"
4960,100,0,0,0.254999999999995,12,"2026-10-02 17:31:05"
4961,100,0,0,0.232000000000028,12,"2026-10-02 17:31:05"
4962,100,0,0,0.246000000000009,12,"2026-10-02 17:31:05"
4963,100,0,0,0.225000000000023,12,"2026-10-02 17:31:05"
4964,100,0,0,0.22999999999999,12,"2026-10-02 17:31:05"
4965,100,0,0,0.23599999999999,12,"2026-10-02 17:31:05"
4966,100,0,0,0.244999999999976,12,"2026-10-02 17:31:05"
4967,100,0,0,0.249000000000024,12,"2026-10-02 17:31:05"
4968,100,0,0,0.24199999999999,12,"2026-10-02 17:31:05"
4969,100,0,0,0.27800000000002,12,"2026-10-02 17:31:05"
4970,100,0,0,0.251999999999981,12,"2026-10-02 17:31:05"
4971,100,0,0,0.245000000000005,12,"2026-10-02 17:31:05"
4972,100,0,0,0.227000000000004,12,"2026-10-02 17:31:05"
4973,100,0,0,0.22999999999999,12,"2026-10-02 17:31:05"
4974,100,0,0,0.266999999999996,12,"2026-10-02 17:31:05"
4975,100,0,0,0.225999999999999,12,"2026-10-02 17:31:05"
4976,100,0,0,0.270999999999987,12,"2026-10-02 17:31:05"
4977,100,0,0,0.240999999999985,12,"2026-10-02 17:31:05"
4978,100,0,0,0.256,12,"2026-10-02 17:31:05"
4979,100,0,0,0.25,12,"2026-10-02 17:31:05"
4980,100,0,0,0.248999999999995,12,"2026-10-02 17:31:05"
4981,100,0,0,0.26400000000001,12,"2026-10-02 17:31:05"
4982,100,0,0,0.245000000000005,12,"2026-10-02 17:31:05"
4983,100,0,0,0.249000000000024,12,"2026-10-02 17:31:05"
4984,100,0,0,0.239000000000004,12,"2026-10-02 17:31:05"
4985,100,0,0,0.231999999999999,12,"2026-10-02 17:31:05"
4986,100,0,0,0.239000000000004,12,"2026-10-02 17:31:05"
4987,100,0,0,0.248999999999995,12,"2026-10-02 17:31:05"
4988,100,0,0,0.23599999999999,12,"2026-10-02 17:31:05"
4989,100,0,0,0.256,12,"2026-10-02 17:31:05"
4990,100,0,0,0.244,12,"2026-10-02 17:31:05"
4991,100,0,0,0.27200000000002,12,"2026-10-02 17:31:05"
4992,100,0,0,0.241000000000014,12,"2026-10-02 17:31:05"
4993,100,0,0,0.275000000000006,12,"2026-10-02 17:31:05"
4994,100,0,0,0.240999999999985,12,"2026-10-02 17:31:05"
4995,100,0,0,0.239999999999981,12,"2026-10-02 17:31:05"
4996,100,0,0,0.240000000000009,12,"2026-10-02 17:31:05"
4997,100,0,0,0.275000000000006,12,"2026-10-02 17:31:05"
4998,100,0,0,0.233000000000004,12,"2026-10-02 17:31:05"
4999,100,0,0,0.242999999999995,12,"2026-10-02 17:31:05"
5000,100,0,0,0.237000000000023,12,"2026-10-02 17:31:05"
5001,100,0,0,0.29000000000002,12,"2026-10-02 17:31:05"
5002,100,1,0,0.265999999999991,12,"2026-10-02 17:31:05"
5003,100,0,0,0.293999999999983,12,"2026-10-02 17:31:05"
5004,100,0,0,0.27600000000001,12,"2026-10-02 17:31:05"
5005,100,0,0,0.301999999999992,12,"2026-10-02 17:31:05"
5006,100,0,0,0.281000000000006,12,"2026-10-02 17:31:05"
5007,100,0,0,0.270999999999987,12,"2026-10-02 17:31:05"
5008,100,0,0,0.27000000000001,12,"2026-10-02 17:31:05"
5009,100,0,0,0.286000000000001,12,"2026-10-02 17:31:05"
5010,100,0,0,0.299000000000007,12,"2026-10-02 17:31:05"
5011,100,0,0,0.287000000000006,12,"2026-10-02 17:31:05"
5012,100,0,0,0.273000000000025,12,"2026-10-02 17:31:05"
5013,100,0,0,0.274999999999977,12,"2026-10-02 17:31:05"
5014,100,0,0,0.293000000000006,12,"2026-10-02 17:31:05"
5015,100,0,0,0.262,12,"2026-10-02 17:31:05"
5016,100,0,0,0.264999999999986,12,"2026-10-02 17:31:05"
5017,100,1,0,0.275999999999982,12,"2026-10-02 17:31:05"
5018,100,0,0,0.294000000000011,12,"2026-10-02 17:31:05"
5019,100,0,0,0.280000000000001,12,"2026-10-02 17:31:05"
5020,100,0,0,0.281999999999982,12,"2026-10-02 17:31:05"
5021,100,0,0,0.25,12,"2026-10-02 17:31:05"
5022,100,0,0,0.302999999999997,12,"2026-10-02 17:31:05"
5023,100,1,0,0.280000000000001,12,"2026-10-02 17:31:05"
5024,100,0,0,0.278999999999996,12,"2026-10-02 17:31:05"
5025,100,0,0,0.271000000000015,12,"2026-10-02 17:31:05"
5026,100,0,0,0.269000000000005,12,"2026-10-02 17:31:05"
5027,100,0,0,0.268000000000001,12,"2026-10-02 17:31:05"
5028,100,0,0,0.26400000000001,12,"2026-10-02 17:31:05"
5029,100,0,0,0.265000000000015,12,"2026-10-02 17:31:05"
5030,100,0,0,0.272999999999996,12,"2026-10-02 17:31:05"
5031,100,0,0,0.300999999999988,12,"2026-10-02 17:31:05"
5032,100,0,0,0.26400000000001,12,"2026-10-02 17:31:05"
5033,100,0,0,0.312999999999988,12,"2026-10-02 17:31:05"
5034,100,0,0,0.311000000000007,12,"2026-10-02 17:31:05"
5035,100,0,0,0.305000000000007,12,"2026-10-02 17:31:05"
5036,100,0,0,0.319000000000017,12,"2026-10-02 17:31:05"
5037,100,0,0,0.295000000000016,12,"2026-10-02 17:31:05"
5038,100,0,0,0.264999999999986,12,"2026-10-02 17:31:05"
5039,100,0,0,0.256,12,"2026-10-02 17:31:05"
5040,100,0,0,0.295999999999992,12,"2026-10-02 17:31:05"
5041,100,0,0,0.25800000000001,12,"2026-10-02 17:31:05"
5042,100,0,0,0.265000000000015,12,"2026-10-02 17:31:05"
5043,100,0,0,0.27800000000002,12,"2026-10-02 17:31:05"
5044,100,0,0,0.282999999999987,12,"2026-10-02 17:31:05"
5045,100,0,0,0.291000000000025,12,"2026-10-02 17:31:05"
5046,100,0,0,0.293000000000006,12,"2026-10-02 17:31:05"
5047,100,0,0,0.280000000000001,12,"2026-10-02 17:31:05"
5048,100,0,0,0.308999999999997,12,"2026-10-02 17:31:05"
5049,100,0,0,0.289000000000016,12,"2026-10-02 17:31:05"
5050,100,0,0,0.289999999999992,12,"2026-10-02 17:31:05"
5051,100,0,0,0.293000000000006,12,"2026-10-02 17:31:05"
5052,100,0,0,0.272999999999996,12,"2026-10-02 17:31:05"
5053,100,0,0,0.317000000000007,12,"2026-10-02 17:31:05"
5054,100,0,0,0.275999999999982,12,"2026-10-02 17:31:05"
5055,100,1,0,0.281000000000006,12,"2026-10-02 17:31:05"
5056,100,0,0,0.305000000000007,12,"2026-10-02 17:31:05"
5057,100,0,0,0.268000000000001,12,"2026-10-02 17:31:05"
5058,100,0,0,0.263000000000005,12,"2026-10-02 17:31:05"
5059,100,0,0,0.300999999999988,12,"2026-10-02 17:31:05"
5060,100,0,0,0.283999999999992,12,"2026-10-02 17:31:05"
5061,100,0,0,0.263000000000005,12,"2026-10-02 17:31:05"
5062,100,0,0,0.307999999999993,12,"2026-10-02 17:31:05"
5063,100,0,0,0.256,12,"2026-10-02 17:31:05"
5064,100,0,0,0.292000000000002,12,"2026-10-02 17:31:05"
5065,100,0,0,0.287000000000006,12,"2026-10-02 17:31:05"
5066,100,0,0,0.276999999999987,12,"2026-10-02 17:31:05"
5067,100,0,0,0.245000000000005,12,"2026-10-02 17:31:05"
5068,100,0,0,0.328000000000003,12,"2026-10-02 17:31:05"
5069,100,0,0,0.281000000000006,12,"2026-10-02 17:31:05"
5070,100,1,0,0.316999999999979,12,"2026-10-02 17:31:05"
5071,100,0,0,0.274000000000001,12,"2026-10-02 17:31:05"
5072,100,0,0,0.262999999999977,12,"2026-10-02 17:31:05"
5073,100,0,0,0.324000000000012,12,"2026-10-02 17:31:05"
5074,100,0,0,0.292000000000002,12,"2026-10-02 17:31:05"
5075,100,0,0,0.286000000000001,12,"2026-10-02 17:31:05"
5076,100,0,0,0.281000000000006,12,"2026-10-02 17:31:05"
5077,100,0,0,0.277999999999992,12,"2026-10-02 17:31:05"
5078,100,0,0,0.287000000000006,12,"2026-10-02 17:31:05"
5079,100,0,0,0.274000000000001,12,"2026-10-02 17:31:05"
5080,100,0,0,0.257000000000005,12,"2026-10-02 17:31:05"
5081,100,0,0,0.284999999999997,12,"2026-10-02 17:31:05"
5082,100,0,0,0.269000000000005,12,"2026-10-02 17:31:05"
5083,100,0,0,0.288999999999987,12,"2026-10-02 17:31:05"
5084,100,0,0,0.272999999999996,12,"2026-10-02 17:31:05"
5085,100,0,0,0.285000000000025,12,"2026-10-02 17:31:05"
5086,100,0,0,0.27600000000001,12,"2026-10-02 17:31:05"
5087,100,0,0,0.307000000000016,12,"2026-10-02 17:31:05"
5088,100,0,0,0.301999999999992,12,"2026-10-02 17:31:05"
5089,100,0,0,0.264999999999986,12,"2026-10-02 17:31:05"
5090,100,0,0,0.278999999999996,12,"2026-10-02 17:31:05"
5091,100,0,0,0.293999999999983,12,"2026-10-02 17:31:05"
5092,100,0,0,0.263999999999982,12,"2026-10-02 17:31:05"
5093,100,0,0,0.254000000000019,12,"2026-10-02 17:31:05"
5094,100,0,0,0.269000000000005,12,"2026-10-02 17:31:05"
5095,100,0,0,0.286999999999978,12,"2026-10-02 17:31:05"
5096,100,0,0,0.278999999999996,12,"2026-10-02 17:31:05"
5097,100,1,0,0.294999999999987,12,"2026-10-02 17:31:05"
5098,100,0,0,0.297000000000025,12,"2026-10-02 17:31:05"
5099,100,0,0,0.281999999999982,12,"2026-10-02 17:31:05"
5100,100,0,0,0.302999999999997,12,"2026-10-02 17:31:05"
5101,100,0,0,0.271999999999991,12,"2026-10-02 17:31:05"
5102,100,0,0,0.288000000000011,12,"2026-10-02 17:31:05"
5103,100,0,0,0.291000000000025,12,"2026-10-02 17:31:05"
5104,100,0,0,0.318000000000012,12,"2026-10-02 17:31:05"
5105,100,0,0,0.324999999999989,12,"2026-10-02 17:31:05"
5106,100,0,0,0.314000000000021,12,"2026-10-02 17:31:05"
5107,100,0,0,0.371000000000009,12,"2026-10-02 17:31:05"
5108,100,0,0,0.304999999999978,12,"2026-10-02 17:31:05"
5109,100,0,0,0.277000000000015,12,"2026-10-02 17:31:05"
5110,100,0,0,0.27600000000001,12,"2026-10-02 17:31:05"
5111,100,0,0,0.314999999999998,12,"2026-10-02 17:31:05"
5112,100,0,0,0.330999999999989,12,"2026-10-02 17:31:05"
5113,100,0,0,0.307999999999993,12,"2026-10-02 17:31:05"
5114,100,0,0,0.287000000000006,12,"2026-10-02 17:31:05"
5115,100,0,0,0.338000000000022,12,"2026-10-02 17:31:05"
5116,100,0,0,0.320000000000022,12,"2026-10-02 17:31:05"
5117,100,0,0,0.332999999999998,12,"2026-10-02 17:31:05"
5118,100,0,0,0.328000000000003,12,"2026-10-02 17:31:05"
5119,100,0,0,0.336999999999989,12,"2026-10-02 17:31:05"
5120,100,0,0,0.298000000000002,12,"2026-10-02 17:31:05"
5121,100,0,0,0.302999999999997,12,"2026-10-02 17:31:05"
5122,100,0,0,0.307000000000016,12,"2026-10-02 17:31:05"
5123,100,0,0,0.304999999999978,12,"2026-10-02 17:31:05"
5124,100,0,0,0.298000000000002,12,"2026-10-02 17:31:05"
5125,100,0,0,0.304000000000002,12,"2026-10-02 17:31:05"
5126,100,0,0,0.350999999999999,12,"2026-10-02 17:31:05"
5127,100,0,0,0.300999999999988,12,"2026-10-02 17:31:05"
5128,100,0,0,0.304000000000002,12,"2026-10-02 17:31:05"
5129,100,0,0,0.323000000000008,12,"2026-10-02 17:31:05"
5130,100,0,0,0.276999999999987,12,"2026-10-02 17:31:05"
5131,100,0,0,0.29000000000002,12,"2026-10-02 17:31:05"
5132,100,0,0,0.323000000000008,12,"2026-10-02 17:31:05"
5133,100,0,0,0.324000000000012,12,"2026-10-02 17:31:05"
5134,100,1,0,0.314999999999998,12,"2026-10-02 17:31:05"
5135,100,0,0,0.288000000000011,12,"2026-10-02 17:31:05"
5136,100,0,0,0.343000000000018,12,"2026-10-02 17:31:05"
5137,100,0,0,0.317000000000007,12,"2026-10-02 17:31:05"
5138,100,0,0,0.306000000000012,12,"2026-10-02 17:31:05"
5139,100,0,0,0.303999999999974,12,"2026-10-02 17:31:05"
5140,100,1,0,0.301000000000016,12,"2026-10-02 17:31:05"
5141,100,0,0,0.267000000000024,12,"2026-10-02 17:31:05"
5142,100,0,0,0.270999999999987,12,"2026-10-02 17:31:05"
5143,100,0,0,0.289999999999992,12,"2026-10-02 17:31:05"
5144,100,0,0,0.316000000000003,12,"2026-10-02 17:31:05"
5145,100,1,0,0.292999999999978,12,"2026-10-02 17:31:05"
5146,100,0,0,0.302999999999997,12,"2026-10-02 17:31:05"
5147,100,0,0,0.330999999999989,12,"2026-10-02 17:31:05"
5148,100,0,0,0.288000000000011,12,"2026-10-02 17:31:05"
5149,100,0,0,0.310999999999979,12,"2026-10-02 17:31:05"
5150,100,0,0,0.314999999999998,12,"2026-10-02 17:31:05"
5151,100,0,0,0.298000000000002,12,"2026-10-02 17:31:05"
5152,100,0,0,0.296999999999997,12,"2026-10-02 17:31:05"
5153,100,0,0,0.295000000000016,12,"2026-10-02 17:31:05"
5154,100,0,0,0.300000000000011,12,"2026-10-02 17:31:05"
5155,100,1,0,0.290999999999997,12,"2026-10-02 17:31:05"
5156,100,0,0,0.289999999999992,12,"2026-10-02 17:31:05"
5157,100,0,0,0.300000000000011,12,"2026-10-02 17:31:05"
5158,100,0,0,0.318000000000012,12,"2026-10-02 17:31:05"
5159,100,0,0,0.287000000000006,12,"2026-10-02 17:31:05"
5160,100,1,0,0.300000000000011,12,"2026-10-02 17:31:05"
5161,100,1,0,0.320999999999998,12,"2026-10-02 17:31:05"
5162,100,0,0,0.320999999999998,12,"2026-10-02 17:31:05"
5163,100,0,0,0.318000000000012,12,"2026-10-02 17:31:05"
5164,100,0,0,0.299000000000007,12,"2026-10-02 17:31:05"
5165,100,0,0,0.289999999999992,12,"2026-10-02 17:31:05"
5166,100,0,0,0.300000000000011,12,"2026-10-02 17:31:05"
5167,100,1,0,0.294000000000011,12,"2026-10-02 17:31:05"
5168,100,0,0,0.306999999999988,12,"2026-10-02 17:31:05"
5169,100,0,0,0.347999999999985,12,"2026-10-02 17:31:05"
5170,100,0,0,0.305000000000007,12,"2026-10-02 17:31:05"
5171,100,0,0,0.296000000000021,12,"2026-10-02 17:31:05"
5172,100,0,0,0.334000000000003,12,"2026-10-02 17:31:05"
5173,100,0,0,0.307999999999993,12,"2026-10-02 17:31:05"
5174,100,0,0,0.298000000000002,12,"2026-10-02 17:31:05"
5175,100,0,0,0.321000000000026,12,"2026-10-02 17:31:05"
5176,100,0,0,0.293000000000006,12,"2026-10-02 17:31:05"
5177,100,0,0,0.308999999999997,12,"2026-10-02 17:31:05"
5178,100,0,0,0.313000000000017,12,"2026-10-02 17:31:05"
5179,100,0,0,0.318000000000012,12,"2026-10-02 17:31:05"
5180,100,0,0,0.283999999999992,12,"2026-10-02 17:31:05"
5181,100,0,0,0.293000000000006,12,"2026-10-02 17:31:05"
5182,100,0,0,0.300000000000011,12,"2026-10-02 17:31:05"
5183,100,0,0,0.316999999999979,12,"2026-10-02 17:31:05"
5184,100,0,0,0.319000000000017,12,"2026-10-02 17:31:05"
5185,100,1,0,0.317000000000007,12,"2026-10-02 17:31:05"
5186,100,0,0,0.334000000000003,12,"2026-10-02 17:31:05"
5187,100,0,0,0.306000000000012,12,"2026-10-02 17:31:05"
5188,100,0,0,0.310999999999979,12,"2026-10-02 17:31:05"
5189,100,0,0,0.341000000000008,12,"2026-10-02 17:31:05"
5190,100,0,0,0.312999999999988,12,"2026-10-02 17:31:05"
5191,100,0,0,0.342000000000013,12,"2026-10-02 17:31:05"
5192,100,0,0,0.302000000000021,12,"2026-10-02 17:31:05"
5193,100,0,0,0.289000000000016,12,"2026-10-02 17:31:05"
5194,100,1,0,0.292000000000002,12,"2026-10-02 17:31:05"
5195,100,0,0,0.320999999999998,12,"2026-10-02 17:31:05"
5196,100,0,0,0.299999999999983,12,"2026-10-02 17:31:05"
5197,100,0,0,0.304000000000002,12,"2026-10-02 17:31:05"
5198,100,0,0,0.308999999999997,12,"2026-10-02 17:31:05"
5199,100,1,0,0.306000000000012,12,"2026-10-02 17:31:05"
5200,100,0,0,0.286000000000001,12,"2026-10-02 17:31:05"
5201,100,0,0,0.225999999999999,12,"2026-10-02 17:31:05"
5202,100,0,0,0.218000000000018,12,"2026-10-02 17:31:05"
5203,100,0,0,0.224000000000018,12,"2026-10-02 17:31:05"
5204,100,0,0,0.238999999999976,12,"2026-10-02 17:31:05"
5205,100,0,0,0.218999999999994,12,"2026-10-02 17:31:05"
5206,100,0,0,0.242000000000019,12,"2026-10-02 17:31:05"
5207,100,0,0,0.24799999999999,12,"2026-10-02 17:31:05"
5208,100,0,0,0.24199999999999,12,"2026-10-02 17:31:05"
5209,100,0,0,0.25200000000001,12,"2026-10-02 17:31:05"
5210,100,0,0,0.198999999999984,12,"2026-10-02 17:31:05"
5211,100,0,0,0.239000000000004,12,"2026-10-02 17:31:05"
5212,100,0,0,0.224999999999994,12,"2026-10-02 17:31:05"
5213,100,0,0,0.230999999999995,12,"2026-10-02 17:31:05"
5214,100,0,0,0.221000000000004,12,"2026-10-02 17:31:05"
5215,100,0,0,0.231999999999999,12,"2026-10-02 17:31:05"
5216,100,0,0,0.246000000000009,12,"2026-10-02 17:31:05"
5217,100,0,0,0.221000000000004,12,"2026-10-02 17:31:05"
5218,100,0,0,0.236000000000018,12,"2026-10-02 17:31:05"
5219,100,0,0,0.25800000000001,12,"2026-10-02 17:31:05"
5220,100,0,0,0.233000000000004,12,"2026-10-02 17:31:05"
5221,100,0,0,0.254000000000019,12,"2026-10-02 17:31:05"
5222,100,0,0,0.225000000000023,12,"2026-10-02 17:31:05"
5223,100,0,0,0.230999999999995,12,"2026-10-02 17:31:05"
5224,100,0,0,0.228000000000009,12,"2026-10-02 17:31:05"
5225,100,0,0,0.227000000000004,12,"2026-10-02 17:31:05"
5226,100,0,0,0.22399999999999,12,"2026-10-02 17:31:05"
5227,100,0,0,0.251000000000005,12,"2026-10-02 17:31:05"
5228,100,0,0,0.25200000000001,12,"2026-10-02 17:31:05"
5229,100,0,0,0.236999999999995,12,"2026-10-02 17:31:05"
5230,100,0,0,0.242999999999995,12,"2026-10-02 17:31:05"
5231,100,0,0,0.245000000000005,12,"2026-10-02 17:31:05"
5232,100,0,0,0.230000000000018,12,"2026-10-02 17:31:05"
5233,100,0,0,0.234000000000009,12,"2026-10-02 17:31:05"
5234,100,0,0,0.228000000000009,12,"2026-10-02 17:31:05"
5235,100,0,0,0.242000000000019,12,"2026-10-02 17:31:05"
5236,100,0,0,0.215000000000003,12,"2026-10-02 17:31:05"
5237,100,0,0,0.252999999999986,12,"2026-10-02 17:31:05"
5238,100,0,0,0.241000000000014,12,"2026-10-02 17:31:05"
5239,100,0,0,0.231999999999999,12,"2026-10-02 17:31:05"
5240,100,0,0,0.231999999999999,12,"2026-10-02 17:31:05"
5241,100,0,0,0.244,12,"2026-10-02 17:31:05"
5242,100,0,0,0.263000000000005,12,"2026-10-02 17:31:05"
5243,100,0,0,0.219999999999999,12,"2026-10-02 17:31:05"
5244,100,0,0,0.242999999999995,12,"2026-10-02 17:31:05"
5245,100,0,0,0.21599999999998,12,"2026-10-02 17:31:05"
5246,100,0,0,0.228999999999985,12,"2026-10-02 17:31:05"
5247,100,0,0,0.238,12,"2026-10-02 17:31:05"
5248,100,0,0,0.254999999999995,12,"2026-10-02 17:31:05"
5249,100,0,0,0.24799999999999,12,"2026-10-02 17:31:05"
5250,100,0,0,0.242000000000019,12,"2026-10-02 17:31:05"
5251,100,0,0,0.263000000000005,12,"2026-10-02 17:31:05"
5252,100,0,0,0.225000000000023,12,"2026-10-02 17:31:05"
5253,100,0,0,0.265999999999991,12,"2026-10-02 17:31:05"
5254,100,0,0,0.244999999999976,12,"2026-10-02 17:31:05"
5255,100,0,0,0.230999999999995,12,"2026-10-02 17:31:05"
5256,100,0,0,0.214999999999975,12,"2026-10-02 17:31:05"
5257,100,0,0,0.274000000000001,12,"2026-10-02 17:31:05"
5258,100,0,0,0.246000000000009,12,"2026-10-02 17:31:05"
5259,100,0,0,0.238,12,"2026-10-02 17:31:05"
5260,100,0,0,0.236999999999995,12,"2026-10-02 17:31:05"
5261,100,0,0,0.245000000000005,12,"2026-10-02 17:31:05"
5262,100,0,0,0.232999999999976,12,"2026-10-02 17:31:05"
5263,100,0,0,0.225999999999999,12,"2026-10-02 17:31:05"
5264,100,0,0,0.22399999999999,12,"2026-10-02 17:31:05"
5265,100,0,0,0.25800000000001,12,"2026-10-02 17:31:05"
5266,100,0,0,0.277999999999992,12,"2026-10-02 17:31:05"
5267,100,0,0,0.217000000000013,12,"2026-10-02 17:31:05"
5268,100,0,0,0.242999999999995,12,"2026-10-02 17:31:05"
5269,100,0,0,0.240000000000009,12,"2026-10-02 17:31:05"
5270,100,0,0,0.22999999999999,12,"2026-10-02 17:31:05"
5271,100,0,0,0.261000000000024,12,"2026-10-02 17:31:05"
5272,100,0,0,0.227000000000004,12,"2026-10-02 17:31:05"
5273,100,0,0,0.246000000000009,12,"2026-10-02 17:31:05"
5274,100,0,0,0.233000000000004,12,"2026-10-02 17:31:05"
5275,100,0,0,0.245000000000005,12,"2026-10-02 17:31:05"
5276,100,0,0,0.278999999999996,12,"2026-10-02 17:31:05"
5277,100,0,0,0.25,12,"2026-10-02 17:31:05"
5278,100,0,0,0.229000000000013,12,"2026-10-02 17:31:05"
5279,100,0,0,0.234999999999985,12,"2026-10-02 17:31:05"
5280,100,0,0,0.270999999999987,12,"2026-10-02 17:31:05"
5281,100,0,0,0.240000000000009,12,"2026-10-02 17:31:05"
5282,100,0,0,0.240000000000009,12,"2026-10-02 17:31:05"
5283,100,0,0,0.240999999999985,12,"2026-10-02 17:31:05"
5284,100,0,0,0.239000000000004,12,"2026-10-02 17:31:05"
5285,100,0,0,0.219999999999999,12,"2026-10-02 17:31:05"
5286,100,0,0,0.274000000000001,12,"2026-10-02 17:31:05"
5287,100,0,0,0.259000000000015,12,"2026-10-02 17:31:05"
5288,100,0,0,0.23399999999998,12,"2026-10-02 17:31:05"
5289,100,0,0,0.234000000000009,12,"2026-10-02 17:31:05"
5290,100,0,0,0.25,12,"2026-10-02 17:31:05"
5291,100,0,0,0.243000000000023,12,"2026-10-02 17:31:05"
5292,100,0,0,0.224000000000018,12,"2026-10-02 17:31:05"
5293,100,0,0,0.220000000000027,12,"2026-10-02 17:31:05"
5294,100,0,0,0.245000000000005,12,"2026-10-02 17:31:05"
5295,100,0,0,0.24199999999999,12,"2026-10-02 17:31:05"
5296,100,0,0,0.257000000000005,12,"2026-10-02 17:31:05"
5297,100,0,0,0.254999999999995,12,"2026-10-02 17:31:05"
5298,100,0,0,0.240999999999985,12,"2026-10-02 17:31:05"
5299,100,0,0,0.311000000000007,12,"2026-10-02 17:31:05"
5300,100,0,0,0.299999999999983,12,"2026-10-02 17:31:05"
5301,100,0,0,0.280000000000001,12,"2026-10-02 17:31:05"
5302,100,0,0,0.245000000000005,12,"2026-10-02 17:31:05"
5303,100,0,0,0.261000000000024,12,"2026-10-02 17:31:05"
5304,100,0,0,0.255000000000024,12,"2026-10-02 17:31:05"
5305,100,0,0,0.244,12,"2026-10-02 17:31:05"
5306,100,0,0,0.228000000000009,12,"2026-10-02 17:31:05"
5307,100,0,0,0.22799999999998,12,"2026-10-02 17:31:05"
5308,100,0,0,0.234000000000009,12,"2026-10-02 17:31:05"
5309,100,0,0,0.239999999999981,12,"2026-10-02 17:31:05"
5310,100,0,0,0.221000000000004,12,"2026-10-02 17:31:05"
5311,100,0,0,0.231999999999999,12,"2026-10-02 17:31:05"
5312,100,0,0,0.256,12,"2026-10-02 17:31:05"
5313,100,0,0,0.245000000000005,12,"2026-10-02 17:31:05"
5314,100,0,0,0.245000000000005,12,"2026-10-02 17:31:05"
5315,100,0,0,0.224999999999994,12,"2026-10-02 17:31:05"
5316,100,0,0,0.27600000000001,12,"2026-10-02 17:31:05"
5317,100,0,0,0.253999999999991,12,"2026-10-02 17:31:05"
5318,100,0,0,0.254000000000019,12,"2026-10-02 17:31:05"
5319,100,0,0,0.244,12,"2026-10-02 17:31:05"
5320,100,0,0,0.253999999999991,12,"2026-10-02 17:31:05"
5321,100,0,0,0.254999999999995,12,"2026-10-02 17:31:05"
5322,100,0,0,0.238,12,"2026-10-02 17:31:05"
5323,100,0,0,0.262,12,"2026-10-02 17:31:05"
5324,100,0,0,0.248999999999995,12,"2026-10-02 17:31:05"
5325,100,0,0,0.244999999999976,12,"2026-10-02 17:31:05"
5326,100,0,0,0.242999999999995,12,"2026-10-02 17:31:05"
5327,100,0,0,0.240999999999985,12,"2026-10-02 17:31:05"
5328,100,0,0,0.268999999999977,12,"2026-10-02 17:31:05"
5329,100,0,0,0.263000000000005,12,"2026-10-02 17:31:05"
5330,100,0,0,0.25200000000001,12,"2026-10-02 17:31:05"
5331,100,0,0,0.25,12,"2026-10-02 17:31:05"
5332,100,0,0,0.22999999999999,12,"2026-10-02 17:31:05"
5333,100,0,0,0.246999999999986,12,"2026-10-02 17:31:05"
5334,100,0,0,0.253999999999991,12,"2026-10-02 17:31:05"
5335,100,0,0,0.269000000000005,12,"2026-10-02 17:31:05"
5336,100,0,0,0.245000000000005,12,"2026-10-02 17:31:05"
5337,100,0,0,0.244,12,"2026-10-02 17:31:05"
5338,100,0,0,0.254000000000019,12,"2026-10-02 17:31:05"
5339,100,0,0,0.288999999999987,12,"2026-10-02 17:31:05"
5340,100,0,0,0.252999999999986,12,"2026-10-02 17:31:05"
5341,100,0,0,0.281999999999982,12,"2026-10-02 17:31:05"
5342,100,0,0,0.244,12,"2026-10-02 17:31:05"
5343,100,0,0,0.239000000000004,12,"2026-10-02 17:31:05"
5344,100,0,0,0.254000000000019,12,"2026-10-02 17:31:05"
5345,100,0,0,0.24199999999999,12,"2026-10-02 17:31:05"
5346,100,0,0,0.253999999999991,12,"2026-10-02 17:31:05"
5347,100,0,0,0.243000000000023,12,"2026-10-02 17:31:05"
5348,100,0,0,0.287999999999982,12,"2026-10-02 17:31:05"
5349,100,0,0,0.24199999999999,12,"2026-10-02 17:31:05"
5350,100,0,0,0.263999999999982,12,"2026-10-02 17:31:05"
5351,100,0,0,0.248999999999995,12,"2026-10-02 17:31:05"
5352,100,0,0,0.24799999999999,12,"2026-10-02 17:31:05"
5353,100,0,0,0.277000000000015,12,"2026-10-02 17:31:05"
5354,100,0,0,0.227000000000004,12,"2026-10-02 17:31:05"
5355,100,0,0,0.227000000000004,12,"2026-10-02 17:31:05"
5356,100,0,0,0.264999999999986,12,"2026-10-02 17:31:05"
5357,100,0,0,0.234000000000009,12,"2026-10-02 17:31:05"
5358,100,1,0,0.283000000000015,12,"2026-10-02 17:31:05"
5359,100,0,0,0.300000000000011,12,"2026-10-02 17:31:05"
5360,100,0,0,0.300999999999988,12,"2026-10-02 17:31:05"
5361,100,0,0,0.271999999999991,12,"2026-10-02 17:31:05"
5362,100,0,0,0.256,12,"2026-10-02 17:31:05"
5363,100,0,0,0.264999999999986,12,"2026-10-02 17:31:05"
5364,100,0,0,0.25800000000001,12,"2026-10-02 17:31:05"
5365,100,0,0,0.263000000000005,12,"2026-10-02 17:31:05"
5366,100,0,0,0.287000000000006,12,"2026-10-02 17:31:05"
5367,100,0,0,0.245000000000005,12,"2026-10-02 17:31:05"
5368,100,0,0,0.231999999999999,12,"2026-10-02 17:31:05"
5369,100,0,0,0.319999999999993,12,"2026-10-02 17:31:05"
5370,100,0,0,0.293999999999983,12,"2026-10-02 17:31:05"
5371,100,0,0,0.22999999999999,12,"2026-10-02 17:31:05"
5372,100,0,0,0.240000000000009,12,"2026-10-02 17:31:05"
5373,100,0,0,0.253000000000014,12,"2026-10-02 17:31:05"
5374,100,0,0,0.236999999999995,12,"2026-10-02 17:31:05"
5375,100,0,0,0.238999999999976,12,"2026-10-02 17:31:05"
5376,100,0,0,0.264999999999986,12,"2026-10-02 17:31:05"
5377,100,0,0,0.239000000000004,12,"2026-10-02 17:31:05"
5378,100,0,0,0.269000000000005,12,"2026-10-02 17:31:05"
5379,100,0,0,0.238,12,"2026-10-02 17:31:05"
5380,100,0,0,0.256,12,"2026-10-02 17:31:05"
5381,100,0,0,0.275000000000006,12,"2026-10-02 17:31:05"
5382,100,0,0,0.231999999999999,12,"2026-10-02 17:31:05"
5383,100,0,0,0.254999999999995,12,"2026-10-02 17:31:05"
5384,100,0,0,0.268000000000001,12,"2026-10-02 17:31:05"
5385,100,0,0,0.235000000000014,12,"2026-10-02 17:31:05"
5386,100,0,0,0.280000000000001,12,"2026-10-02 17:31:05"
5387,100,0,0,0.240999999999985,12,"2026-10-02 17:31:05"
5388,100,0,0,0.239000000000004,12,"2026-10-02 17:31:05"
5389,100,0,0,0.261000000000024,12,"2026-10-02 17:31:05"
5390,100,0,0,0.259000000000015,12,"2026-10-02 17:31:05"
5391,100,0,0,0.244999999999976,12,"2026-10-02 17:31:05"
5392,100,0,0,0.306999999999988,12,"2026-10-02 17:31:05"
5393,100,0,0,0.253000000000014,12,"2026-10-02 17:31:05"
5394,100,0,0,0.303999999999974,12,"2026-10-02 17:31:05"
5395,100,0,0,0.259999999999991,12,"2026-10-02 17:31:05"
5396,100,0,0,0.244,12,"2026-10-02 17:31:05"
5397,100,1,0,0.236000000000018,12,"2026-10-02 17:31:05"
5398,100,0,0,0.230999999999995,12,"2026-10-02 17:31:05"
5399,100,0,0,0.240999999999985,12,"2026-10-02 17:31:05"
5400,100,0,0,0.244,12,"2026-10-02 17:31:05"
5401,100,0,0,0.299000000000007,12,"2026-10-02 17:31:05"
5402,100,0,0,0.316000000000003,12,"2026-10-02 17:31:05"
5403,100,0,0,0.314999999999998,12,"2026-10-02 17:31:05"
5404,100,0,0,0.263000000000005,12,"2026-10-02 17:31:05"
5405,100,0,0,0.275000000000006,12,"2026-10-02 17:31:05"
5406,100,0,0,0.26400000000001,12,"2026-10-02 17:31:05"
5407,100,0,0,0.26600000000002,12,"2026-10-02 17:31:05"
5408,100,0,0,0.271000000000015,12,"2026-10-02 17:31:05"
5409,100,0,0,0.280000000000001,12,"2026-10-02 17:31:05"
5410,100,0,0,0.269000000000005,12,"2026-10-02 17:31:05"
5411,100,0,0,0.288999999999987,12,"2026-10-02 17:31:05"
5412,100,0,0,0.256,12,"2026-10-02 17:31:05"
5413,100,0,0,0.260000000000019,12,"2026-10-02 17:31:05"
5414,100,0,0,0.318000000000012,12,"2026-10-02 17:31:05"
5415,100,0,0,0.320999999999998,12,"2026-10-02 17:31:05"
5416,100,0,0,0.256999999999977,12,"2026-10-02 17:31:05"
5417,100,0,0,0.27800000000002,12,"2026-10-02 17:31:05"
5418,100,0,0,0.26400000000001,12,"2026-10-02 17:31:05"
5419,100,0,0,0.287999999999982,12,"2026-10-02 17:31:05"
5420,100,0,0,0.264999999999986,12,"2026-10-02 17:31:05"
5421,100,0,0,0.245000000000005,12,"2026-10-02 17:31:05"
5422,100,0,0,0.325999999999993,12,"2026-10-02 17:31:05"
5423,100,0,0,0.303999999999974,12,"2026-10-02 17:31:05"
5424,100,0,0,0.329000000000008,12,"2026-10-02 17:31:05"
5425,100,0,0,0.266999999999996,12,"2026-10-02 17:31:05"
5426,100,0,0,0.260000000000019,12,"2026-10-02 17:31:05"
5427,100,0,0,0.269000000000005,12,"2026-10-02 17:31:05"
5428,100,0,0,0.263000000000005,12,"2026-10-02 17:31:05"
5429,100,0,0,0.280000000000001,12,"2026-10-02 17:31:05"
5430,100,0,0,0.276999999999987,12,"2026-10-02 17:31:05"
5431,100,0,0,0.265999999999991,12,"2026-10-02 17:31:05"
5432,100,0,0,0.274999999999977,12,"2026-10-02 17:31:05"
5433,100,0,0,0.275000000000006,12,"2026-10-02 17:31:05"
5434,100,0,0,0.278999999999996,12,"2026-10-02 17:31:05"
5435,100,0,0,0.271999999999991,12,"2026-10-02 17:31:05"
5436,100,0,0,0.300999999999988,12,"2026-10-02 17:31:05"
5437,100,0,0,0.283000000000015,12,"2026-10-02 17:31:05"
5438,100,0,0,0.277999999999992,12,"2026-10-02 17:31:05"
5439,100,0,0,0.281999999999982,12,"2026-10-02 17:31:05"
5440,100,0,0,0.264999999999986,12,"2026-10-02 17:31:05"
5441,100,0,0,0.275000000000006,12,"2026-10-02 17:31:05"
5442,100,0,0,0.27800000000002,12,"2026-10-02 17:31:05"
5443,100,0,0,0.263999999999982,12,"2026-10-02 17:31:05"
5444,100,0,0,0.290999999999997,12,"2026-10-02 17:31:05"
5445,100,0,0,0.26600000000002,12,"2026-10-02 17:31:05"
5446,100,0,0,0.275999999999982,12,"2026-10-02 17:31:05"
5447,100,0,0,0.301999999999992,12,"2026-10-02 17:31:05"
5448,100,0,0,0.304000000000002,12,"2026-10-02 17:31:05"
5449,100,0,0,0.288999999999987,12,"2026-10-02 17:31:05"
5450,100,0,0,0.280000000000001,12,"2026-10-02 17:31:05"
5451,100,0,0,0.253000000000014,12,"2026-10-02 17:31:05"
5452,100,1,0,0.275000000000006,12,"2026-10-02 17:31:05"
5453,100,0,0,0.278999999999996,12,"2026-10-02 17:31:05"
5454,100,0,0,0.259999999999991,12,"2026-10-02 17:31:05"
5455,100,0,0,0.275999999999982,12,"2026-10-02 17:31:05"
5456,100,0,0,0.27600000000001,12,"2026-10-02 17:31:05"
5457,100,0,0,0.286000000000001,12,"2026-10-02 17:31:05"
5458,100,0,0,0.271000000000015,12,"2026-10-02 17:31:05"
5459,100,0,0,0.301999999999992,12,"2026-10-02 17:31:05"
5460,100,0,0,0.27800000000002,12,"2026-10-02 17:31:05"
5461,100,0,0,0.27200000000002,12,"2026-10-02 17:31:05"
5462,100,0,0,0.27200000000002,12,"2026-10-02 17:31:05"
5463,100,0,0,0.277000000000015,12,"2026-10-02 17:31:05"
5464,100,0,0,0.278999999999996,12,"2026-10-02 17:31:05"
5465,100,0,0,0.275000000000006,12,"2026-10-02 17:31:05"
5466,100,0,0,0.297000000000025,12,"2026-10-02 17:31:05"
5467,100,0,0,0.322000000000003,12,"2026-10-02 17:31:05"
5468,100,1,0,0.259999999999991,12,"2026-10-02 17:31:05"
5469,100,0,0,0.269000000000005,12,"2026-10-02 17:31:05"
5470,100,0,0,0.296999999999997,12,"2026-10-02 17:31:05"
5471,100,0,0,0.320999999999998,12,"2026-10-02 17:31:05"
5472,100,0,0,0.265999999999991,12,"2026-10-02 17:31:05"
5473,100,0,0,0.272999999999996,12,"2026-10-02 17:31:05"
5474,100,0,0,0.278999999999996,12,"2026-10-02 17:31:05"
5475,100,0,0,0.282999999999987,12,"2026-10-02 17:31:05"
5476,100,0,0,0.295999999999992,12,"2026-10-02 17:31:05"
5477,100,0,0,0.264999999999986,12,"2026-10-02 17:31:05"
5478,100,0,0,0.289999999999992,12,"2026-10-02 17:31:05"
5479,100,0,0,0.281000000000006,12,"2026-10-02 17:31:05"
5480,100,0,0,0.251999999999981,12,"2026-10-02 17:31:05"
5481,100,0,0,0.247000000000014,12,"2026-10-02 17:31:05"
5482,100,0,0,0.281000000000006,12,"2026-10-02 17:31:05"
5483,100,0,0,0.275999999999982,12,"2026-10-02 17:31:05"
5484,100,0,0,0.290999999999997,12,"2026-10-02 17:31:05"
5485,100,0,0,0.256999999999977,12,"2026-10-02 17:31:05"
5486,100,0,0,0.281000000000006,12,"2026-10-02 17:31:05"
5487,100,0,0,0.284999999999997,12,"2026-10-02 17:31:05"
5488,100,0,0,0.278999999999996,12,"2026-10-02 17:31:05"
5489,100,0,0,0.287000000000006,12,"2026-10-02 17:31:05"
5490,100,0,0,0.254000000000019,12,"2026-10-02 17:31:05"
5491,100,0,0,0.291000000000025,12,"2026-10-02 17:31:05"
5492,100,0,0,0.278999999999996,12,"2026-10-02 17:31:05"
5493,100,0,0,0.256,12,"2026-10-02 17:31:05"
5494,100,0,0,0.306999999999988,12,"2026-10-02 17:31:05"
5495,100,0,0,0.275000000000006,12,"2026-10-02 17:31:05"
5496,100,0,0,0.290999999999997,12,"2026-10-02 17:31:05"
5497,100,0,0,0.287000000000006,12,"2026-10-02 17:31:05"
5498,100,0,0,0.253999999999991,12,"2026-10-02 17:31:05"
5499,100,0,0,0.272999999999996,12,"2026-10-02 17:31:05"
5500,100,0,0,0.266999999999996,12,"2026-10-02 17:31:05"
5501,100,0,0,0.320999999999998,12,"2026-10-02 17:31:05"
5502,100,0,0,0.307000000000016,12,"2026-10-02 17:31:05"
5503,100,0,0,0.298000000000002,12,"2026-10-02 17:31:05"
5504,100,0,0,0.302000000000021,12,"2026-10-02 17:31:05"
5505,100,0,0,0.306000000000012,12,"2026-10-02 17:31:05"
5506,100,0,0,0.353999999999985,12,"2026-10-02 17:31:05"
5507,100,0,0,0.338999999999999,12,"2026-10-02 17:31:05"
5508,100,0,0,0.341000000000008,12,"2026-10-02 17:31:05"
5509,100,0,0,0.330000000000013,12,"2026-10-02 17:31:05"
5510,100,0,0,0.332999999999998,12,"2026-10-02 17:31:05"
5511,100,0,0,0.317999999999984,12,"2026-10-02 17:31:05"
5512,100,0,0,0.293999999999983,12,"2026-10-02 17:31:05"
5513,100,0,0,0.298000000000002,12,"2026-10-02 17:31:05"
5514,100,0,0,0.316000000000003,12,"2026-10-02 17:31:05"
5515,100,0,0,0.316000000000003,12,"2026-10-02 17:31:05"
5516,100,0,0,0.312000000000012,12,"2026-10-02 17:31:05"
5517,100,0,0,0.326999999999998,12,"2026-10-02 17:31:05"
5518,100,0,0,0.296999999999997,12,"2026-10-02 17:31:05"
5519,100,0,0,0.306999999999988,12,"2026-10-02 17:31:05"
5520,100,1,0,0.299999999999983,12,"2026-10-02 17:31:05"
5521,100,0,0,0.338999999999999,12,"2026-10-02 17:31:05"
5522,100,0,0,0.314999999999998,12,"2026-10-02 17:31:05"
5523,100,0,0,0.320000000000022,12,"2026-10-02 17:31:05"
5524,100,0,0,0.293000000000006,12,"2026-10-02 17:31:05"
5525,100,0,0,0.301000000000016,12,"2026-10-02 17:31:05"
5526,100,1,0,0.323000000000008,12,"2026-10-02 17:31:05"
5527,100,0,0,0.318999999999988,12,"2026-10-02 17:31:05"
5528,100,0,0,0.317999999999984,12,"2026-10-02 17:31:05"
5529,100,0,0,0.306999999999988,12,"2026-10-02 17:31:05"
5530,100,0,0,0.306999999999988,12,"2026-10-02 17:31:05"
5531,100,0,0,0.269999999999982,12,"2026-10-02 17:31:05"
5532,100,2,0,0.323000000000008,12,"2026-10-02 17:31:05"
5533,100,0,0,0.320999999999998,12,"2026-10-02 17:31:05"
5534,100,0,0,0.305000000000007,12,"2026-10-02 17:31:05"
5535,100,0,0,0.336999999999989,12,"2026-10-02 17:31:05"
5536,100,1,0,0.317000000000007,12,"2026-10-02 17:31:05"
5537,100,0,0,0.315999999999974,12,"2026-10-02 17:31:05"
5538,100,0,0,0.342000000000013,12,"2026-10-02 17:31:05"
5539,100,0,0,0.292000000000002,12,"2026-10-02 17:31:05"
5540,100,0,0,0.319999999999993,12,"2026-10-02 17:31:05"
5541,100,1,0,0.310000000000002,12,"2026-10-02 17:31:05"
5542,100,0,0,0.282999999999987,12,"2026-10-02 17:31:05"
5543,100,0,0,0.316000000000003,12,"2026-10-02 17:31:05"
5544,100,0,0,0.302999999999997,12,"2026-10-02 17:31:05"
5545,100,0,0,0.320999999999998,12,"2026-10-02 17:31:05"
5546,100,0,0,0.282999999999987,12,"2026-10-02 17:31:05"
5547,100,0,0,0.298000000000002,12,"2026-10-02 17:31:05"
5548,100,0,0,0.302999999999997,12,"2026-10-02 17:31:05"
5549,100,0,0,0.294999999999987,12,"2026-10-02 17:31:05"
5550,100,0,0,0.316999999999979,12,"2026-10-02 17:31:05"
5551,100,1,0,0.375,12,"2026-10-02 17:31:05"
5552,100,0,0,0.326999999999998,12,"2026-10-02 17:31:05"
5553,100,0,0,0.292000000000002,12,"2026-10-02 17:31:05"
5554,100,0,0,0.298000000000002,12,"2026-10-02 17:31:05"
5555,100,0,0,0.284999999999997,12,"2026-10-02 17:31:05"
5556,100,0,0,0.307000000000016,12,"2026-10-02 17:31:05"
5557,100,0,0,0.349999999999994,12,"2026-10-02 17:31:05"
5558,100,0,0,0.37299999999999,12,"2026-10-02 17:31:05"
5559,100,0,0,0.289999999999992,12,"2026-10-02 17:31:05"
5560,100,0,0,0.316000000000003,12,"2026-10-02 17:31:05"
5561,100,0,0,0.323000000000008,12,"2026-10-02 17:31:05"
5562,100,1,0,0.301000000000016,12,"2026-10-02 17:31:05"
5563,100,0,0,0.311000000000007,12,"2026-10-02 17:31:05"
5564,100,0,0,0.287000000000006,12,"2026-10-02 17:31:05"
5565,100,0,0,0.292000000000002,12,"2026-10-02 17:31:05"
5566,100,0,0,0.293000000000006,12,"2026-10-02 17:31:05"
5567,100,0,0,0.301999999999992,12,"2026-10-02 17:31:05"
5568,100,0,0,0.332999999999998,12,"2026-10-02 17:31:05"
5569,100,0,0,0.307999999999993,12,"2026-10-02 17:31:05"
5570,100,0,0,0.286000000000001,12,"2026-10-02 17:31:05"
5571,100,0,0,0.296999999999997,12,"2026-10-02 17:31:05"
5572,100,0,0,0.289000000000016,12,"2026-10-02 17:31:05"
5573,100,1,0,0.293999999999983,12,"2026-10-02 17:31:05"
5574,100,0,0,0.298999999999978,12,"2026-10-02 17:31:05"
5575,100,0,0,0.313999999999993,12,"2026-10-02 17:31:05"
5576,100,1,0,0.321999999999974,12,"2026-10-02 17:31:05"
5577,100,0,0,0.305000000000007,12,"2026-10-02 17:31:05"
5578,100,0,0,0.314999999999998,12,"2026-10-02 17:31:05"
5579,100,0,0,0.295000000000016,12,"2026-10-02 17:31:05"
5580,100,0,0,0.296000000000021,12,"2026-10-02 17:31:05"
5581,100,0,0,0.302999999999997,12,"2026-10-02 17:31:05"
5582,100,0,0,0.296999999999997,12,"2026-10-02 17:31:05"
5583,100,0,0,0.292000000000002,12,"2026-10-02 17:31:05"
5584,100,0,0,0.322000000000003,12,"2026-10-02 17:31:05"
5585,100,0,0,0.292999999999978,12,"2026-10-02 17:31:05"
5586,100,1,0,0.347000000000008,12,"2026-10-02 17:31:05"
5587,100,0,0,0.356999999999999,12,"2026-10-02 17:31:05"
5588,100,0,0,0.341000000000008,12,"2026-10-02 17:31:05"
5589,100,1,0,0.312000000000012,12,"2026-10-02 17:31:05"
5590,100,0,0,0.327999999999975,12,"2026-10-02 17:31:05"
5591,100,0,0,0.307999999999993,12,"2026-10-02 17:31:05"
5592,100,0,0,0.288000000000011,12,"2026-10-02 17:31:05"
5593,100,1,0,0.27800000000002,12,"2026-10-02 17:31:05"
5594,100,0,0,0.283000000000015,12,"2026-10-02 17:31:05"
5595,100,0,0,0.283000000000015,12,"2026-10-02 17:31:05"
5596,100,0,0,0.296999999999997,12,"2026-10-02 17:31:05"
5597,100,0,0,0.266999999999996,12,"2026-10-02 17:31:05"
5598,100,0,0,0.278999999999996,12,"2026-10-02 17:31:05"
5599,100,0,0,0.25200000000001,12,"2026-10-02 17:31:05"
5600,100,0,0,0.27200000000002,12,"2026-10-02 17:31:05"
