starting worker pid=26208 on localhost:11816 at 17:07:48.269
starting worker pid=26223 on localhost:11816 at 17:07:48.393
starting worker pid=26238 on localhost:11816 at 17:07:48.528
starting worker pid=26253 on localhost:11816 at 17:07:48.664
starting worker pid=26270 on localhost:11816 at 17:07:48.870
starting worker pid=26287 on localhost:11816 at 17:07:49.148
starting worker pid=26302 on localhost:11816 at 17:07:49.289
starting worker pid=26317 on localhost:11816 at 17:07:49.419
starting worker pid=26335 on localhost:11816 at 17:07:49.537
starting worker pid=26350 on localhost:11816 at 17:07:49.667
starting worker pid=26365 on localhost:11816 at 17:07:49.791
starting worker pid=26380 on localhost:11816 at 17:07:49.911
17:07:50 finished checkpoint 7; GM failures=0; joint failures=0
17:07:50 finished checkpoint 9; GM failures=0; joint failures=0
17:07:50 finished checkpoint 10; GM failures=0; joint failures=0
17:07:50 finished checkpoint 5; GM failures=0; joint failures=0
17:07:50 finished checkpoint 12; GM failures=0; joint failures=0
17:07:50 finished checkpoint 1; GM failures=0; joint failures=0
17:07:50 finished checkpoint 2; GM failures=0; joint failures=0
17:07:50 finished checkpoint 8; GM failures=0; joint failures=0
17:07:50 finished checkpoint 6; GM failures=0; joint failures=0
17:07:50 finished checkpoint 4; GM failures=0; joint failures=0
17:07:50 finished checkpoint 11; GM failures=0; joint failures=0
17:07:50 finished checkpoint 3; GM failures=0; joint failures=0
17:07:51 finished checkpoint 13; GM failures=0; joint failures=0
17:07:51 finished checkpoint 16; GM failures=0; joint failures=0
17:07:51 finished checkpoint 15; GM failures=0; joint failures=0
17:07:51 finished checkpoint 14; GM failures=0; joint failures=0
17:07:51 finished checkpoint 22; GM failures=0; joint failures=0
17:07:51 finished checkpoint 18; GM failures=0; joint failures=0
17:07:51 finished checkpoint 17; GM failures=0; joint failures=0
17:07:51 finished checkpoint 20; GM failures=0; joint failures=0
17:07:51 finished checkpoint 19; GM failures=0; joint failures=0
17:07:51 finished checkpoint 23; GM failures=0; joint failures=0
17:07:51 finished checkpoint 21; GM failures=0; joint failures=0
17:07:51 finished checkpoint 24; GM failures=0; joint failures=0
17:07:51 finished checkpoint 29; GM failures=0; joint failures=0
17:07:51 finished checkpoint 26; GM failures=0; joint failures=0
17:07:51 finished checkpoint 25; GM failures=0; joint failures=0
17:07:51 finished checkpoint 28; GM failures=0; joint failures=0
17:07:51 finished checkpoint 27; GM failures=0; joint failures=0
17:07:51 finished checkpoint 31; GM failures=0; joint failures=0
17:07:51 finished checkpoint 32; GM failures=0; joint failures=0
17:07:51 finished checkpoint 33; GM failures=0; joint failures=0
17:07:52 finished checkpoint 30; GM failures=0; joint failures=0
17:07:52 finished checkpoint 34; GM failures=0; joint failures=0
17:07:52 finished checkpoint 35; GM failures=0; joint failures=0
17:07:52 finished checkpoint 36; GM failures=0; joint failures=0
17:07:52 finished checkpoint 37; GM failures=0; joint failures=0
17:07:52 finished checkpoint 40; GM failures=0; joint failures=0
17:07:52 finished checkpoint 41; GM failures=0; joint failures=0
17:07:52 finished checkpoint 38; GM failures=0; joint failures=0
17:07:52 finished checkpoint 42; GM failures=0; joint failures=0
17:07:52 finished checkpoint 39; GM failures=0; joint failures=0
17:07:52 finished checkpoint 43; GM failures=0; joint failures=17:07:52 finished checkpoint 017:07:5246
; GM failures=0; joint failures=0
 finished checkpoint 44; GM failures=0; joint failures=0
17:07:52 finished checkpoint 47; GM failures=0; joint failures=0
17:07:52 finished checkpoint 45; GM failures=0; joint failures=0
17:07:52 finished checkpoint 48; GM failures=0; joint failures=0
17:07:53 finished checkpoint 50; GM failures=0; joint failures=0
17:07:53 finished checkpoint 52; GM failures=0; joint failures=0
17:07:53 finished checkpoint 53; GM failures=0; joint failures=0
17:07:53 finished checkpoint 51; GM failures=0; joint failures=0
17:07:53 finished checkpoint 49; GM failures=0; joint failures=0
17:07:53 finished checkpoint 54; GM failures=0; joint failures=0
17:07:53 finished checkpoint 57; GM failures=0; joint failures=0
17:07:53 finished checkpoint 55; GM failures=0; joint failures=0
17:07:53 finished checkpoint 58; GM failures=0; joint failures=0
17:07:53 finished checkpoint 56; GM failures=0; joint failures=0
17:07:53 finished checkpoint 60; GM failures=0; joint failures=0
17:07:53 finished checkpoint 59; GM failures=0; joint failures=0
17:07:53 finished checkpoint 61; GM failures=0; joint failures=0
17:07:53 finished checkpoint 64; GM failures=0; joint failures=0
17:07:53 finished checkpoint 62; GM failures=0; joint failures=0
17:07:53 finished checkpoint 66; GM failures=0; joint failures=0
17:07:53 finished checkpoint 65; GM failures=0; joint failures=0
17:07:53 finished checkpoint 63; GM failures=0; joint failures=0
17:07:53 finished checkpoint 68; GM failures=0; joint failures=0
17:07:53 finished checkpoint 69; GM failures=0; joint failures=0
17:07:53 finished checkpoint 67; GM failures=0; joint failures=0
17:07:53 finished checkpoint 70; GM failures=0; joint failures=0
17:07:53 finished checkpoint 72; GM failures=0; joint failures=0
17:07:53 finished checkpoint 71; GM failures=0; joint failures=0
17:07:54 finished checkpoint 73; GM failures=0; joint failures=0
17:07:54 finished checkpoint 75; GM failures=0; joint failures=0
17:07:54 finished checkpoint 78; GM failures=0; joint failures=0
17:07:54 finished checkpoint 77; GM failures=0; joint failures=0
17:07:54 finished checkpoint 74; GM failures=0; joint failures=0
17:07:54 finished checkpoint 76; GM failures=0; joint failures=0
17:07:54 finished checkpoint 80; GM failures=0; joint failures=0
17:07:54 finished checkpoint 81; GM failures=0; joint failures=0
17:07:54 finished checkpoint 79; GM failures=0; joint failures=0
17:07:54 finished checkpoint 82; GM failures=0; joint failures=0
17:07:54 finished checkpoint 83; GM failures=0; joint failures=0
17:07:54 finished checkpoint 84; GM failures=0; joint failures=0
17:07:54 finished checkpoint 88; GM failures=0; joint failures=0
17:07:54 finished checkpoint 86; GM failures=0; joint failures=0
17:07:54 finished checkpoint 85; GM failures=0; joint failures=0
17:07:54 finished checkpoint 87; GM failures=0; joint failures=0
17:07:54 finished checkpoint 89; GM failures=0; joint failures=0
17:07:54 finished checkpoint 90; GM failures=0; joint failures=0
17:07:54 finished checkpoint 92; GM failures=0; joint failures=0
17:07:54 finished checkpoint 93; GM failures=0; joint failures=0
17:07:54 finished checkpoint 91; GM failures=0; joint failures=0
17:07:54 finished checkpoint 95; GM failures=0; joint failures=0
17:07:54 finished checkpoint 94; GM failures=0; joint failures=0
17:07:55 finished checkpoint 96; GM failures=0; joint failures=0
17:07:55 finished checkpoint 97; GM failures=0; joint failures=0
17:07:55 finished checkpoint 100; GM failures=0; joint failures=0
17:07:55 finished checkpoint 98; GM failures=0; joint failures=0
17:07:55 finished checkpoint 99; GM failures=0; joint failures=0
17:07:55 finished checkpoint 102; GM failures=0; joint failures=0
17:07:55 finished checkpoint 101; GM failures=0; joint failures=0
17:07:55 finished checkpoint 103; GM failures=0; joint failures=0
17:07:55 finished checkpoint 104; GM failures=0; joint failures=0
17:07:55 finished checkpoint 105; GM failures=0; joint failures=0
17:07:55 finished checkpoint 107; GM failures=0; joint failures=0
17:07:55 finished checkpoint 106; GM failures=0; joint failures=0
17:07:55 finished checkpoint 108; GM failures=0; joint failures=0
17:07:56 finished checkpoint 109; GM failures=0; joint failures=0
17:07:56 finished checkpoint 110; GM failures=0; joint failures=0
17:07:56 finished checkpoint 112; GM failures=0; joint failures=0
17:07:56 finished checkpoint 111; GM failures=0; joint failures=0
17:07:56 finished checkpoint 113; GM failures=0; joint failures=0
17:07:56 finished checkpoint 114; GM failures=0; joint failures=0
17:07:56 finished checkpoint 115; GM failures=0; joint failures=0
17:07:56 finished checkpoint 117; GM failures=0; joint failures=0
17:07:56 finished checkpoint 116; GM failures=0; joint failures=0
17:07:56 finished checkpoint 118; GM failures=0; joint failures=0
17:07:56 finished checkpoint 119; GM failures=0; joint failures=0
17:07:56 finished checkpoint 120; GM failures=0; joint failures=0
17:07:56 finished checkpoint 121; GM failures=0; joint failures=0
17:07:56 finished checkpoint 123; GM failures=0; joint failures=0
17:07:56 finished checkpoint 124; GM failures=0; joint failures=0
17:07:56 finished checkpoint 122; GM failures=0; joint failures=0
17:07:56 finished checkpoint 126; GM failures=0; joint failures=0
17:07:56 finished checkpoint 125; GM failures=0; joint failures=0
17:07:56 finished checkpoint 129; GM failures=1; joint failures=0
17:07:56 finished checkpoint 128; GM failures=0; joint failures=0
17:07:56 finished checkpoint 130; GM failures=0; joint failures=0
17:07:56 finished checkpoint 127; GM failures=0; joint failures=0
17:07:57 finished checkpoint 132; GM failures=0; joint failures=0
17:07:57 finished checkpoint 131; GM failures=0; joint failures=0
17:07:57 finished checkpoint 133; GM failures=0; joint failures=0
17:07:57 finished checkpoint 134; GM failures=0; joint failures=0
17:07:57 finished checkpoint 136; GM failures=0; joint failures=0
17:07:57 finished checkpoint 135; GM failures=0; joint failures=0
17:07:57 finished checkpoint 137; GM failures=0; joint failures=0
17:07:57 finished checkpoint 139; GM failures=0; joint failures=0
17:07:57 finished checkpoint 141; GM failures=0; joint failures=0
17:07:57 finished checkpoint 140; GM failures=0; joint failures=0
17:07:57 finished checkpoint 142; GM failures=0; joint failures=0
17:07:57 finished checkpoint 138; GM failures=0; joint failures=0
17:07:57 finished checkpoint 144; GM failures=0; joint failures=0
17:07:57 finished checkpoint 143; GM failures=0; joint failures=0
17:07:58 finished checkpoint 145; GM failures=0; joint failures=0
17:07:58 finished checkpoint 146; GM failures=0; joint failures=0
17:07:58 finished checkpoint 148; GM failures=0; joint failures=0
17:07:58 finished checkpoint 147; GM failures=0; joint failures=0
17:07:58 finished checkpoint 149; GM failures=0; joint failures=0
17:07:58 finished checkpoint 151; GM failures=0; joint failures=0
17:07:58 finished checkpoint 154; GM failures=0; joint failures=0
17:07:58 finished checkpoint 150; GM failures=0; joint failures=0
17:07:58 finished checkpoint 153; GM failures=0; joint failures=0
17:07:58 finished checkpoint 152; GM failures=0; joint failures=0
17:07:58 finished checkpoint 155; GM failures=0; joint failures=0
17:07:58 finished checkpoint 156; GM failures=0; joint failures=0
17:07:58 finished checkpoint 157; GM failures=0; joint failures=0
17:07:58 finished checkpoint 158; GM failures=0; joint failures=0
17:07:58 finished checkpoint 159; GM failures=0; joint failures=0
17:07:58 finished checkpoint 161; GM failures=0; joint failures=0
17:07:58 finished checkpoint 160; GM failures=0; joint failures=0
17:07:58 finished checkpoint 163; GM failures=0; joint failures=0
17:07:58 finished checkpoint 162; GM failures=0; joint failures=0
17:07:58 finished checkpoint 164; GM failures=0; joint failures=0
17:07:59 finished checkpoint 165; GM failures=0; joint failures=0
17:07:59 finished checkpoint 166; GM failures=0; joint failures=0
17:07:59 finished checkpoint 167; GM failures=0; joint failures=0
17:07:59 finished checkpoint 168; GM failures=0; joint failures=0
17:07:59 finished checkpoint 169; GM failures=0; joint failures=0
17:07:59 finished checkpoint 170; GM failures=0; joint failures=0
17:07:59 finished checkpoint 171; GM failures=0; joint failures=0
17:07:59 finished checkpoint 173; GM failures=0; joint failures=0
17:07:59 finished checkpoint 172; GM failures=0; joint failures=0
17:07:59 finished checkpoint 175; GM failures=0; joint failures=0
17:07:59 finished checkpoint 174; GM failures=0; joint failures=0
17:07:59 finished checkpoint 176; GM failures=0; joint failures=0
17:07:59 finished checkpoint 177; GM failures=0; joint failures=0
17:07:59 finished checkpoint 178; GM failures=0; joint failures=0
17:07:59 finished checkpoint 179; GM failures=0; joint failures=0
17:07:59 finished checkpoint 180; GM failures=0; joint failures=0
17:08:00 finished checkpoint 181; GM failures=0; joint failures=0
17:08:00 finished checkpoint 182; GM failures=0; joint failures=0
17:08:00 finished checkpoint 183; GM failures=0; joint failures=0
17:08:00 finished checkpoint 184; GM failures=0; joint failures=0
17:08:00 finished checkpoint 185; GM failures=0; joint failures=0
17:08:00 finished checkpoint 186; GM failures=0; joint failures=0
17:08:00 finished checkpoint 188; GM failures=0; joint failures=0
17:08:00 finished checkpoint 187; GM failures=0; joint failures=0
17:08:00 finished checkpoint 189; GM failures=0; joint failures=0
17:08:00 finished checkpoint 190; GM failures=0; joint failures=0
17:08:00 finished checkpoint 191; GM failures=0; joint failures=0
17:08:00 finished checkpoint 192; GM failures=0; joint failures=0
17:08:00 finished checkpoint 193; GM failures=0; joint failures=0
17:08:00 finished checkpoint 194; GM failures=0; joint failures=0
17:08:00 finished checkpoint 195; GM failures=0; joint failures=0
17:08:00 finished checkpoint 196; GM failures=0; joint failures=0
17:08:00 finished checkpoint 198; GM failures=0; joint failures=0
17:08:00 finished checkpoint 197; GM failures=0; joint failures=0
17:08:00 finished checkpoint 200; GM failures=0; joint failures=0
17:08:00 finished checkpoint 199; GM failures=0; joint failures=0
17:08:01 finished checkpoint 201; GM failures=0; joint failures=0
17:08:01 finished checkpoint 202; GM failures=0; joint failures=0
17:08:01 finished checkpoint 203; GM failures=0; joint failures=0
17:08:01 finished checkpoint 204; GM failures=0; joint failures=0
17:08:01 finished checkpoint 205; GM failures=0; joint failures=0
17:08:01 finished checkpoint 206; GM failures=0; joint failures=0
17:08:01 finished checkpoint 207; GM failures=0; joint failures=0
17:08:01 finished checkpoint 208; GM failures=0; joint failures=0
17:08:01 finished checkpoint 209; GM failures=0; joint failures=0
17:08:01 finished checkpoint 210; GM failures=0; joint failures=0
17:08:01 finished checkpoint 211; GM failures=0; joint failures=0
17:08:01 finished checkpoint 212; GM failures=0; joint failures=0
17:08:01 finished checkpoint 213; GM failures=0; joint failures=0
17:08:01 finished checkpoint 214; GM failures=0; joint failures=0
17:08:01 finished checkpoint 215; GM failures=0; joint failures=0
17:08:02 finished checkpoint 216; GM failures=0; joint failures=0
17:08:02 finished checkpoint 217; GM failures=0; joint failures=0
17:08:02 finished checkpoint 218; GM failures=0; joint failures=0
17:08:02 finished checkpoint 219; GM failures=0; joint failures=0
17:08:02 finished checkpoint 220; GM failures=0; joint failures=0
17:08:02 finished checkpoint 221; GM failures=0; joint failures=0
17:08:02 finished checkpoint 222; GM failures=0; joint failures=0
17:08:02 finished checkpoint 224; GM failures=0; joint failures=0
17:08:02 finished checkpoint 223; GM failures=0; joint failures=0
17:08:02 finished checkpoint 225; GM failures=0; joint failures=0
17:08:02 finished checkpoint 226; GM failures=0; joint failures=0
17:08:02 finished checkpoint 227; GM failures=0; joint failures=0
17:08:02 finished checkpoint 228; GM failures=0; joint failures=0
17:08:03 finished checkpoint 229; GM failures=0; joint failures=0
17:08:03 finished checkpoint 230; GM failures=0; joint failures=0
17:08:03 finished checkpoint 233; GM failures=0; joint failures=0
17:08:03 finished checkpoint 232; GM failures=0; joint failures=0
17:08:03 finished checkpoint 231; GM failures=1; joint failures=0
17:08:03 finished checkpoint 235; GM failures=0; joint failures=0
17:08:03 finished checkpoint 236; GM failures=0; joint failures=0
17:08:03 finished checkpoint 234; GM failures=0; joint failures=0
17:08:03 finished checkpoint 238; GM failures=0; joint failures=0
17:08:03 finished checkpoint 237; GM failures=0; joint failures=0
17:08:03 finished checkpoint 239; GM failures=0; joint failures=0
17:08:03 finished checkpoint 240; GM failures=0; joint failures=0
17:08:03 finished checkpoint 241; GM failures=0; joint failures=0
17:08:03 finished checkpoint 242; GM failures=0; joint failures=0
17:08:03 finished checkpoint 243; GM failures=1; joint failures=0
17:08:03 finished checkpoint 244; GM failures=0; joint failures=0
17:08:03 finished checkpoint 245; GM failures=0; joint failures=0
17:08:04 finished checkpoint 247; GM failures=0; joint failures=0
17:08:04 finished checkpoint 246; GM failures=0; joint failures=0
17:08:04 finished checkpoint 248; GM failures=0; joint failures=0
17:08:04 finished checkpoint 249; GM failures=0; joint failures=0
17:08:04 finished checkpoint 250; GM failures=0; joint failures=0
17:08:04 finished checkpoint 251; GM failures=0; joint failures=0
17:08:04 finished checkpoint 252; GM failures=0; joint failures=0
17:08:04 finished checkpoint 253; GM failures=0; joint failures=0
17:08:04 finished checkpoint 254; GM failures=0; joint failures=0
17:08:04 finished checkpoint 255; GM failures=0; joint failures=0
17:08:04 finished checkpoint 256; GM failures=0; joint failures=0
17:08:04 finished checkpoint 257; GM failures=0; joint failures=0
17:08:04 finished checkpoint 260; GM failures=0; joint failures=0
17:08:04 finished checkpoint 258; GM failures=0; joint failures=0
17:08:04 finished checkpoint 259; GM failures=0; joint failures=0
17:08:04 finished checkpoint 262; GM failures=0; joint failures=0
17:08:04 finished checkpoint 261; GM failures=0; joint failures=0
17:08:04 finished checkpoint 263; GM failures=0; joint failures=0
17:08:05 finished checkpoint 264; GM failures=1; joint failures=0
17:08:05 finished checkpoint 265; GM failures=0; joint failures=0
17:08:05 finished checkpoint 266; GM failures=0; joint failures=0
17:08:05 finished checkpoint 268; GM failures=0; joint failures=0
17:08:05 finished checkpoint 267; GM failures=0; joint failures=0
17:08:05 finished checkpoint 269; GM failures=0; joint failures=1
17:08:05 finished checkpoint 270; GM failures=0; joint failures=0
17:08:05 finished checkpoint 271; GM failures=0; joint failures=0
17:08:05 finished checkpoint 272; GM failures=0; joint failures=0
17:08:05 finished checkpoint 273; GM failures=0; joint failures=0
17:08:05 finished checkpoint 274; GM failures=0; joint failures=0
17:08:05 finished checkpoint 275; GM failures=0; joint failures=1
17:08:05 finished checkpoint 276; GM failures=0; joint failures=0
17:08:06 finished checkpoint 277; GM failures=0; joint failures=0
17:08:06 finished checkpoint 278; GM failures=0; joint failures=0
17:08:06 finished checkpoint 279; GM failures=0; joint failures=0
17:08:06 finished checkpoint 280; GM failures=0; joint failures=0
17:08:06 finished checkpoint 281; GM failures=0; joint failures=0
17:08:06 finished checkpoint 282; GM failures=0; joint failures=0
17:08:06 finished checkpoint 283; GM failures=0; joint failures=0
17:08:06 finished checkpoint 284; GM failures=0; joint failures=0
17:08:06 finished checkpoint 286; GM failures=0; joint failures=0
17:08:06 finished checkpoint 285; GM failures=0; joint failures=0
17:08:06 finished checkpoint 287; GM failures=0; joint failures=0
17:08:06 finished checkpoint 288; GM failures=0; joint failures=0
17:08:06 finished checkpoint 289; GM failures=0; joint failures=0
17:08:07 finished checkpoint 291; GM failures=0; joint failures=0
17:08:07 finished checkpoint 293; GM failures=0; joint failures=0
17:08:07 finished checkpoint 290; GM failures=0; joint failures=0
17:08:07 finished checkpoint 292; GM failures=0; joint failures=0
17:08:07 finished checkpoint 294; GM failures=0; joint failures=0
17:08:07 finished checkpoint 295; GM failures=0; joint failures=0
17:08:07 finished checkpoint 296; GM failures=0; joint failures=1
17:08:07 finished checkpoint 297; GM failures=0; joint failures=0
17:08:07 finished checkpoint 298; GM failures=0; joint failures=0
17:08:07 finished checkpoint 299; GM failures=0; joint failures=0
17:08:07 finished checkpoint 300; GM failures=0; joint failures=0
17:08:07 finished checkpoint 301; GM failures=0; joint failures=0
17:08:07 finished checkpoint 305; GM failures=0; joint failures=0
17:08:07 finished checkpoint 303; GM failures=0; joint failures=0
17:08:08 finished checkpoint 304; GM failures=0; joint failures=0
17:08:08 finished checkpoint 302; GM failures=0; joint failures=0
17:08:08 finished checkpoint 306; GM failures=0; joint failures=0
17:08:08 finished checkpoint 308; GM failures=1; joint failures=0
17:08:08 finished checkpoint 309; GM failures=0; joint failures=0
17:08:08 finished checkpoint 307; GM failures=0; joint failures=0
17:08:08 finished checkpoint 310; GM failures=0; joint failures=0
17:08:08 finished checkpoint 311; GM failures=0; joint failures=0
17:08:08 finished checkpoint 312; GM failures=0; joint failures=0
17:08:08 finished checkpoint 313; GM failures=0; joint failures=0
17:08:08 finished checkpoint 314; GM failures=0; joint failures=0
17:08:08 finished checkpoint 316; GM failures=0; joint failures=0
17:08:08 finished checkpoint 318; GM failures=0; joint failures=0
17:08:08 finished checkpoint 315; GM failures=0; joint failures=0
17:08:08 finished checkpoint 317; GM failures=0; joint failures=0
17:08:08 finished checkpoint 321; GM failures=0; joint failures=0
17:08:08 finished checkpoint 319; GM failures=0; joint failures=0
17:08:09 finished checkpoint 320; GM failures=0; joint failures=0
17:08:09 finished checkpoint 322; GM failures=0; joint failures=0
17:08:09 finished checkpoint 323; GM failures=0; joint failures=0
17:08:09 finished checkpoint 324; GM failures=0; joint failures=0
17:08:09 finished checkpoint 325; GM failures=0; joint failures=0
17:08:09 finished checkpoint 327; GM failures=0; joint failures=0
17:08:0917:08:09 finished checkpoint  finished checkpoint 328326; GM failures=; GM failures=00; joint failures=; joint failures=00

17:08:09 finished checkpoint 329; GM failures=1; joint failures=0
17:08:09 finished checkpoint 332; GM failures=0; joint failures=0
17:08:09 finished checkpoint 331; GM failures=0; joint failures=0
17:08:09 finished checkpoint 333; GM failures=0; joint failures=0
17:08:09 finished checkpoint 330; GM failures=0; joint failures=0
17:08:10 finished checkpoint 334; GM failures=0; joint failures=0
17:08:10 finished checkpoint 335; GM failures=0; joint failures=0
17:08:10 finished checkpoint 336; GM failures=0; joint failures=0
17:08:10 finished checkpoint 337; GM failures=0; joint failures=0
17:08:10 finished checkpoint 339; GM failures=0; joint failures=0
17:08:10 finished checkpoint 338; GM failures=0; joint failures=0
17:08:10 finished checkpoint 340; GM failures=0; joint failures=0
17:08:10 finished checkpoint 345; GM failures=0; joint failures=0
17:08:10 finished checkpoint 341; GM failures=0; joint failures=0
17:08:10 finished checkpoint 344; GM failures=0; joint failures=0
17:08:10 finished checkpoint 342; GM failures=0; joint failures=0
17:08:10 finished checkpoint 343; GM failures=2; joint failures=0
17:08:10 finished checkpoint 346; GM failures=0; joint failures=0
17:08:11 finished checkpoint 347; GM failures=0; joint failures=0
17:08:11 finished checkpoint 348; GM failures=0; joint failures=0
17:08:11 finished checkpoint 349; GM failures=0; joint failures=0
17:08:11 finished checkpoint 351; GM failures=0; joint failures=0
17:08:11 finished checkpoint 354; GM failures=0; joint failures=0
17:08:11 finished checkpoint 352; GM failures=0; joint failures=0
17:08:11 finished checkpoint 355; GM failures=0; joint failures=0
17:08:11 finished checkpoint 350; GM failures=0; joint failures=0
17:08:11 finished checkpoint 356; GM failures=0; joint failures=0
17:08:11 finished checkpoint 353; GM failures=0; joint failures=0
17:08:11 finished checkpoint 357; GM failures=0; joint failures=0
17:08:12 finished checkpoint 359; GM failures=0; joint failures=0
17:08:12 finished checkpoint 358; GM failures=0; joint failures=0
17:08:12 finished checkpoint 360; GM failures=0; joint failures=0
17:08:12 finished checkpoint 361; GM failures=0; joint failures=0
17:08:12 finished checkpoint 362; GM failures=0; joint failures=0
17:08:12 finished checkpoint 363; GM failures=0; joint failures=0
17:08:12 finished checkpoint 365; GM failures=0; joint failures=0
17:08:12 finished checkpoint 364; GM failures=0; joint failures=0
17:08:12 finished checkpoint 366; GM failures=1; joint failures=0
17:08:12 finished checkpoint 369; GM failures=0; joint failures=1
17:08:12 finished checkpoint 368; GM failures=0; joint failures=0
17:08:12 finished checkpoint 367; GM failures=0; joint failures=0
17:08:12 finished checkpoint 371; GM failures=0; joint failures=0
17:08:12 finished checkpoint 370; GM failures=0; joint failures=0
17:08:13 finished checkpoint 372; GM failures=0; joint failures=0
17:08:13 finished checkpoint 373; GM failures=0; joint failures=0
17:08:13 finished checkpoint 374; GM failures=0; joint failures=0
17:08:13 finished checkpoint 375; GM failures=0; joint failures=0
17:08:13 finished checkpoint 377; GM failures=0; joint failures=0
17:08:13 finished checkpoint 376; GM failures=0; joint failures=0
17:08:13 finished checkpoint 378; GM failures=0; joint failures=0
17:08:13 finished checkpoint 379; GM failures=0; joint failures=0
17:08:13 finished checkpoint 381; GM failures=0; joint failures=0
17:08:13 finished checkpoint 380; GM failures=0; joint failures=0
17:08:13 finished checkpoint 382; GM failures=1; joint failures=0
17:08:13 finished checkpoint 383; GM failures=0; joint failures=0
17:08:14 finished checkpoint 384; GM failures=1; joint failures=0
17:08:14 finished checkpoint 385; GM failures=0; joint failures=1
17:08:14 finished checkpoint 386; GM failures=0; joint failures=0
17:08:14 finished checkpoint 387; GM failures=0; joint failures=0
17:08:14 finished checkpoint 389; GM failures=0; joint failures=0
17:08:14 finished checkpoint 388; GM failures=0; joint failures=0
17:08:14 finished checkpoint 390; GM failures=0; joint failures=0
17:08:14 finished checkpoint 391; GM failures=1; joint failures=0
17:08:14 finished checkpoint 393; GM failures=0; joint failures=0
17:08:14 finished checkpoint 392; GM failures=0; joint failures=0
17:08:14 finished checkpoint 401; GM failures=0; joint failures=0
17:08:14 finished checkpoint 394; GM failures=0; joint failures=1
17:08:14 finished checkpoint 403; GM failures=0; joint failures=0
17:08:14 finished checkpoint 404; GM failures=0; joint failures=0
17:08:14 finished checkpoint 402; GM failures=0; joint failures=0
17:08:14 finished checkpoint 405; GM failures=0; joint failures=0
17:08:14 finished checkpoint 395; GM failures=0; joint failures=0
17:08:15 finished checkpoint 407; GM failures=0; joint failures=0
17:08:15 finished checkpoint 406; GM failures=0; joint failures=0
17:08:15 finished checkpoint 408; GM failures=0; joint failures=0
17:08:15 finished checkpoint 396; GM failures=0; joint failures=0
17:08:15 finished checkpoint 409; GM failures=0; joint failures=0
17:08:15 finished checkpoint 410; GM failures=0; joint failures=0
17:08:15 finished checkpoint 411; GM failures=0; joint failures=0
17:08:15 finished checkpoint 412; GM failures=0; joint failures=0
17:08:15 finished checkpoint 413; GM failures=0; joint failures=0
17:08:15 finished checkpoint 414; GM failures=0; joint failures=0
17:08:15 finished checkpoint 415; GM failures=0; joint failures=0
17:08:15 finished checkpoint 399; GM failures=0; joint failures=0
17:08:1517:08:15 finished checkpoint  finished checkpoint 397417; GM failures=; GM failures=00; joint failures=; joint failures=00

17:08:15 finished checkpoint 416; GM failures=0; joint failures=0
17:08:15 finished checkpoint 41817:08:15; GM failures= finished checkpoint 0398; joint failures=; GM failures=00
; joint failures=0
17:08:15 finished checkpoint 419; GM failures=0; joint failures=0
17:08:15 finished checkpoint 400; GM failures=0; joint failures=0
17:08:15 finished checkpoint 420; GM failures=0; joint failures=0
17:08:15 finished checkpoint 421; GM failures=0; joint failures=0
17:08:15 finished checkpoint 423; GM failures=0; joint failures=0
17:08:15 finished checkpoint 424; GM failures=0; joint failures=0
17:08:15 finished checkpoint 422; GM failures=0; joint failures=0
17:08:15 finished checkpoint 425; GM failures=0; joint failures=0
17:08:15 finished checkpoint 427; GM failures=0; joint failures=0
17:08:15 finished checkpoint 426; GM failures=0; joint failures=0
17:08:15 finished checkpoint 429; GM failures=0; joint failures=0
17:08:15 finished checkpoint 428; GM failures=0; joint failures=0
17:08:15 finished checkpoint 431; GM failures=0; joint failures=0
17:08:15 finished checkpoint 430; GM failures=0; joint failures=0
17:08:1517:08:15 finished checkpoint  finished checkpoint 432434; GM failures=; GM failures=00; joint failures=; joint failures=00

17:08:15 finished checkpoint 433; GM failures=0; joint failures=0
17:08:15 finished checkpoint 436; GM failures=0; joint failures=0
17:08:15 finished checkpoint 435; GM failures=0; joint failures=0
17:08:15 finished checkpoint 437; GM failures=0; joint failures=0
17:08:15 finished checkpoint 438; GM failures=0; joint failures=0
17:08:15 finished checkpoint 439; GM failures=0; joint failures=0
17:08:15 finished checkpoint 440; GM failures=0; joint failures=0
17:08:15 finished checkpoint 442; GM failures=0; joint failures=0
17:08:15 finished checkpoint 441; GM failures=0; joint failures=0
17:08:15 finished checkpoint 443; GM failures=0; joint failures=0
17:08:15 finished checkpoint 444; GM failures=0; joint failures=0
17:08:15 finished checkpoint 445; GM failures=0; joint failures=0
17:08:16 finished checkpoint 446; GM failures=0; joint failures=0
17:08:16 finished checkpoint 449; GM failures=0; joint failures=0
17:08:16 finished checkpoint 447; GM failures=0; joint failures=0
17:08:16 finished checkpoint 448; GM failures=0; joint failures=0
17:08:16 finished checkpoint 450; GM failures=0; joint failures=0
17:08:16 finished checkpoint 451; GM failures=0; joint failures=0
17:08:16 finished checkpoint 452; GM failures=0; joint failures=0
17:08:16 finished checkpoint 453; GM failures=0; joint failures=0
17:08:16 finished checkpoint 454; GM failures=0; joint failures=0
17:08:16 finished checkpoint 455; GM failures=0; joint failures=0
17:08:16 finished checkpoint 456; GM failures=0; joint failures=0
17:08:16 finished checkpoint 457; GM failures=0; joint failures=0
17:08:16 finished checkpoint 460; GM failures=0; joint failures=0
17:08:16 finished checkpoint 461; GM failures=0; joint failures=0
17:08:16 finished checkpoint 459; GM failures=0; joint failures=0
17:08:16 finished checkpoint 458; GM failures=0; joint failures=0
17:08:16 finished checkpoint 462; GM failures=0; joint failures=0
17:08:16 finished checkpoint 463; GM failures=0; joint failures=0
17:08:16 finished checkpoint 464; GM failures=0; joint failures=0
17:08:16 finished checkpoint 466; GM failures=0; joint failures=0
17:08:16 finished checkpoint 465; GM failures=0; joint failures=0
17:08:16 finished checkpoint 467; GM failures=0; joint failures=0
17:08:16 finished checkpoint 468; GM failures=0; joint failures=0
17:08:16 finished checkpoint 469; GM failures=0; joint failures=0
17:08:16 finished checkpoint 472; GM failures=0; joint failures=0
17:08:16 finished checkpoint 470; GM failures=0; joint failures=0
17:08:16 finished checkpoint 473; GM failures=0; joint failures=0
17:08:16 finished checkpoint 471; GM failures=0; joint failures=0
17:08:16 finished checkpoint 475; GM failures=0; joint failures=0
17:08:16 finished checkpoint 476; GM failures=0; joint failures=0
17:08:16 finished checkpoint 474; GM failures=0; joint failures=0
17:08:16 finished checkpoint 477; GM failures=0; joint failures=0
17:08:16 finished checkpoint 478; GM failures=0; joint failures=0
17:08:16 finished checkpoint 480; GM failures=0; joint failures=0
17:08:16 finished checkpoint 479; GM failures=0; joint failures=0
17:08:16 finished checkpoint 481; GM failures=0; joint failures=0
17:08:16 finished checkpoint 482; GM failures=0; joint failures=0
17:08:16 finished checkpoint 484; GM failures=0; joint failures=0
17:08:16 finished checkpoint 483; GM failures=0; joint failures=0
17:08:16 finished checkpoint 488; GM failures=0; joint failures=0
17:08:16 finished checkpoint 486; GM failures=0; joint failures=0
17:08:16 finished checkpoint 485; GM failures=0; joint failures=0
17:08:16 finished checkpoint 487; GM failures=0; joint failures=0
17:08:16 finished checkpoint 489; GM failures=0; joint failures=0
17:08:16 finished checkpoint 491; GM failures=0; joint failures=0
17:08:16 finished checkpoint 490; GM failures=0; joint failures=0
17:08:16 finished checkpoint 492; GM failures=0; joint failures=0
17:08:16 finished checkpoint 493; GM failures=0; joint failures=0
17:08:16 finished checkpoint 495; GM failures=0; joint failures=0
17:08:16 finished checkpoint 494; GM failures=0; joint failures=0
17:08:17 finished checkpoint 496; GM failures=0; joint failures=0
17:08:17 finished checkpoint 497; GM failures=0; joint failures=0
17:08:17 finished checkpoint 498; GM failures=0; joint failures=0
17:08:17 finished checkpoint 500; GM failures=0; joint failures=0
17:08:17 finished checkpoint 499; GM failures=0; joint failures=0
17:08:17 finished checkpoint 502; GM failures=0; joint failures=0
17:08:17 finished checkpoint 503; GM failures=0; joint failures=0
17:08:17 finished checkpoint 501; GM failures=0; joint failures=0
17:08:17 finished checkpoint 504; GM failures=0; joint failures=0
17:08:17 finished checkpoint 506; GM failures=0; joint failures=0
17:08:17 finished checkpoint 505; GM failures=0; joint failures=0
17:08:17 finished checkpoint 507; GM failures=0; joint failures=0
17:08:17 finished checkpoint 508; GM failures=0; joint failures=0
17:08:17 finished checkpoint 509; GM failures=0; joint failures=0
17:08:17 finished checkpoint 510; GM failures=0; joint failures=0
17:08:17 finished checkpoint 512; GM failures=0; joint failures=0
17:08:17 finished checkpoint 511; GM failures=0; joint failures=0
17:08:17 finished checkpoint 515; GM failures=0; joint failures=0
17:08:17 finished checkpoint 513; GM failures=0; joint failures=0
17:08:17 finished checkpoint 514; GM failures=0; joint failures=0
17:08:17 finished checkpoint 516; GM failures=0; joint failures=0
17:08:17 finished checkpoint 517; GM failures=0; joint failures=0
17:08:17 finished checkpoint 520; GM failures=0; joint failures=0
17:08:17 finished checkpoint 518; GM failures=0; joint failures=0
17:08:17 finished checkpoint 519; GM failures=0; joint failures=0
17:08:17 finished checkpoint 521; GM failures=0; joint failures=0
17:08:17 finished checkpoint 523; GM failures=0; joint failures=0
17:08:17 finished checkpoint 522; GM failures=0; joint failures=0
17:08:17 finished checkpoint 524; GM failures=0; joint failures=0
17:08:17 finished checkpoint 526; GM failures=0; joint failures=0
17:08:17 finished checkpoint 525; GM failures=0; joint failures=0
17:08:17 finished checkpoint 528; GM failures=0; joint failures=0
17:08:17 finished checkpoint 527; GM failures=0; joint failures=0
17:08:17 finished checkpoint 529; GM failures=0; joint failures=0
17:08:17 finished checkpoint 530; GM failures=0; joint failures=0
17:08:17 finished checkpoint 531; GM failures=0; joint failures=0
17:08:17 finished checkpoint 533; GM failures=0; joint failures=0
17:08:17 finished checkpoint 534; GM failures=0; joint failures=0
17:08:17 finished checkpoint 532; GM failures=0; joint failures=0
17:08:17 finished checkpoint 535; GM failures=0; joint failures=0
17:08:17 finished checkpoint 538; GM failures=0; joint failures=0
17:08:17 finished checkpoint 537; GM failures=0; joint failures=0
17:08:17 finished checkpoint 536; GM failures=0; joint failures=0
17:08:17 finished checkpoint 541; GM failures=0; joint failures=0
17:08:18 finished checkpoint 540; GM failures=0; joint failures=0
17:08:18 finished checkpoint 539; GM failures=0; joint failures=0
17:08:18 finished checkpoint 543; GM failures=0; joint failures=0
17:08:18 finished checkpoint 542; GM failures=0; joint failures=0
17:08:18 finished checkpoint 544; GM failures=0; joint failures=0
17:08:18 finished checkpoint 545; GM failures=0; joint failures=0
17:08:18 finished checkpoint 546; GM failures=0; joint failures=0
17:08:18 finished checkpoint 547; GM failures=0; joint failures=0
17:08:18 finished checkpoint 548; GM failures=0; joint failures=0
17:08:18 finished checkpoint 549; GM failures=0; joint failures=0
17:08:18 finished checkpoint 550; GM failures=0; joint failures=0
17:08:18 finished checkpoint 551; GM failures=0; joint failures=0
17:08:18 finished checkpoint 552; GM failures=0; joint failures=0
17:08:18 finished checkpoint 554; GM failures=0; joint failures=0
17:08:18 finished checkpoint 553; GM failures=0; joint failures=0
17:08:18 finished checkpoint 556; GM failures=0; joint failures=0
17:08:18 finished checkpoint 555; GM failures=0; joint failures=0
17:08:18 finished checkpoint 557; GM failures=0; joint failures=0
17:08:18 finished checkpoint 558; GM failures=17:08:180 finished checkpoint ; joint failures=5590; GM failures=
0; joint failures=0
17:08:18 finished checkpoint 562; GM failures=1; joint failures=0
17:08:18 finished checkpoint 560; GM failures=0; joint failures=0
17:08:18 finished checkpoint 561; GM failures=0; joint failures=0
17:08:18 finished checkpoint 564; GM failures=0; joint failures=0
17:08:18 finished checkpoint 563; GM failures=0; joint failures=0
17:08:18 finished checkpoint 565; GM failures=0; joint failures=0
17:08:18 finished checkpoint 566; GM failures=0; joint failures=0
17:08:18 finished checkpoint 571; GM failures=0; joint failures=0
17:08:18 finished checkpoint 568; GM failures=0; joint failures=0
17:08:18 finished checkpoint 569; GM failures=0; joint failures=0
17:08:18 finished checkpoint 570; GM failures=0; joint failures=0
17:08:18 finished checkpoint 567; GM failures=0; joint failures=0
17:08:18 finished checkpoint 574; GM failures=0; joint failures=0
17:08:18 finished checkpoint 573; GM failures=0; joint failures=0
17:08:18 finished checkpoint 572; GM failures=0; joint failures=0
17:08:18 finished checkpoint 575; GM failures=0; joint failures=0
17:08:18 finished checkpoint 577; GM failures=0; joint failures=0
17:08:18 finished checkpoint 576; GM failures=0; joint failures=0
17:08:18 finished checkpoint 578; GM failures=0; joint failures=0
17:08:18 finished checkpoint 580; GM failures=0; joint failures=0
17:08:18 finished checkpoint 579; GM failures=0; joint failures=0
17:08:18 finished checkpoint 581; GM failures=0; joint failures=0
17:08:18 finished checkpoint 582; GM failures=0; joint failures=0
17:08:18 finished checkpoint 583; GM failures=0; joint failures=0
17:08:18 finished checkpoint 584; GM failures=0; joint failures=0
17:08:18 finished checkpoint 586; GM failures=0; joint failures=0
17:08:18 finished checkpoint 585; GM failures=0; joint failures=0
17:08:19 finished checkpoint 588; GM failures=0; joint failures=0
17:08:19 finished checkpoint 589; GM failures=0; joint failures=0
17:08:19 finished checkpoint 587; GM failures=0; joint failures=0
17:08:19 finished checkpoint 590; GM failures=0; joint failures=0
17:08:19 finished checkpoint 591; GM failures=0; joint failures=0
17:08:19 finished checkpoint 592; GM failures=0; joint failures=0
17:08:19 finished checkpoint 593; GM failures=0; joint failures=0
17:08:19 finished checkpoint 594; GM failures=0; joint failures=0
17:08:19 finished checkpoint 595; GM failures=0; joint failures=0
17:08:19 finished checkpoint 597; GM failures=0; joint failures=0
17:08:19 finished checkpoint 596; GM failures=0; joint failures=0
17:08:19 finished checkpoint 598; GM failures=0; joint failures=0
17:08:19 finished checkpoint 599; GM failures=0; joint failures=0
17:08:19 finished checkpoint 600; GM failures=0; joint failures=0
17:08:19 finished checkpoint 601; GM failures=0; joint failures=0
17:08:19 finished checkpoint 603; GM failures=0; joint failures=0
17:08:19 finished checkpoint 602; GM failures=0; joint failures=0
17:08:19 finished checkpoint 606; GM failures=0; joint failures=0
17:08:19 finished checkpoint 604; GM failures=0; joint failures=0
17:08:19 finished checkpoint 605; GM failures=0; joint failures=0
17:08:19 finished checkpoint 607; GM failures=0; joint failures=0
17:08:19 finished checkpoint 608; GM failures=0; joint failures=0
17:08:1917:08:19 finished checkpoint  finished checkpoint 610609; GM failures=; GM failures=00; joint failures=; joint failures=00

17:08:19 finished checkpoint 611; GM failures=0; joint failures=0
17:08:19 finished checkpoint 612; GM failures=017:08:19; joint failures= finished checkpoint 0613
; GM failures=0; joint failures=0
17:08:19 finished checkpoint 615; GM failures=0; joint failures=0
17:08:19 finished checkpoint 614; GM failures=0; joint failures=0
17:08:19 finished checkpoint 616; GM failures=0; joint failures=0
17:08:19 finished checkpoint 617; GM failures=0; joint failures=0
17:08:19 finished checkpoint 618; GM failures=0; joint failures=0
17:08:19 finished checkpoint 619; GM failures=0; joint failures=0
17:08:19 finished checkpoint 620; GM failures=0; joint failures=0
17:08:19 finished checkpoint 622; GM failures=0; joint failures=0
17:08:19 finished checkpoint 621; GM failures=0; joint failures=0
17:08:19 finished checkpoint 623; GM failures=0; joint failures=0
17:08:19 finished checkpoint 625; GM failures=0; joint failures=0
17:08:19 finished checkpoint 627; GM failures=0; joint failures=0
17:08:19 finished checkpoint 624; GM failures=0; joint failures=0
17:08:19 finished checkpoint 626; GM failures=0; joint failures=0
17:08:19 finished checkpoint 629; GM failures=0; joint failures=0
17:08:19 finished checkpoint 631; GM failures=0; joint failures=0
17:08:19 finished checkpoint 628; GM failures=0; joint failures=0
17:08:19 finished checkpoint 630; GM failures=0; joint failures=0
17:08:19 finished checkpoint 632; GM failures=0; joint failures=0
17:08:20 finished checkpoint 633; GM failures=0; joint failures=0
17:08:20 finished checkpoint 634; GM failures=0; joint failures=0
17:08:20 finished checkpoint 638; GM failures=0; joint failures=0
17:08:20 finished checkpoint 636; GM failures=0; joint failures=0
17:08:20 finished checkpoint 637; GM failures=0; joint failures=0
17:08:20 finished checkpoint 635; GM failures=0; joint failures=0
17:08:20 finished checkpoint 640; GM failures=0; joint failures=0
17:08:20 finished checkpoint 639; GM failures=0; joint failures=0
17:08:20 finished checkpoint 641; GM failures=0; joint failures=0
17:08:20 finished checkpoint 642; GM failures=0; joint failures=0
17:08:20 finished checkpoint 643; GM failures=0; joint failures=0
17:08:20 finished checkpoint 644; GM failures=0; joint failures=0
17:08:2017:08:20 finished checkpoint  finished checkpoint 647646; GM failures=; GM failures=00; joint failures=; joint failures=00

17:08:20 finished checkpoint 648; GM failures=0; joint failures=0
17:08:20 finished checkpoint 649; GM failures=0; joint failures=17:08:20 finished checkpoint 0654
; GM failures=0; joint failures=0
17:08:2017:08:20 finished checkpoint  finished checkpoint 650651; GM failures=; GM failures=00; joint failures=; joint failures=00

17:08:20 finished checkpoint 645; GM failures=0; joint failures=0
17:08:20 finished checkpoint 652; GM failures=0; joint failures=0
17:08:20 finished checkpoint 655; GM failures=0; joint failures=0
17:08:20 finished checkpoint 653; GM failures=0; joint failures=0
17:08:20 finished checkpoint 656; GM failures=0; joint failures=0
17:08:20 finished checkpoint 658; GM failures=0; joint failures=0
17:08:20 finished checkpoint 661; GM failures=0; joint failures=0
17:08:20 finished checkpoint 663; GM failures=0; joint failures=17:08:2017:08:200 finished checkpoint 
 finished checkpoint 664662; GM failures=; GM failures=0; joint failures=00; joint failures=
0
17:08:2017:08:20 finished checkpoint  finished checkpoint 657659; GM failures=; GM failures=00; joint failures=; joint failures=00

17:08:20 finished checkpoint 660; GM failures=0; joint failures=0
17:08:20 finished checkpoint 665; GM failures=0; joint failures=0
17:08:20 finished checkpoint 666; GM failures=0; joint failures=0
17:08:20 finished checkpoint 667; GM failures=0; joint failures=0
17:08:20 finished checkpoint 668; GM failures=0; joint failures=0
17:08:20 finished checkpoint 669; GM failures=0; joint failures=0
17:08:20 finished checkpoint 671; GM failures=0; joint failures=0
17:08:20 finished checkpoint 670; GM failures=0; joint failures=0
17:08:20 finished checkpoint 672; GM failures=0; joint failures=0
17:08:20 finished checkpoint 677; GM failures=1; joint failures=0
17:08:20 finished checkpoint 675; GM failures=0; joint failures=0
17:08:20 finished checkpoint 673; GM failures=0; joint failures=0
17:08:20 finished checkpoint 676; GM failures=017:08:20; joint failures= finished checkpoint 0674
; GM failures=0; joint failures=0
17:08:20 finished checkpoint 678; GM failures=0; joint failures=0
17:08:21 finished checkpoint 679; GM failures=0; joint failures=0
17:08:21 finished checkpoint 680; GM failures=0; joint failures=0
17:08:21 finished checkpoint 683; GM failures=0; joint failures=0
17:08:21 finished checkpoint 682; GM failures=0; joint failures=0
17:08:2117:08:21 finished checkpoint 684 finished checkpoint ; GM failures=6810; GM failures=; joint failures=00; joint failures=
0
17:08:21 finished checkpoint 686; GM failures=0; joint failures=0
17:08:21 finished checkpoint 687; GM failures=0; joint failures=0
17:08:21 finished checkpoint 685; GM failures=0; joint failures=0
17:08:21 finished checkpoint 689; GM failures=0; joint failures=0
17:08:2117:08:21 finished checkpoint 690; GM failures=0; joint failures=0
 finished checkpoint 688; GM failures=0; joint failures=0
17:08:21 finished checkpoint 691; GM failures=0; joint failures=0
17:08:21 finished checkpoint 692; GM failures=0; joint failures=0
17:08:21 finished checkpoint 696; GM failures=0; joint failures=0
17:08:21 finished checkpoint 693; GM failures=0; joint failures=0
17:08:21 finished checkpoint 695; GM failures=0; joint failures=0
17:08:21 finished checkpoint 694; GM failures=0; joint failures=0
17:08:21 finished checkpoint 697; GM failures=0; joint failures=0
17:08:21 finished checkpoint 698; GM failures=0; joint failures=0
17:08:21 finished checkpoint 699; GM failures=0; joint failures=0
17:08:21 finished checkpoint 700; GM failures=0; joint failures=0
17:08:21 finished checkpoint 702; GM failures=0; joint failures=0
17:08:21 finished checkpoint 701; GM failures=0; joint failures=0
17:08:21 finished checkpoint 703; GM failures=0; joint failures=0
17:08:21 finished checkpoint 704; GM failures=0; joint failures=0
17:08:21 finished checkpoint 705; GM failures=0; joint failures=0
17:08:21 finished checkpoint 707; GM failures=0; joint failures=0
17:08:21 finished checkpoint 708; GM failures=0; joint failures=0
17:08:21 finished checkpoint 709; GM failures=0; joint failures=0
17:08:21 finished checkpoint 706; GM failures=0; joint failures=0
17:08:21 finished checkpoint 710; GM failures=0; joint failures=0
17:08:21 finished checkpoint 712; GM failures=0; joint failures=0
17:08:21 finished checkpoint 711; GM failures=0; joint failures=0
17:08:21 finished checkpoint 713; GM failures=0; joint failures=0
17:08:21 finished checkpoint 714; GM failures=0; joint failures=0
17:08:21 finished checkpoint 716; GM failures=0; joint failures=0
17:08:22 finished checkpoint 715; GM failures=0; joint failures=0
17:08:22 finished checkpoint 717; GM failures=0; joint failures=0
17:08:22 finished checkpoint 720; GM failures=0; joint failures=0
17:08:22 finished checkpoint 718; GM failures=0; joint failures=0
17:08:22 finished checkpoint 719; GM failures=0; joint failures=0
17:08:22 finished checkpoint 722; GM failures=0; joint failures=0
17:08:22 finished checkpoint 721; GM failures=0; joint failures=0
17:08:22 finished checkpoint 725; GM failures=0; joint failures=0
17:08:22 finished checkpoint 724; GM failures=0; joint failures=0
17:08:2217:08:22 finished checkpoint  finished checkpoint 726723; GM failures=; GM failures=00; joint failures=; joint failures=00

17:08:22 finished checkpoint 728; GM failures=0; joint failures=0
17:08:22 finished checkpoint 727; GM failures=0; joint failures=0
17:08:22 finished checkpoint 729; GM failures=0; joint failures=0
17:08:22 finished checkpoint 731; GM failures=0; joint failures=0
17:08:22 finished checkpoint 733; GM failures=0; joint failures=0
17:08:22 finished checkpoint 732; GM failures=0; joint failures=0
17:08:22 finished checkpoint 730; GM failures=0; joint failures=0
17:08:22 finished checkpoint 734; GM failures=0; joint failures=0
17:08:22 finished checkpoint 735; GM failures=0; joint failures=0
17:08:22 finished checkpoint 736; GM failures=0; joint failures=0
17:08:22 finished checkpoint 738; GM failures=0; joint failures=0
17:08:22 finished checkpoint 737; GM failures=0; joint failures=0
17:08:22 finished checkpoint 739; GM failures=0; joint failures=0
17:08:22 finished checkpoint 740; GM failures=0; joint failures=0
17:08:22 finished checkpoint 744; GM failures=0; joint failures=0
17:08:22 finished checkpoint 743; GM failures=0; joint failures=0
17:08:22 finished checkpoint 741; GM failures=0; joint failures=0
17:08:22 finished checkpoint 745; GM failures=1; joint failures=0
17:08:22 finished checkpoint 742; GM failures=0; joint failures=0
17:08:22 finished checkpoint 747; GM failures=0; joint failures=0
17:08:22 finished checkpoint 746; GM failures=0; joint failures=0
17:08:22 finished checkpoint 748; GM failures=0; joint failures=0
17:08:22 finished checkpoint 749; GM failures=0; joint failures=0
17:08:22 finished checkpoint 750; GM failures=0; joint failures=0
17:08:22 finished checkpoint 752; GM failures=0; joint failures=0
17:08:22 finished checkpoint 751; GM failures=0; joint failures=0
17:08:22 finished checkpoint 755; GM failures=0; joint failures=0
17:08:22 finished checkpoint 754; GM failures=0; joint failures=0
17:08:22 finished checkpoint 753; GM failures=0; joint failures=0
17:08:22 finished checkpoint 757; GM failures=0; joint failures=0
17:08:22 finished checkpoint 756; GM failures=0; joint failures=0
17:08:22 finished checkpoint 758; GM failures=1; joint failures=0
17:08:23 finished checkpoint 760; GM failures=0; joint failures=0
17:08:23 finished checkpoint 759; GM failures=0; joint failures=0
17:08:23 finished checkpoint 761; GM failures=0; joint failures=0
17:08:23 finished checkpoint 762; GM failures=0; joint failures=0
17:08:23 finished checkpoint 764; GM failures=0; joint failures=0
17:08:23 finished checkpoint 763; GM failures=0; joint failures=0
17:08:23 finished checkpoint 765; GM failures=1; joint failures=0
17:08:23 finished checkpoint 766; GM failures=0; joint failures=0
17:08:23 finished checkpoint 767; GM failures=0; joint failures=0
17:08:23 finished checkpoint 769; GM failures=0; joint failures=0
17:08:23 finished checkpoint 768; GM failures=0; joint failures=0
17:08:23 finished checkpoint 770; GM failures=0; joint failures=0
17:08:23 finished checkpoint 771; GM failures=0; joint failures=0
17:08:23 finished checkpoint 772; GM failures=0; joint failures=0
17:08:23 finished checkpoint 773; GM failures=0; joint failures=0
17:08:23 finished checkpoint 776; GM failures=0; joint failures=0
17:08:23 finished checkpoint 775; GM failures=0; joint failures=0
17:08:23 finished checkpoint 777; GM failures=0; joint failures=0
17:08:23 finished checkpoint 774; GM failures=0; joint failures=0
17:08:23 finished checkpoint 779; GM failures=0; joint failures=0
17:08:23 finished checkpoint 778; GM failures=0; joint failures=0
17:08:23 finished checkpoint 780; GM failures=0; joint failures=0
17:08:23 finished checkpoint 781; GM failures=0; joint failures=0
17:08:23 finished checkpoint 782; GM failures=0; joint failures=0
17:08:23 finished checkpoint 783; GM failures=0; joint failures=0
17:08:23 finished checkpoint 784; GM failures=0; joint failures=0
17:08:23 finished checkpoint 785; GM failures=0; joint failures=0
17:08:23 finished checkpoint 786; GM failures=0; joint failures=0
17:08:23 finished checkpoint 788; GM failures=0; joint failures=0
17:08:23 finished checkpoint 789; GM failures=0; joint failures=0
17:08:23 finished checkpoint 787; GM failures=0; joint failures=0
17:08:23 finished checkpoint 791; GM failures=0; joint failures=0
17:08:23 finished checkpoint 792; GM failures=0; joint failures=0
17:08:23 finished checkpoint 793; GM failures=0; joint failures=0
17:08:23 finished checkpoint 790; GM failures=0; joint failures=0
17:08:23 finished checkpoint 794; GM failures=0; joint failures=0
17:08:23 finished checkpoint 796; GM failures=1; joint failures=0
17:08:23 finished checkpoint 795; GM failures=0; joint failures=0
17:08:23 finished checkpoint 797; GM failures=0; joint failures=0
17:08:23 finished checkpoint 798; GM failures=0; joint failures=0
17:08:23 finished checkpoint 801; GM failures=0; joint failures=0
17:08:23 finished checkpoint 799; GM failures=0; joint failures=0
17:08:23 finished checkpoint 803; GM failures=0; joint failures=0
17:08:23 finished checkpoint 800; GM failures=0; joint failures=0
17:08:23 finished checkpoint 805; GM failures=0; joint failures=0
17:08:23 finished checkpoint 802; GM failures=0; joint failures=0
17:08:24 finished checkpoint 804; GM failures=0; joint failures=0
17:08:24 finished checkpoint 806; GM failures=0; joint failures=0
17:08:24 finished checkpoint 808; GM failures=0; joint failures=0
17:08:24 finished checkpoint 807; GM failures=0; joint failures=0
17:08:24 finished checkpoint 809; GM failures=0; joint failures=0
17:08:24 finished checkpoint 810; GM failures=0; joint failures=0
17:08:24 finished checkpoint 811; GM failures=0; joint failures=0
17:08:2417:08:24 finished checkpoint  finished checkpoint 812814; GM failures=; GM failures=00; joint failures=; joint failures=00

17:08:24 finished checkpoint 813; GM failures=0; joint failures=0
17:08:24 finished checkpoint 816; GM failures=0; joint failures=0
17:08:24 finished checkpoint 815; GM failures=0; joint failures=0
17:08:24 finished checkpoint 817; GM failures=0; joint failures=0
17:08:24 finished checkpoint 818; GM failures=0; joint failures=0
17:08:24 finished checkpoint 819; GM failures=0; joint failures=0
17:08:24 finished checkpoint 820; GM failures=0; joint failures=0
17:08:24 finished checkpoint 821; GM failures=0; joint failures=0
17:08:24 finished checkpoint 822; GM failures=0; joint failures=0
17:08:24 finished checkpoint 824; GM failures=0; joint failures=0
17:08:24 finished checkpoint 825; GM failures=0; joint failures=0
17:08:24 finished checkpoint 823; GM failures=0; joint failures=0
17:08:24 finished checkpoint 826; GM failures=0; joint failures=0
17:08:24 finished checkpoint 827; GM failures=0; joint failures=0
17:08:24 finished checkpoint 828; GM failures=0; joint failures=0
17:08:24 finished checkpoint 829; GM failures=0; joint failures=0
17:08:24 finished checkpoint 831; GM failures=0; joint failures=0
17:08:24 finished checkpoint 832; GM failures=0; joint failures=0
17:08:24 finished checkpoint 830; GM failures=0; joint failures=0
17:08:2417:08:24 finished checkpoint  finished checkpoint 834833; GM failures=; GM failures=00; joint failures=; joint failures=00

17:08:24 finished checkpoint 835; GM failures=0; joint failures=0
17:08:24 finished checkpoint 17:08:24836 finished checkpoint ; GM failures=8380; GM failures=; joint failures=00; joint failures=
0
17:08:24 finished checkpoint 837; GM failures=0; joint failures=0
17:08:24 finished checkpoint 840; GM failures=0; joint failures=0
17:08:24 finished checkpoint 839; GM failures=0; joint failures=0
17:08:24 finished checkpoint 841; GM failures=0; joint failures=0
17:08:24 finished checkpoint 844; GM failures=0; joint failures=0
17:08:24 finished checkpoint 842; GM failures=0; joint failures=0
17:08:24 finished checkpoint 843; GM failures=0; joint failures=0
17:08:24 finished checkpoint 845; GM failures=0; joint failures=0
17:08:24 finished checkpoint 846; GM failures=0; joint failures=0
17:08:24 finished checkpoint 847; GM failures=0; joint failures=0
17:08:24 finished checkpoint 848; GM failures=0; joint failures=0
17:08:24 finished checkpoint 850; GM failures=0; joint failures=0
17:08:24 finished checkpoint 849; GM failures=0; joint failures=0
17:08:24 finished checkpoint 852; GM failures=0; joint failures=0
17:08:24 finished checkpoint 851; GM failures=0; joint failures=0
17:08:24 finished checkpoint 853; GM failures=0; joint failures=0
17:08:24 finished checkpoint 854; GM failures=0; joint failures=0
17:08:24 finished checkpoint 856; GM failures=0; joint failures=0
17:08:24 finished checkpoint 855; GM failures=0; joint failures=0
17:08:25 finished checkpoint 858; GM failures=0; joint failures=0
17:08:25 finished checkpoint 857; GM failures=0; joint failures=0
17:08:25 finished checkpoint 859; GM failures=0; joint failures=0
17:08:25 finished checkpoint 860; GM failures=0; joint failures=0
17:08:25 finished checkpoint 862; GM failures=0; joint failures=0
17:08:25 finished checkpoint 861; GM failures=0; joint failures=0
17:08:25 finished checkpoint 863; GM failures=0; joint failures=0
17:08:25 finished checkpoint 866; GM failures=0; joint failures=0
17:08:25 finished checkpoint 865; GM failures=0; joint failures=0
17:08:25 finished checkpoint 864; GM failures=0; joint failures=0
17:08:25 finished checkpoint 867; GM failures=0; joint failures=0
17:08:25 finished checkpoint 868; GM failures=0; joint failures=0
17:08:25 finished checkpoint 869; GM failures=0; joint failures=0
17:08:25 finished checkpoint 870; GM failures=0; joint failures=0
17:08:25 finished checkpoint 871; GM failures=0; joint failures=0
17:08:25 finished checkpoint 872; GM failures=0; joint failures=0
17:08:25 finished checkpoint 873; GM failures=0; joint failures=0
17:08:25 finished checkpoint 874; GM failures=0; joint failures=0
17:08:25 finished checkpoint 875; GM failures=0; joint failures=0
17:08:25 finished checkpoint 876; GM failures=0; joint failures=0
17:08:25 finished checkpoint 877; GM failures=0; joint failures=0
17:08:25 finished checkpoint 878; GM failures=0; joint failures=0
17:08:25 finished checkpoint 879; GM failures=0; joint failures=0
17:08:25 finished checkpoint 882; GM failures=0; joint failures=0
17:08:25 finished checkpoint 881; GM failures=0; joint failures=0
17:08:25 finished checkpoint 883; GM failures=0; joint failures=0
17:08:25 finished checkpoint 880; GM failures=0; joint failures=0
17:08:25 finished checkpoint 884; GM failures=0; joint failures=0
17:08:25 finished checkpoint 885; GM failures=0; joint failures=0
17:08:25 finished checkpoint 886; GM failures=0; joint failures=0
17:08:25 finished checkpoint 887; GM failures=0; joint failures=0
17:08:25 finished checkpoint 888; GM failures=0; joint failures=0
17:08:25 finished checkpoint 891; GM failures=0; joint failures=0
17:08:25 finished checkpoint 889; GM failures=0; joint failures=0
17:08:25 finished checkpoint 890; GM failures=0; joint failures=0
17:08:25 finished checkpoint 892; GM failures=0; joint failures=0
17:08:25 finished checkpoint 893; GM failures=0; joint failures=0
17:08:25 finished checkpoint 895; GM failures=0; joint failures=0
17:08:25 finished checkpoint 894; GM failures=0; joint failures=0
17:08:25 finished checkpoint 896; GM failures=0; joint failures=0
17:08:25 finished checkpoint 898; GM failures=0; joint failures=0
17:08:25 finished checkpoint 897; GM failures=0; joint failures=0
17:08:25 finished checkpoint 899; GM failures=0; joint failures=0
17:08:25 finished checkpoint 900; GM failures=0; joint failures=0
17:08:25 finished checkpoint 902; GM failures=0; joint failures=0
17:08:25 finished checkpoint 901; GM failures=0; joint failures=0
17:08:25 finished checkpoint 903; GM failures=0; joint failures=0
17:08:25 finished checkpoint 905; GM failures=0; joint failures=0
17:08:25 finished checkpoint 904; GM failures=0; joint failures=0
17:08:25 finished checkpoint 908; GM failures=0; joint failures=0
17:08:25 finished checkpoint 906; GM failures=0; joint failures=0
17:08:25 finished checkpoint 907; GM failures=0; joint failures=0
17:08:25 finished checkpoint 909; GM failures=0; joint failures=0
17:08:26 finished checkpoint 910; GM failures=0; joint failures=0
17:08:26 finished checkpoint 911; GM failures=0; joint failures=0
17:08:26 finished checkpoint 912; GM failures=0; joint failures=0
17:08:26 finished checkpoint 913; GM failures=0; joint failures=0
17:08:26 finished checkpoint 914; GM failures=0; joint failures=0
17:08:26 finished checkpoint 915; GM failures=0; joint failures=0
17:08:26 finished checkpoint 916; GM failures=0; joint failures=0
17:08:26 finished checkpoint 917; GM failures=0; joint failures=0
17:08:26 finished checkpoint 918; GM failures=0; joint failures=0
17:08:26 finished checkpoint 919; GM failures=0; joint failures=0
17:08:26 finished checkpoint 920; GM failures=0; joint failures=0
17:08:26 finished checkpoint 921; GM failures=0; joint failures=0
17:08:26 finished checkpoint 924; GM failures=0; joint failures=0
17:08:26 finished checkpoint 923; GM failures=0; joint failures=0
17:08:26 finished checkpoint 922; GM failures=0; joint failures=0
17:08:26 finished checkpoint 926; GM failures=0; joint failures=0
17:08:26 finished checkpoint 925; GM failures=0; joint failures=0
17:08:26 finished checkpoint 927; GM failures=0; joint failures=0
17:08:26 finished checkpoint 929; GM failures=0; joint failures=0
17:08:26 finished checkpoint 930; GM failures=0; joint failures=0
17:08:26 finished checkpoint 928; GM failures=0; joint failures=0
17:08:26 finished checkpoint 931; GM failures=0; joint failures=0
17:08:26 finished checkpoint 932; GM failures=0; joint failures=0
17:08:26 finished checkpoint 935; GM failures=0; joint failures=0
17:08:26 finished checkpoint 934; GM failures=0; joint failures=0
17:08:26 finished checkpoint 933; GM failures=0; joint failures=0
17:08:26 finished checkpoint 936; GM failures=0; joint failures=0
17:08:26 finished checkpoint 938; GM failures=0; joint failures=0
17:08:26 finished checkpoint 937; GM failures=0; joint failures=0
17:08:26 finished checkpoint 940; GM failures=0; joint failures=0
17:08:26 finished checkpoint 939; GM failures=0; joint failures=0
17:08:26 finished checkpoint 941; GM failures=0; joint failures=0
17:08:26 finished checkpoint 944; GM failures=0; joint failures=0
17:08:2617:08:26 finished checkpoint  finished checkpoint 943942; GM failures=; GM failures=00; joint failures=; joint failures=00

17:08:26 finished checkpoint 946; GM failures=0; joint failures=0
17:08:26 finished checkpoint 945; GM failures=0; joint failures=0
17:08:26 finished checkpoint 948; GM failures=0; joint failures=0
17:08:26 finished checkpoint 947; GM failures=0; joint failures=0
17:08:26 finished checkpoint 952; GM failures=0; joint failures=0
17:08:26 finished checkpoint 950; GM failures=0; joint failures=0
17:08:26 finished checkpoint 949; GM failures=0; joint failures=0
17:08:26 finished checkpoint 951; GM failures=0; joint failures=0
17:08:26 finished checkpoint 953; GM failures=0; joint failures=0
17:08:26 finished checkpoint 956; GM failures=0; joint failures=0
17:08:26 finished checkpoint 955; GM failures=0; joint failures=0
17:08:26 finished checkpoint 954; GM failures=0; joint failures=0
17:08:26 finished checkpoint 958; GM failures=0; joint failures=0
17:08:27 finished checkpoint 957; GM failures=0; joint failures=0
17:08:27 finished checkpoint 959; GM failures=0; joint failures=0
17:08:27 finished checkpoint 960; GM failures=0; joint failures=0
17:08:27 finished checkpoint 961; GM failures=0; joint failures=0
17:08:27 finished checkpoint 962; GM failures=0; joint failures=0
17:08:27 finished checkpoint 963; GM failures=0; joint failures=0
17:08:27 finished checkpoint 964; GM failures=0; joint failures=0
17:08:27 finished checkpoint 965; GM failures=0; joint failures=0
17:08:27 finished checkpoint 968; GM failures=0; joint failures=0
17:08:27 finished checkpoint 966; GM failures=0; joint failures=0
17:08:27 finished checkpoint 967; GM failures=0; joint failures=0
17:08:27 finished checkpoint 969; GM failures=0; joint failures=0
17:08:27 finished checkpoint 970; GM failures=0; joint failures=0
17:08:27 finished checkpoint 971; GM failures=0; joint failures=0
17:08:27 finished checkpoint 972; GM failures=0; joint failures=0
17:08:27 finished checkpoint 973; GM failures=0; joint failures=0
17:08:27 finished checkpoint 975; GM failures=0; joint failures=0
17:08:27 finished checkpoint 974; GM failures=1; joint failures=0
17:08:27 finished checkpoint 976; GM failures=0; joint failures=0
17:08:27 finished checkpoint 978; GM failures=0; joint failures=0
17:08:27 finished checkpoint 977; GM failures=0; joint failures=0
17:08:27 finished checkpoint 979; GM failures=0; joint failures=0
17:08:27 finished checkpoint 980; GM failures=0; joint failures=0
17:08:27 finished checkpoint 981; GM failures=0; joint failures=0
17:08:27 finished checkpoint 982; GM failures=0; joint failures=0
17:08:27 finished checkpoint 983; GM failures=0; joint failures=0
17:08:27 finished checkpoint 984; GM failures=0; joint failures=0
17:08:27 finished checkpoint 985; GM failures=0; joint failures=0
17:08:27 finished checkpoint 986; GM failures=0; joint failures=0
17:08:27 finished checkpoint 987; GM failures=0; joint failures=0
17:08:27 finished checkpoint 988; GM failures=0; joint failures=0
17:08:27 finished checkpoint 990; GM failures=0; joint failures=0
17:08:27 finished checkpoint 989; GM failures=0; joint failures=0
17:08:27 finished checkpoint 991; GM failures=0; joint failures=0
17:08:27 finished checkpoint 992; GM failures=0; joint failures=0
17:08:27 finished checkpoint 993; GM failures=0; joint failures=0
17:08:27 finished checkpoint 994; GM failures=0; joint failures=0
17:08:27 finished checkpoint 995; GM failures=0; joint failures=0
17:08:27 finished checkpoint 996; GM failures=0; joint failures=0
17:08:27 finished checkpoint 998; GM failures=0; joint failures=0
17:08:27 finished checkpoint 997; GM failures=0; joint failures=0
17:08:27 finished checkpoint 999; GM failures=0; joint failures=0
17:08:27 finished checkpoint 1000; GM failures=0; joint failures=0
17:08:27 finished checkpoint 1001; GM failures=0; joint failures=0
17:08:27 finished checkpoint 1002; GM failures=0; joint failures=0
17:08:27 finished checkpoint 1003; GM failures=0; joint failures=0
17:08:27 finished checkpoint 1004; GM failures=0; joint failures=0
17:08:27 finished checkpoint 1006; GM failures=0; joint failures=0
17:08:27 finished checkpoint 1005; GM failures=0; joint failures=0
17:08:28 finished checkpoint 1007; GM failures=0; joint failures=0
17:08:28 finished checkpoint 1008; GM failures=0; joint failures=0
17:08:28 finished checkpoint 1009; GM failures=0; joint failures=0
17:08:28 finished checkpoint 1010; GM failures=0; joint failures=0
17:08:28 finished checkpoint 1011; GM failures=0; joint failures=0
17:08:28 finished checkpoint 1012; GM failures=0; joint failures=0
17:08:28 finished checkpoint 1013; GM failures=0; joint failures=0
17:08:28 finished checkpoint 1014; GM failures=0; joint failures=0
17:08:28 finished checkpoint 1015; GM failures=0; joint failures=0
17:08:28 finished checkpoint 1016; GM failures=0; joint failures=0
17:08:28 finished checkpoint 1017; GM failures=0; joint failures=0
17:08:28 finished checkpoint 1019; GM failures=0; joint failures=0
17:08:28 finished checkpoint 1018; GM failures=0; joint failures=0
17:08:28 finished checkpoint 1020; GM failures=0; joint failures=0
17:08:28 finished checkpoint 1021; GM failures=0; joint failures=0
17:08:28 finished checkpoint 1022; GM failures=0; joint failures=0
17:08:28 finished checkpoint 1023; GM failures=0; joint failures=0
17:08:28 finished checkpoint 1024; GM failures=0; joint failures=0
17:08:28 finished checkpoint 1025; GM failures=0; joint failures=0
17:08:28 finished checkpoint 1026; GM failures=0; joint failures=0
17:08:28 finished checkpoint 1027; GM failures=0; joint failures=0
17:08:28 finished checkpoint 1028; GM failures=0; joint failures=0
17:08:28 finished checkpoint 1029; GM failures=0; joint failures=0
17:08:28 finished checkpoint 1030; GM failures=0; joint failures=0
17:08:28 finished checkpoint 1032; GM failures=0; joint failures=0
17:08:28 finished checkpoint 1031; GM failures=0; joint failures=0
17:08:28 finished checkpoint 1033; GM failures=0; joint failures=0
17:08:28 finished checkpoint 1034; GM failures=0; joint failures=0
17:08:28 finished checkpoint 1035; GM failures=0; joint failures=0
17:08:28 finished checkpoint 1037; GM failures=0; joint failures=0
17:08:28 finished checkpoint 1036; GM failures=0; joint failures=0
17:08:28 finished checkpoint 1038; GM failures=0; joint failures=0
17:08:28 finished checkpoint 1040; GM failures=0; joint failures=0
17:08:28 finished checkpoint 1039; GM failures=0; joint failures=0
17:08:28 finished checkpoint 1042; GM failures=0; joint failures=0
17:08:28 finished checkpoint 1041; GM failures=0; joint failures=0
17:08:28 finished checkpoint 1044; GM failures=0; joint failures=0
17:08:28 finished checkpoint 1043; GM failures=0; joint failures=0
17:08:28 finished checkpoint 1045; GM failures=0; joint failures=0
17:08:28 finished checkpoint 1046; GM failures=0; joint failures=0
17:08:28 finished checkpoint 1047; GM failures=0; joint failures=0
17:08:28 finished checkpoint 1049; GM failures=0; joint failures=0
17:08:28 finished checkpoint 1048; GM failures=0; joint failures=0
17:08:29 finished checkpoint 1050; GM failures=0; joint failures=0
17:08:29 finished checkpoint 1051; GM failures=0; joint failures=0
17:08:29 finished checkpoint 1055; GM failures=0; joint failures=0
17:08:29 finished checkpoint 105317:08:29; GM failures= finished checkpoint 01052; joint failures=; GM failures=00
; joint failures=0
17:08:29 finished checkpoint 1054; GM failures=0; joint failures=0
17:08:29 finished checkpoint 1056; GM failures=0; joint failures=0
17:08:29 finished checkpoint 1057; GM failures=0; joint failures=0
17:08:29 finished checkpoint 1058; GM failures=0; joint failures=0
17:08:29 finished checkpoint 1059; GM failures=0; joint failures=0
17:08:29 finished checkpoint 1060; GM failures=0; joint failures=0
17:08:29 finished checkpoint 1061; GM failures=0; joint failures=0
17:08:29 finished checkpoint 1062; GM failures=0; joint failures=0
17:08:29 finished checkpoint 1066; GM failures=0; joint failures=0
17:08:29 finished checkpoint 1063; GM failures=0; joint failures=0
17:08:29 finished checkpoint 1065; GM failures=0; joint failures=0
17:08:29 finished checkpoint 1064; GM failures=0; joint failures=0
17:08:29 finished checkpoint 1067; GM failures=0; joint failures=0
17:08:29 finished checkpoint 1068; GM failures=0; joint failures=0
17:08:29 finished checkpoint 1069; GM failures=0; joint failures=0
17:08:29 finished checkpoint 1071; GM failures=0; joint failures=0
17:08:29 finished checkpoint 1070; GM failures=0; joint failures=0
17:08:29 finished checkpoint 1074; GM failures=0; joint failures=0
17:08:29 finished checkpoint 1072; GM failures=0; joint failures=0
17:08:29 finished checkpoint 1073; GM failures=0; joint failures=0
17:08:29 finished checkpoint 1076; GM failures=0; joint failures=0
17:08:29 finished checkpoint 1078; GM failures=0; joint failures=0
17:08:29 finished checkpoint 1075; GM failures=0; joint failures=0
17:08:29 finished checkpoint 1077; GM failures=0; joint failures=0
17:08:29 finished checkpoint 1079; GM failures=0; joint failures=0
17:08:29 finished checkpoint 1080; GM failures=0; joint failures=0
17:08:29 finished checkpoint 1081; GM failures=0; joint failures=0
17:08:29 finished checkpoint 1082; GM failures=0; joint failures=0
17:08:29 finished checkpoint 1086; GM failures=0; joint failures=0
17:08:29 finished checkpoint 1083; GM failures=0; joint failures=0
17:08:29 finished checkpoint 1084; GM failures=0; joint failures=0
17:08:29 finished checkpoint 1090; GM failures=1; joint failures=0
17:08:29 finished checkpoint 1085; GM failures=0; joint failures=0
17:08:29 finished checkpoint 1087; GM failures=0; joint failures=0
17:08:2917:08:29 finished checkpoint  finished checkpoint 10911088; GM failures=; GM failures=10; joint failures=; joint failures=00

17:08:29 finished checkpoint 1089; GM failures=0; joint failures=0
17:08:29 finished checkpoint 1092; GM failures=0; joint failures=0
17:08:29 finished checkpoint 1093; GM failures=0; joint failures=0
17:08:29 finished checkpoint 1094; GM failures=0; joint failures=0
17:08:3017:08:30 finished checkpoint  finished checkpoint 10951097; GM failures=; GM failures=00; joint failures=; joint failures=00

17:08:30 finished checkpoint 1096; GM failures=0; joint failures=0
17:08:30 finished checkpoint 1098; GM failures=0; joint failures=0
17:08:30 finished checkpoint 1100; GM failures=0; joint failures=0
17:08:30 finished checkpoint 1101; GM failures=0; joint failures=0
17:08:30 finished checkpoint 1102; GM failures=0; joint failures=0
17:08:30 finished checkpoint 1099; GM failures=0; joint failures=0
17:08:30 finished checkpoint 1103; GM failures=0; joint failures=0
17:08:30 finished checkpoint 1104; GM failures=0; joint failures=0
17:08:30 finished checkpoint 1105; GM failures=0; joint failures=0
17:08:30 finished checkpoint 1106; GM failures=0; joint failures=0
17:08:30 finished checkpoint 1108; GM failures=0; joint failures=0
17:08:30 finished checkpoint 1110; GM failures=0; joint failures=0
17:08:30 finished checkpoint 1109; GM failures=0; joint failures=0
17:08:30 finished checkpoint 1107; GM failures=0; joint failures=0
17:08:30 finished checkpoint 1111; GM failures=0; joint failures=0
17:08:30 finished checkpoint 1112; GM failures=0; joint failures=0
17:08:30 finished checkpoint 1114; GM failures=0; joint failures=0
17:08:30 finished checkpoint 1115; GM failures=0; joint failures=0
17:08:30 finished checkpoint 1113; GM failures=0; joint failures=0
17:08:30 finished checkpoint 1116; GM failures=0; joint failures=0
17:08:30 finished checkpoint 1118; GM failures=0; joint failures=0
17:08:30 finished checkpoint 1117; GM failures=0; joint failures=0
17:08:30 finished checkpoint 1120; GM failures=0; joint failures=0
17:08:3017:08:30 finished checkpoint  finished checkpoint 11191122; GM failures=; GM failures=00; joint failures=; joint failures=00

17:08:30 finished checkpoint 1121; GM failures=0; joint failures=0
17:08:30 finished checkpoint 1123; GM failures=0; joint failures=0
17:08:30 finished checkpoint 1124; GM failures=0; joint failures=0
17:08:30 finished checkpoint 1127; GM failures=0; joint failures=0
17:08:30 finished checkpoint 1126; GM failures=0; joint failures=0
17:08:30 finished checkpoint 1125; GM failures=0; joint failures=0
17:08:30 finished checkpoint 1128; GM failures=0; joint failures=0
17:08:30 finished checkpoint 1130; GM failures=0; joint failures=0
17:08:30 finished checkpoint 1129; GM failures=0; joint failures=0
17:08:30 finished checkpoint 1133; GM failures=0; joint failures=0
17:08:30 finished checkpoint 1132; GM failures=0; joint failures=0
17:08:30 finished checkpoint 1131; GM failures=0; joint failures=0
17:08:30 finished checkpoint 1134; GM failures=1; joint failures=0
17:08:30 finished checkpoint 1135; GM failures=0; joint failures=0
17:08:31 finished checkpoint 1137; GM failures=0; joint failures=0
17:08:31 finished checkpoint 1138; GM failures=0; joint failures=0
17:08:31 finished checkpoint 1136; GM failures=0; joint failures=0
17:08:31 finished checkpoint 1139; GM failures=0; joint failures=0
17:08:31 finished checkpoint 1141; GM failures=1; joint failures=0
17:08:31 finished checkpoint 1140; GM failures=0; joint failures=0
17:08:31 finished checkpoint 1143; GM failures=0; joint failures=0
17:08:31 finished checkpoint 1142; GM failures=0; joint failures=0
17:08:31 finished checkpoint 1145; GM failures=0; joint failures=0
17:08:31 finished checkpoint 1147; GM failures=1; joint failures=0
17:08:31 finished checkpoint 1144; GM failures=0; joint failures=0
17:08:31 finished checkpoint 1148; GM failures=0; joint failures=0
17:08:31 finished checkpoint 1146; GM failures=0; joint failures=0
17:08:31 finished checkpoint 1150; GM failures=0; joint failures=0
17:08:31 finished checkpoint 1149; GM failures=0; joint failures=0
17:08:31 finished checkpoint 1151; GM failures=0; joint failures=0
17:08:31 finished checkpoint 1153; GM failures=0; joint failures=0
17:08:31 finished checkpoint 1152; GM failures=0; joint failures=0
17:08:31 finished checkpoint 1154; GM failures=0; joint failures=0
17:08:31 finished checkpoint 1155; GM failures=0; joint failures=0
17:08:31 finished checkpoint 1156; GM failures=0; joint failures=0
17:08:31 finished checkpoint 1158; GM failures=0; joint failures=0
17:08:31 finished checkpoint 1160; GM failures=0; joint failures=0
17:08:31 finished checkpoint 1157; GM failures=0; joint failures=0
17:08:31 finished checkpoint 1159; GM failures=0; joint failures=0
17:08:31 finished checkpoint 1162; GM failures=0; joint failures=0
17:08:31 finished checkpoint 1161; GM failures=0; joint failures=0
17:08:31 finished checkpoint 1163; GM failures=0; joint failures=0
17:08:31 finished checkpoint 1164; GM failures=0; joint failures=0
17:08:31 finished checkpoint 1167; GM failures=0; joint failures=0
17:08:31 finished checkpoint 1165; GM failures=0; joint failures=0
17:08:3117:08:31 finished checkpoint  finished checkpoint 11661168; GM failures=; GM failures=10; joint failures=; joint failures=00

17:08:31 finished checkpoint 1171; GM failures=1; joint failures=0
17:08:31 finished checkpoint 1170; GM failures=0; joint failures=0
17:08:31 finished checkpoint 1169; GM failures=0; joint failures=0
17:08:32 finished checkpoint 1172; GM failures=1; joint failures=0
17:08:32 finished checkpoint 1174; GM failures=0; joint failures=0
17:08:32 finished checkpoint 1173; GM failures=0; joint failures=0
17:08:32 finished checkpoint 1175; GM failures=0; joint failures=0
17:08:32 finished checkpoint 1176; GM failures=0; joint failures=0
17:08:32 finished checkpoint 1177; GM failures=0; joint failures=0
17:08:32 finished checkpoint 1178; GM failures=1; joint failures=0
17:08:32 finished checkpoint 1179; GM failures=0; joint failures=0
17:08:3217:08:32 finished checkpoint  finished checkpoint 11811180; GM failures=; GM failures=00; joint failures=; joint failures=00

17:08:32 finished checkpoint 1183; GM failures=0; joint failures=0
17:08:32 finished checkpoint 1182; GM failures=0; joint failures=0
17:08:32 finished checkpoint 1186; GM failures=0; joint failures=0
17:08:32 finished checkpoint 1184; GM failures=0; joint failures=0
17:08:32 finished checkpoint 1185; GM failures=0; joint failures=0
17:08:32 finished checkpoint 1187; GM failures=0; joint failures=0
17:08:32 finished checkpoint 1189; GM failures=0; joint failures=0
17:08:32 finished checkpoint 1188; GM failures=0; joint failures=0
17:08:32 finished checkpoint 1190; GM failures=0; joint failures=0
17:08:32 finished checkpoint 1191; GM failures=0; joint failures=0
17:08:32 finished checkpoint 1193; GM failures=0; joint failures=0
17:08:32 finished checkpoint 1192; GM failures=0; joint failures=0
17:08:32 finished checkpoint 1194; GM failures=0; joint failures=0
17:08:32 finished checkpoint 1196; GM failures=0; joint failures=0
17:08:32 finished checkpoint 1195; GM failures=0; joint failures=0
17:08:32 finished checkpoint 1198; GM failures=0; joint failures=0
17:08:32 finished checkpoint 1197; GM failures=0; joint failures=0
17:08:32 finished checkpoint 1201; GM failures=0; joint failures=0
17:08:32 finished checkpoint 1202; GM failures=0; joint failures=0
17:08:32 finished checkpoint 1208; GM failures=0; joint failures=0
17:08:32 finished checkpoint 1199; GM failures=0; joint failures=0
17:08:32 finished checkpoint 1204; GM failures=0; joint failures=0
17:08:32 finished checkpoint 1200; GM failures=0; joint failures=0
17:08:32 finished checkpoint 1206; GM failures=0; joint failures=0
17:08:3217:08:32 finished checkpoint  finished checkpoint 12071203; GM failures=; GM failures=17:08:320 finished checkpoint 0; joint failures=; joint failures=12050; GM failures=0
0
; joint failures=0
17:08:32 finished checkpoint 1209; GM failures=0; joint failures=0
17:08:32 finished checkpoint 1210; GM failures=0; joint failures=0
17:08:32 finished checkpoint 1211; GM failures=0; joint failures=0
17:08:33 finished checkpoint 1212; GM failures=0; joint failures=0
17:08:33 finished checkpoint 1219; GM failures=0; joint failures=0
17:08:33 finished checkpoint 1213; GM failures=0; joint failures=0
17:08:33 finished checkpoint 1214; GM failures=0; joint failures=0
17:08:33 finished checkpoint 1215; GM failures=0; joint failures=0
17:08:33 finished checkpoint 1216; GM failures=0; joint failures=0
17:08:33 finished checkpoint 1218; GM failures=0; joint failures=0
17:08:33 finished checkpoint 1217; GM failures=0; joint failures=0
17:08:33 finished checkpoint 1220; GM failures=0; joint failures=0
17:08:33 finished checkpoint 1221; GM failures=0; joint failures=0
17:08:33 finished checkpoint 1222; GM failures=0; joint failures=0
17:08:3317:08:33 finished checkpoint  finished checkpoint 12231225; GM failures=; GM failures=00; joint failures=; joint failures=00

17:08:33 finished checkpoint 1226; GM failures=0; joint failures=0
17:08:33 finished checkpoint 1224; GM failures=0; joint failures=0
17:08:33 finished checkpoint 1227; GM failures=0; joint failures=0
17:08:33 finished checkpoint 1229; GM failures=0; joint failures=0
17:08:33 finished checkpoint 1228; GM failures=0; joint failures=0
17:08:33 finished checkpoint 1230; GM failures=0; joint failures=0
17:08:33 finished checkpoint 1232; GM failures=0; joint failures=0
17:08:33 finished checkpoint 1231; GM failures=0; joint failures=0
17:08:33 finished checkpoint 1234; GM failures=0; joint failures=0
17:08:33 finished checkpoint 1233; GM failures=0; joint failures=0
17:08:33 finished checkpoint 1235; GM failures=0; joint failures=0
17:08:33 finished checkpoint 1239; GM failures=0; joint failures=0
17:08:33 finished checkpoint 1240; GM failures=0; joint failures=0
17:08:33 finished checkpoint 1238; GM failures=0; joint failures=0
17:08:33 finished checkpoint 1237; GM failures=0; joint failures=0
17:08:33 finished checkpoint 1236; GM failures=0; joint failures=0
17:08:33 finished checkpoint 1242; GM failures=0; joint failures=0
17:08:33 finished checkpoint 1241; GM failures=0; joint failures=0
17:08:33 finished checkpoint 1243; GM failures=0; joint failures=0
17:08:33 finished checkpoint 1244; GM failures=0; joint failures=0
17:08:33 finished checkpoint 1245; GM failures=0; joint failures=0
17:08:33 finished checkpoint 1246; GM failures=0; joint failures=0
17:08:33 finished checkpoint 1247; GM failures=0; joint failures=0
17:08:33 finished checkpoint 1248; GM failures=0; joint failures=0
17:08:33 finished checkpoint 1250; GM failures=0; joint failures=0
17:08:33 finished checkpoint 1249; GM failures=0; joint failures=0
17:08:33 finished checkpoint 1252; GM failures=0; joint failures=0
17:08:33 finished checkpoint 1251; GM failures=0; joint failures=0
17:08:33 finished checkpoint 1254; GM failures=0; joint failures=0
17:08:33 finished checkpoint 1257; GM failures=0; joint failures=0
17:08:33 finished checkpoint 1256; GM failures=0; joint failures=0
17:08:33 finished checkpoint 1255; GM failures=0; joint failures=0
17:08:33 finished checkpoint 1253; GM failures=0; joint failures=0
17:08:33 finished checkpoint 1258; GM failures=0; joint failures=0
17:08:33 finished checkpoint 1260; GM failures=0; joint failures=0
17:08:33 finished checkpoint 1259; GM failures=0; joint failures=0
17:08:33 finished checkpoint 1261; GM failures=0; joint failures=0
17:08:33 finished checkpoint 1262; GM failures=0; joint failures=0
17:08:34 finished checkpoint 1264; GM failures=0; joint failures=0
17:08:34 finished checkpoint 1265; GM failures=0; joint failures=0
17:08:34 finished checkpoint 1263; GM failures=0; joint failures=0
17:08:34 finished checkpoint 1267; GM failures=0; joint failures=0
17:08:34 finished checkpoint 1268; GM failures=0; joint failures=0
17:08:34 finished checkpoint 1266; GM failures=0; joint failures=0
17:08:34 finished checkpoint 1269; GM failures=0; joint failures=0
17:08:34 finished checkpoint 1270; GM failures=0; joint failures=0
17:08:34 finished checkpoint 1271; GM failures=0; joint failures=0
17:08:34 finished checkpoint 1273; GM failures=0; joint failures=0
17:08:34 finished checkpoint 1272; GM failures=0; joint failures=0
17:08:34 finished checkpoint 1277; GM failures=0; joint failures=0
17:08:34 finished checkpoint 1276; GM failures=0; joint failures=0
17:08:34 finished checkpoint 1274; GM failures=0; joint failures=0
17:08:34 finished checkpoint 1275; GM failures=0; joint failures=0
17:08:34 finished checkpoint 1279; GM failures=0; joint failures=0
17:08:34 finished checkpoint 1280; GM failures=0; joint failures=0
17:08:34 finished checkpoint 1282; GM failures=0; joint failures=0
17:08:34 finished checkpoint 1281; GM failures=0; joint failures=0
17:08:34 finished checkpoint 1278; GM failures=0; joint failures=0
17:08:34 finished checkpoint 1283; GM failures=0; joint failures=0
17:08:34 finished checkpoint 1284; GM failures=0; joint failures=0
17:08:34 finished checkpoint 1285; GM failures=0; joint failures=0
17:08:34 finished checkpoint 1286; GM failures=0; joint failures=0
17:08:34 finished checkpoint 1288; GM failures=0; joint failures=0
17:08:34 finished checkpoint 1287; GM failures=0; joint failures=0
17:08:34 finished checkpoint 1290; GM failures=0; joint failures=0
17:08:34 finished checkpoint 1289; GM failures=0; joint failures=0
17:08:34 finished checkpoint 1291; GM failures=0; joint failures=0
17:08:34 finished checkpoint 1292; GM failures=0; joint failures=0
17:08:34 finished checkpoint 1293; GM failures=0; joint failures=0
17:08:34 finished checkpoint 1294; GM failures=0; joint failures=0
17:08:34 finished checkpoint 1295; GM failures=0; joint failures=0
17:08:34 finished checkpoint 1297; GM failures=0; joint failures=0
17:08:34 finished checkpoint 1296; GM failures=0; joint failures=0
17:08:34 finished checkpoint 1298; GM failures=0; joint failures=0
17:08:34 finished checkpoint 1299; GM failures=0; joint failures=0
17:08:34 finished checkpoint 1300; GM failures=0; joint failures=0
17:08:34 finished checkpoint 1301; GM failures=0; joint failures=0
17:08:34 finished checkpoint 1302; GM failures=0; joint failures=0
17:08:34 finished checkpoint 1304; GM failures=0; joint failures=0
17:08:34 finished checkpoint 1303; GM failures=0; joint failures=0
17:08:34 finished checkpoint 1306; GM failures=0; joint failures=0
17:08:34 finished checkpoint 1305; GM failures=0; joint failures=0
17:08:34 finished checkpoint 1307; GM failures=0; joint failures=0
17:08:34 finished checkpoint 1308; GM failures=0; joint failures=0
17:08:34 finished checkpoint 1309; GM failures=0; joint failures=0
17:08:35 finished checkpoint 1310; GM failures=0; joint failures=0
17:08:3517:08:35 finished checkpoint  finished checkpoint 13121311; GM failures=; GM failures=01; joint failures=; joint failures=00

17:08:35 finished checkpoint 1314; GM failures=0; joint failures=0
17:08:35 finished checkpoint 1317; GM failures=0; joint failures=0
17:08:35 finished checkpoint 1313; GM failures=0; joint failures=0
17:08:35 finished checkpoint 1318; GM failures=0; joint failures=0
17:08:35 finished checkpoint 1316; GM failures=0; joint failures=0
17:08:35 finished checkpoint 1315; GM failures=0; joint failures=0
17:08:35 finished checkpoint 1319; GM failures=0; joint failures=0
17:08:35 finished checkpoint 1320; GM failures=0; joint failures=0
17:08:35 finished checkpoint 1321; GM failures=0; joint failures=0
17:08:35 finished checkpoint 1322; GM failures=0; joint failures=0
17:08:35 finished checkpoint 1323; GM failures=0; joint failures=0
17:08:35 finished checkpoint 1324; GM failures=0; joint failures=0
17:08:35 finished checkpoint 1325; GM failures=0; joint failures=0
17:08:35 finished checkpoint 1328; GM failures=0; joint failures=0
17:08:35 finished checkpoint 1327; GM failures=0; joint failures=0
17:08:35 finished checkpoint 1326; GM failures=0; joint failures=0
17:08:35 finished checkpoint 1330; GM failures=0; joint failures=0
17:08:35 finished checkpoint 1329; GM failures=0; joint failures=0
17:08:35 finished checkpoint 1331; GM failures=0; joint failures=0
17:08:35 finished checkpoint 1335; GM failures=0; joint failures=0
17:08:35 finished checkpoint 1334; GM failures=0; joint failures=0
17:08:35 finished checkpoint 1332; GM failures=0; joint failures=0
17:08:35 finished checkpoint 1333; GM failures=0; joint failures=0
17:08:35 finished checkpoint 1338; GM failures=0; joint failures=0
17:08:35 finished checkpoint 1337; GM failures=0; joint failures=0
17:08:35 finished checkpoint 1336; GM failures=0; joint failures=0
17:08:35 finished checkpoint 1340; GM failures=0; joint failures=0
17:08:35 finished checkpoint 1341; GM failures=0; joint failures=0
17:08:35 finished checkpoint 1339; GM failures=0; joint failures=0
17:08:35 finished checkpoint 1342; GM failures=0; joint failures=0
17:08:35 finished checkpoint 1343; GM failures=0; joint failures=0
17:08:35 finished checkpoint 1344; GM failures=0; joint failures=0
17:08:35 finished checkpoint 1347; GM failures=0; joint failures=0
17:08:35 finished checkpoint 1346; GM failures=0; joint failures=0
17:08:35 finished checkpoint 1350; GM failures=0; joint failures=0
17:08:35 finished checkpoint 1345; GM failures=0; joint failures=0
17:08:35 finished checkpoint 1349; GM failures=0; joint failures=0
17:08:35 finished checkpoint 1348; GM failures=0; joint failures=0
17:08:35 finished checkpoint 1351; GM failures=0; joint failures=0
17:08:35 finished checkpoint 1352; GM failures=0; joint failures=0
17:08:35 finished checkpoint 1353; GM failures=0; joint failures=0
17:08:35 finished checkpoint 1354; GM failures=0; joint failures=0
17:08:36 finished checkpoint 1355; GM failures=0; joint failures=0
17:08:36 finished checkpoint 1357; GM failures=0; joint failures=0
17:08:36 finished checkpoint 1360; GM failures=0; joint failures=0
17:08:36 finished checkpoint 1356; GM failures=0; joint failures=0
17:08:36 finished checkpoint 1358; GM failures=0; joint failures=0
17:08:36 finished checkpoint 1359; GM failures=0; joint failures=0
17:08:36 finished checkpoint 1363; GM failures=0; joint failures=0
17:08:36 finished checkpoint 1362; GM failures=0; joint failures=0
17:08:36 finished checkpoint 1361; GM failures=0; joint failures=0
17:08:36 finished checkpoint 1364; GM failures=0; joint failures=0
17:08:36 finished checkpoint 1365; GM failures=0; joint failures=0
17:08:36 finished checkpoint 1366; GM failures=0; joint failures=0
17:08:36 finished checkpoint 1367; GM failures=0; joint failures=0
17:08:36 finished checkpoint 1373; GM failures=0; joint failures=0
17:08:36 finished checkpoint 1375; GM failures=0; joint failures=0
17:08:36 finished checkpoint 1369; GM failures=0; joint failures=0
17:08:36 finished checkpoint 1371; GM failures=0; joint failures=0
17:08:36 finished checkpoint 1372; GM failures=0; joint failures=0
17:08:36 finished checkpoint 1370; GM failures=0; joint failures=0
17:08:36 finished checkpoint 1368; GM failures=0; joint failures=0
17:08:36 finished checkpoint 1374; GM failures=0; joint failures=0
17:08:36 finished checkpoint 1376; GM failures=0; joint failures=0
17:08:36 finished checkpoint 1377; GM failures=0; joint failures=0
17:08:36 finished checkpoint 1378; GM failures=0; joint failures=0
17:08:36 finished checkpoint 1380; GM failures=0; joint failures=0
17:08:36 finished checkpoint 1384; GM failures=0; joint failures=0
17:08:36 finished checkpoint 1382; GM failures=0; joint failures=0
17:08:36 finished checkpoint 1381; GM failures=0; joint failures=0
17:08:36 finished checkpoint 1379; GM failures=0; joint failures=0
17:08:36 finished checkpoint 1385; GM failures=0; joint failures=0
17:08:36 finished checkpoint 1383; GM failures=0; joint failures=0
17:08:36 finished checkpoint 1386; GM failures=0; joint failures=0
17:08:36 finished checkpoint 1387; GM failures=0; joint failures=0
17:08:36 finished checkpoint 1388; GM failures=0; joint failures=0
17:08:36 finished checkpoint 1389; GM failures=0; joint failures=0
17:08:36 finished checkpoint 1390; GM failures=0; joint failures=0
17:08:36 finished checkpoint 1393; GM failures=0; joint failures=0
17:08:36 finished checkpoint 1391; GM failures=0; joint failures=0
17:08:36 finished checkpoint 1394; GM failures=0; joint failures=0
17:08:36 finished checkpoint 1392; GM failures=0; joint failures=0
17:08:36 finished checkpoint 1395; GM failures=0; joint failures=0
17:08:36 finished checkpoint 1396; GM failures=0; joint failures=0
17:08:36 finished checkpoint 1397; GM failures=0; joint failures=0
17:08:36 finished checkpoint 1398; GM failures=0; joint failures=0
17:08:36 finished checkpoint 1399; GM failures=0; joint failures=0
17:08:36 finished checkpoint 1400; GM failures=0; joint failures=0
17:08:36 finished checkpoint 1401; GM failures=0; joint failures=0
17:08:37 finished checkpoint 1402; GM failures=0; joint failures=0
17:08:37 finished checkpoint 1403; GM failures=0; joint failures=0
17:08:37 finished checkpoint 1405; GM failures=0; joint failures=0
17:08:37 finished checkpoint 1404; GM failures=0; joint failures=0
17:08:37 finished checkpoint 1408; GM failures=0; joint failures=0
17:08:37 finished checkpoint 1406; GM failures=1; joint failures=0
17:08:37 finished checkpoint 1407; GM failures=0; joint failures=0
17:08:37 finished checkpoint 1409; GM failures=0; joint failures=0
17:08:37 finished checkpoint 1410; GM failures=0; joint failures=0
17:08:37 finished checkpoint 1411; GM failures=0; joint failures=0
17:08:37 finished checkpoint 1412; GM failures=0; joint failures=0
17:08:37 finished checkpoint 1413; GM failures=0; joint failures=0
17:08:37 finished checkpoint 1416; GM failures=0; joint failures=0
17:08:37 finished checkpoint 1414; GM failures=017:08:37; joint failures= finished checkpoint 01415
; GM failures=0; joint failures=0
17:08:37 finished checkpoint 1417; GM failures=0; joint failures=0
17:08:37 finished checkpoint 1420; GM failures=0; joint failures=0
17:08:37 finished checkpoint 1419; GM failures=0; joint failures=0
17:08:37 finished checkpoint 1418; GM failures=0; joint failures=0
17:08:37 finished checkpoint 1422; GM failures=0; joint failures=0
17:08:37 finished checkpoint 1421; GM failures=0; joint failures=0
17:08:37 finished checkpoint 1424; GM failures=0; joint failures=0
17:08:37 finished checkpoint 1423; GM failures=0; joint failures=0
17:08:37 finished checkpoint 1425; GM failures=0; joint failures=0
17:08:37 finished checkpoint 1428; GM failures=0; joint failures=0
17:08:37 finished checkpoint 1426; GM failures=0; joint failures=0
17:08:37 finished checkpoint 1427; GM failures=0; joint failures=0
17:08:3717:08:37 finished checkpoint  finished checkpoint 14301434; GM failures=; GM failures=00; joint failures=; joint failures=017:08:370 finished checkpoint 
1432
; GM failures=0; joint failures=0
17:08:37 finished checkpoint 1429; GM failures=0; joint failures=0
17:08:37 finished checkpoint 1433; GM failures=1; joint failures=0
17:08:37 finished checkpoint 1431; GM failures=0; joint failures=0
17:08:37 finished checkpoint 1435; GM failures=0; joint failures=0
17:08:37 finished checkpoint 1436; GM failures=0; joint failures=0
17:08:37 finished checkpoint 1437; GM failures=0; joint failures=0
17:08:38 finished checkpoint 1439; GM failures=0; joint failures=0
17:08:38 finished checkpoint 1438; GM failures=0; joint failures=0
17:08:38 finished checkpoint 1440; GM failures=0; joint failures=0
17:08:38 finished checkpoint 1445; GM failures=0; joint failures=0
17:08:38 finished checkpoint 1444; GM failures=0; joint failures=0
17:08:38 finished checkpoint 1447; GM failures=0; joint failures=0
17:08:38 finished checkpoint 1448; GM failures=0; joint failures=0
17:08:38 finished checkpoint 1441; GM failures=0; joint failures=0
17:08:38 finished checkpoint 1446; GM failures=0; joint failures=0
17:08:38 finished checkpoint 1443; GM failures=0; joint failures=0
17:08:38 finished checkpoint 1442; GM failures=0; joint failures=0
17:08:38 finished checkpoint 1449; GM failures=0; joint failures=0
17:08:38 finished checkpoint 1452; GM failures=0; joint failures=0
17:08:38 finished checkpoint 1450; GM failures=0; joint failures=0
17:08:38 finished checkpoint 1453; GM failures=0; joint failures=0
17:08:38 finished checkpoint 1451; GM failures=0; joint failures=0
17:08:38 finished checkpoint 1456; GM failures=0; joint failures=0
17:08:38 finished checkpoint 1454; GM failures=0; joint failures=0
17:08:38 finished checkpoint 1460; GM failures=0; joint failures=0
17:08:38 finished checkpoint 1457; GM failures=0; joint failures=0
17:08:38 finished checkpoint 1455; GM failures=0; joint failures=0
17:08:38 finished checkpoint 1458; GM failures=0; joint failures=0
17:08:38 finished checkpoint 1459; GM failures=0; joint failures=0
17:08:38 finished checkpoint 1461; GM failures=0; joint failures=0
17:08:38 finished checkpoint 1462; GM failures=0; joint failures=0
17:08:38 finished checkpoint 1463; GM failures=0; joint failures=0
17:08:38 finished checkpoint 1464; GM failures=0; joint failures=0
17:08:38 finished checkpoint 1465; GM failures=1; joint failures=0
17:08:38 finished checkpoint 1467; GM failures=0; joint failures=0
17:08:38 finished checkpoint 1466; GM failures=0; joint failures=0
17:08:38 finished checkpoint 1472; GM failures=0; joint failures=0
17:08:38 finished checkpoint 1470; GM failures=0; joint failures=0
17:08:3817:08:38 finished checkpoint  finished checkpoint 14711469; GM failures=; GM failures=00; joint failures=; joint failures=00

17:08:38 finished checkpoint 1468; GM failures=0; joint failures=0
17:08:38 finished checkpoint 1473; GM failures=0; joint failures=0
17:08:38 finished checkpoint 1475; GM failures=0; joint failures=0
17:08:38 finished checkpoint 1474; GM failures=0; joint failures=0
17:08:39 finished checkpoint 1476; GM failures=0; joint failures=0
17:08:3917:08:39 finished checkpoint  finished checkpoint 14771478; GM failures=; GM failures=00; joint failures=; joint failures=00

17:08:39 finished checkpoint 1480; GM failures=0; joint failures=0
17:08:39 finished checkpoint 1479; GM failures=0; joint failures=0
17:08:39 finished checkpoint 1483; GM failures=0; joint failures=0
17:08:39 finished checkpoint 1484; GM failures=0; joint failures=0
17:08:39 finished checkpoint 1481; GM failures=0; joint failures=0
17:08:39 finished checkpoint 1482; GM failures=0; joint failures=0
17:08:39 finished checkpoint 1486; GM failures=0; joint failures=0
17:08:39 finished checkpoint 1487; GM failures=0; joint failures=0
17:08:39 finished checkpoint 1485; GM failures=0; joint failures=0
17:08:39 finished checkpoint 1488; GM failures=0; joint failures=0
17:08:39 finished checkpoint 1489; GM failures=0; joint failures=0
17:08:39 finished checkpoint 1491; GM failures=0; joint failures=0
17:08:39 finished checkpoint 1492; GM failures=0; joint failures=0
17:08:39 finished checkpoint 1490; GM failures=1; joint failures=0
17:08:39 finished checkpoint 1496; GM failures=0; joint failures=0
17:08:39 finished checkpoint 1493; GM failures=0; joint failures=0
17:08:39 finished checkpoint 1494; GM failures=1; joint failures=0
17:08:39 finished checkpoint 1495; GM failures=0; joint failures=0
17:08:39 finished checkpoint 1498; GM failures=0; joint failures=0
17:08:39 finished checkpoint 1499; GM failures=0; joint failures=0
17:08:39 finished checkpoint 1497; GM failures=0; joint failures=0
17:08:39 finished checkpoint 1500; GM failures=0; joint failures=0
17:08:39 finished checkpoint 1502; GM failures=0; joint failures=0
17:08:39 finished checkpoint 1501; GM failures=0; joint failures=0
17:08:39 finished checkpoint 1504; GM failures=0; joint failures=0
17:08:39 finished checkpoint 1503; GM failures=0; joint failures=0
17:08:39 finished checkpoint 1505; GM failures=0; joint failures=0
17:08:39 finished checkpoint 1506; GM failures=0; joint failures=0
17:08:39 finished checkpoint 1507; GM failures=0; joint failures=0
17:08:39 finished checkpoint 1508; GM failures=1; joint failures=0
17:08:39 finished checkpoint 1509; GM failures=0; joint failures=0
17:08:39 finished checkpoint 1510; GM failures=0; joint failures=0
17:08:39 finished checkpoint 1511; GM failures=0; joint failures=0
17:08:39 finished checkpoint 1512; GM failures=0; joint failures=0
17:08:39 finished checkpoint 1513; GM failures=0; joint failures=0
17:08:39 finished checkpoint 1514; GM failures=0; joint failures=0
17:08:39 finished checkpoint 1516; GM failures=0; joint failures=0
17:08:39 finished checkpoint 1515; GM failures=0; joint failures=0
17:08:40 finished checkpoint 1517; GM failures=0; joint failures=0
17:08:40 finished checkpoint 1518; GM failures=0; joint failures=0
17:08:40 finished checkpoint 1520; GM failures=1; joint failures=0
17:08:40 finished checkpoint 1519; GM failures=0; joint failures=0
17:08:40 finished checkpoint 1521; GM failures=0; joint failures=0
17:08:40 finished checkpoint 1523; GM failures=0; joint failures=0
17:08:40 finished checkpoint 1524; GM failures=0; joint failures=0
17:08:40 finished checkpoint 1522; GM failures=0; joint failures=0
17:08:40 finished checkpoint 1526; GM failures=0; joint failures=0
17:08:40 finished checkpoint 1525; GM failures=0; joint failures=0
17:08:40 finished checkpoint 1527; GM failures=0; joint failures=0
17:08:40 finished checkpoint 1528; GM failures=0; joint failures=0
17:08:40 finished checkpoint 1530; GM failures=0; joint failures=0
17:08:40 finished checkpoint 1529; GM failures=0; joint failures=0
17:08:40 finished checkpoint 1534; GM failures=0; joint failures=0
17:08:40 finished checkpoint 1531; GM failures=1; joint failures=0
17:08:40 finished checkpoint 1532; GM failures=0; joint failures=0
17:08:40 finished checkpoint 1533; GM failures=0; joint failures=0
17:08:40 finished checkpoint 1535; GM failures=0; joint failures=0
17:08:40 finished checkpoint 1536; GM failures=0; joint failures=0
17:08:40 finished checkpoint 1538; GM failures=0; joint failures=0
17:08:40 finished checkpoint 1541; GM failures=0; joint failures=0
17:08:40 finished checkpoint 1542; GM failures=0; joint failures=0
17:08:40 finished checkpoint 1537; GM failures=0; joint failures=0
17:08:40 finished checkpoint 1540; GM failures=0; joint failures=0
17:08:40 finished checkpoint 1539; GM failures=0; joint failures=0
17:08:40 finished checkpoint 1544; GM failures=0; joint failures=0
17:08:40 finished checkpoint 1543; GM failures=1; joint failures=0
17:08:40 finished checkpoint 1546; GM failures=0; joint failures=0
17:08:40 finished checkpoint 1545; GM failures=0; joint failures=0
17:08:40 finished checkpoint 1548; GM failures=0; joint failures=0
17:08:40 finished checkpoint 1550; GM failures=0; joint failures=0
17:08:40 finished checkpoint 1549; GM failures=0; joint failures=0
17:08:40 finished checkpoint 1547; GM failures=1; joint failures=0
17:08:40 finished checkpoint 1553; GM failures=0; joint failures=0
17:08:40 finished checkpoint 1551; GM failures=0; joint failures=0
17:08:40 finished checkpoint 1554; GM failures=0; joint failures=0
17:08:40 finished checkpoint 1552; GM failures=0; joint failures=0
17:08:41 finished checkpoint 1555; GM failures=0; joint failures=0
17:08:41 finished checkpoint 1556; GM failures=0; joint failures=0
17:08:41 finished checkpoint 1558; GM failures=0; joint failures=0
17:08:41 finished checkpoint 1560; GM failures=0; joint failures=0
17:08:41 finished checkpoint 1557; GM failures=0; joint failures=0
17:08:41 finished checkpoint 1559; GM failures=0; joint failures=0
17:08:41 finished checkpoint 1561; GM failures=0; joint failures=0
17:08:41 finished checkpoint 1566; GM failures=0; joint failures=0
17:08:41 finished checkpoint 1564; GM failures=0; joint failures=0
17:08:41 finished checkpoint 1565; GM failures=0; joint failures=0
17:08:41 finished checkpoint 1563; GM failures=0; joint failures=0
17:08:41 finished checkpoint 1562; GM failures=0; joint failures=0
17:08:41 finished checkpoint 1568; GM failures=0; joint failures=0
17:08:41 finished checkpoint 1567; GM failures=0; joint failures=0
17:08:41 finished checkpoint 1569; GM failures=0; joint failures=0
17:08:41 finished checkpoint 1570; GM failures=0; joint failures=0
17:08:41 finished checkpoint 1571; GM failures=0; joint failures=0
17:08:41 finished checkpoint 1575; GM failures=0; joint failures=0
17:08:41 finished checkpoint 1572; GM failures=0; joint failures=0
17:08:4117:08:41 finished checkpoint  finished checkpoint 15731574; GM failures=; GM failures=00; joint failures=; joint failures=00

17:08:41 finished checkpoint 1578; GM failures=0; joint failures=0
17:08:41 finished checkpoint 1576; GM failures=0; joint failures=0
17:08:41 finished checkpoint 1577; GM failures=0; joint failures=0
17:08:41 finished checkpoint 1580; GM failures=0; joint failures=0
17:08:41 finished checkpoint 1579; GM failures=0; joint failures=0
17:08:41 finished checkpoint 1581; GM failures=0; joint failures=0
17:08:41 finished checkpoint 1583; GM failures=0; joint failures=0
17:08:41 finished checkpoint 1582; GM failures=0; joint failures=0
17:08:41 finished checkpoint 1584; GM failures=1; joint failures=0
17:08:41 finished checkpoint 1585; GM failures=1; joint failures=0
17:08:41 finished checkpoint 1587; GM failures=0; joint failures=0
17:08:41 finished checkpoint 1588; GM failures=0; joint failures=0
17:08:41 finished checkpoint 1586; GM failures=0; joint failures=0
17:08:41 finished checkpoint 1589; GM failures=2; joint failures=0
17:08:42 finished checkpoint 1590; GM failures=0; joint failures=0
17:08:42 finished checkpoint 1591; GM failures=0; joint failures=0
17:08:42 finished checkpoint 1592; GM failures=0; joint failures=0
17:08:42 finished checkpoint 1593; GM failures=0; joint failures=0
17:08:42 finished checkpoint 1594; GM failures=0; joint failures=0
17:08:42 finished checkpoint 1596; GM failures=0; joint failures=0
17:08:42 finished checkpoint 1595; GM failures=0; joint failures=0
17:08:42 finished checkpoint 1601; GM failures=0; joint failures=0
17:08:42 finished checkpoint 1602; GM failures=0; joint failures=0
17:08:42 finished checkpoint 1597; GM failures=0; joint failures=0
17:08:42 finished checkpoint 1600; GM failures=0; joint failures=0
17:08:42 finished checkpoint 1598; GM failures=1; joint failures=0
17:08:42 finished checkpoint 1599; GM failures=0; joint failures=0
17:08:42 finished checkpoint 1603; GM failures=0; joint failures=0
17:08:42 finished checkpoint 1604; GM failures=0; joint failures=0
17:08:42 finished checkpoint 1605; GM failures=0; joint failures=0
17:08:42 finished checkpoint 1609; GM failures=0; joint failures=0
17:08:42 finished checkpoint 1608; GM failures=0; joint failures=0
17:08:42 finished checkpoint 1610; GM failures=0; joint failures=0
17:08:42 finished checkpoint 1606; GM failures=0; joint failures=0
17:08:42 finished checkpoint 1607; GM failures=0; joint failures=0
17:08:42 finished checkpoint 1611; GM failures=0; joint failures=0
17:08:42 finished checkpoint 1613; GM failures=0; joint failures=0
17:08:42 finished checkpoint 1612; GM failures=0; joint failures=0
17:08:42 finished checkpoint 1614; GM failures=0; joint failures=0
17:08:42 finished checkpoint 1615; GM failures=0; joint failures=0
17:08:42 finished checkpoint 1616; GM failures=0; joint failures=0
17:08:42 finished checkpoint 1617; GM failures=0; joint failures=0
17:08:42 finished checkpoint 1618; GM failures=0; joint failures=0
17:08:42 finished checkpoint 1619; GM failures=0; joint failures=0
17:08:42 finished checkpoint 1622; GM failures=0; joint failures=0
17:08:42 finished checkpoint 1620; GM failures=0; joint failures=0
17:08:42 finished checkpoint 1624; GM failures=0; joint failures=0
17:08:42 finished checkpoint 1621; GM failures=0; joint failures=0
17:08:42 finished checkpoint 1623; GM failures=0; joint failures=0
17:08:42 finished checkpoint 1625; GM failures=0; joint failures=0
17:08:42 finished checkpoint 1627; GM failures=0; joint failures=0
17:08:42 finished checkpoint 1626; GM failures=0; joint failures=0
17:08:42 finished checkpoint 1628; GM failures=0; joint failures=0
17:08:42 finished checkpoint 1629; GM failures=0; joint failures=0
17:08:42 finished checkpoint 1631; GM failures=0; joint failures=0
17:08:42 finished checkpoint 1630; GM failures=0; joint failures=0
17:08:42 finished checkpoint 1632; GM failures=0; joint failures=0
17:08:42 finished checkpoint 1634; GM failures=0; joint failures=0
17:08:43 finished checkpoint 1633; GM failures=0; joint failures=0
17:08:43 finished checkpoint 1636; GM failures=0; joint failures=0
17:08:43 finished checkpoint 1635; GM failures=0; joint failures=0
17:08:43 finished checkpoint 1637; GM failures=0; joint failures=0
17:08:43 finished checkpoint 1638; GM failures=0; joint failures=0
17:08:43 finished checkpoint 1639; GM failures=0; joint failures=0
17:08:43 finished checkpoint 1640; GM failures=0; joint failures=0
17:08:43 finished checkpoint 1641; GM failures=0; joint failures=0
17:08:43 finished checkpoint 1643; GM failures=0; joint failures=017:08:43
 finished checkpoint 1642; GM failures=0; joint failures=0
17:08:43 finished checkpoint 1644; GM failures=0; joint failures=0
17:08:43 finished checkpoint 1645; GM failures=0; joint failures=0
17:08:43 finished checkpoint 1647; GM failures=0; joint failures=0
17:08:43 finished checkpoint 1646; GM failures=0; joint failures=0
17:08:43 finished checkpoint 1651; GM failures=0; joint failures=0
17:08:43 finished checkpoint 1649; GM failures=0; joint failures=0
17:08:43 finished checkpoint 1648; GM failures=0; joint failures=0
17:08:43 finished checkpoint 1650; GM failures=0; joint failures=0
17:08:43 finished checkpoint 1652; GM failures=0; joint failures=0
17:08:43 finished checkpoint 1653; GM failures=0; joint failures=0
17:08:43 finished checkpoint 1654; GM failures=0; joint failures=0
17:08:43 finished checkpoint 1655; GM failures=0; joint failures=0
17:08:43 finished checkpoint 1656; GM failures=0; joint failures=0
17:08:43 finished checkpoint 1657; GM failures=0; joint failures=0
17:08:43 finished checkpoint 1658; GM failures=0; joint failures=0
17:08:43 finished checkpoint 1659; GM failures=0; joint failures=0
17:08:43 finished checkpoint 1662; GM failures=0; joint failures=0
17:08:43 finished checkpoint 1660; GM failures=0; joint failures=0
17:08:43 finished checkpoint 1661; GM failures=0; joint failures=0
17:08:43 finished checkpoint 1663; GM failures=0; joint failures=0
17:08:43 finished checkpoint 1664; GM failures=0; joint failures=0
17:08:43 finished checkpoint 1665; GM failures=0; joint failures=0
17:08:43 finished checkpoint 1667; GM failures=0; joint failures=0
17:08:43 finished checkpoint 1666; GM failures=0; joint failures=0
17:08:43 finished checkpoint 1668; GM failures=0; joint failures=0
17:08:43 finished checkpoint 1669; GM failures=0; joint failures=0
17:08:43 finished checkpoint 1670; GM failures=0; joint failures=0
17:08:43 finished checkpoint 1671; GM failures=0; joint failures=0
17:08:43 finished checkpoint 1674; GM failures=0; joint failures=17:08:430 finished checkpoint 
1672; GM failures=0; joint failures=0
17:08:43 finished checkpoint 1673; GM failures=0; joint failures=0
17:08:43 finished checkpoint 1675; GM failures=0; joint failures=0
17:08:43 finished checkpoint 1676; GM failures=0; joint failures=0
17:08:43 finished checkpoint 1677; GM failures=0; joint failures=0
17:08:43 finished checkpoint 1678; GM failures=0; joint failures=0
17:08:43 finished checkpoint 1679; GM failures=0; joint failures=0
17:08:43 finished checkpoint 1680; GM failures=0; joint failures=0
17:08:44 finished checkpoint 1682; GM failures=0; joint failures=0
17:08:44 finished checkpoint 1681; GM failures=0; joint failures=0
17:08:44 finished checkpoint 1683; GM failures=0; joint failures=0
17:08:44 finished checkpoint 1684; GM failures=0; joint failures=0
17:08:4417:08:44 finished checkpoint  finished checkpoint 16851686; GM failures=; GM failures=00; joint failures=; joint failures=00

17:08:44 finished checkpoint 1687; GM failures=0; joint failures=0
17:08:44 finished checkpoint 1688; GM failures=0; joint failures=0
17:08:44 finished checkpoint 1690; GM failures=0; joint failures=0
17:08:44 finished checkpoint 1689; GM failures=0; joint failures=0
17:08:4417:08:44 finished checkpoint  finished checkpoint 16921691; GM failures=; GM failures=00; joint failures=; joint failures=00

17:08:44 finished checkpoint 1695; GM failures=0; joint failures=0
17:08:44 finished checkpoint 1694; GM failures=0; joint failures=0
17:08:44 finished checkpoint 1693; GM failures=0; joint failures=0
17:08:44 finished checkpoint 1696; GM failures=0; joint failures=0
17:08:44 finished checkpoint 1698; GM failures=0; joint failures=0
17:08:44 finished checkpoint 1699; GM failures=0; joint failures=0
17:08:44 finished checkpoint 1697; GM failures=0; joint failures=0
17:08:44 finished checkpoint 1700; GM failures=0; joint failures=0
17:08:44 finished checkpoint 1701; GM failures=0; joint failures=0
17:08:44 finished checkpoint 1702; GM failures=0; joint failures=0
17:08:44 finished checkpoint 1704; GM failures=0; joint failures=0
17:08:44 finished checkpoint 1703; GM failures=0; joint failures=0
17:08:44 finished checkpoint 1705; GM failures=0; joint failures=0
17:08:44 finished checkpoint 1706; GM failures=0; joint failures=0
17:08:44 finished checkpoint 1707; GM failures=0; joint failures=0
17:08:44 finished checkpoint 1709; GM failures=1; joint failures=0
17:08:44 finished checkpoint 1708; GM failures=0; joint failures=0
17:08:44 finished checkpoint 1710; GM failures=0; joint failures=0
17:08:44 finished checkpoint 1711; GM failures=0; joint failures=0
17:08:44 finished checkpoint 1713; GM failures=0; joint failures=0
17:08:44 finished checkpoint 1714; GM failures=0; joint failures=0
17:08:44 finished checkpoint 1712; GM failures=0; joint failures=0
17:08:44 finished checkpoint 1716; GM failures=0; joint failures=0
17:08:44 finished checkpoint 1715; GM failures=0; joint failures=0
17:08:44 finished checkpoint 1717; GM failures=0; joint failures=0
17:08:44 finished checkpoint 1718; GM failures=0; joint failures=0
17:08:44 finished checkpoint 1720; GM failures=0; joint failures=0
17:08:44 finished checkpoint 1719; GM failures=0; joint failures=0
17:08:44 finished checkpoint 1722; GM failures=0; joint failures=0
17:08:44 finished checkpoint 1721; GM failures=0; joint failures=0
17:08:44 finished checkpoint 1723; GM failures=0; joint failures=0
17:08:44 finished checkpoint 1724; GM failures=0; joint failures=0
17:08:44 finished checkpoint 1725; GM failures=0; joint failures=0
17:08:44 finished checkpoint 1726; GM failures=0; joint failures=0
17:08:45 finished checkpoint 1728; GM failures=0; joint failures=0
17:08:45 finished checkpoint 1727; GM failures=0; joint failures=0
17:08:45 finished checkpoint 1730; GM failures=0; joint failures=0
17:08:45 finished checkpoint 1729; GM failures=0; joint failures=0
17:08:45 finished checkpoint 1731; GM failures=0; joint failures=0
17:08:45 finished checkpoint 1734; GM failures=0; joint failures=0
17:08:45 finished checkpoint 1733; GM failures=0; joint failures=0
17:08:45 finished checkpoint 1732; GM failures=0; joint failures=0
17:08:45 finished checkpoint 1736; GM failures=0; joint failures=0
17:08:45 finished checkpoint 1735; GM failures=0; joint failures=0
17:08:45 finished checkpoint 1737; GM failures=0; joint failures=0
17:08:45 finished checkpoint 1738; GM failures=0; joint failures=0
17:08:45 finished checkpoint 1739; GM failures=0; joint failures=0
17:08:45 finished checkpoint 1741; GM failures=0; joint failures=0
17:08:45 finished checkpoint 1740; GM failures=0; joint failures=0
17:08:45 finished checkpoint 1742; GM failures=0; joint failures=0
17:08:45 finished checkpoint 1744; GM failures=0; joint failures=0
17:08:45 finished checkpoint 1743; GM failures=0; joint failures=0
17:08:45 finished checkpoint 1745; GM failures=0; joint failures=0
17:08:45 finished checkpoint 1746; GM failures=0; joint failures=0
17:08:45 finished checkpoint 1748; GM failures=0; joint failures=0
17:08:45 finished checkpoint 1747; GM failures=0; joint failures=0
17:08:45 finished checkpoint 1749; GM failures=1; joint failures=0
17:08:45 finished checkpoint 1750; GM failures=0; joint failures=0
17:08:45 finished checkpoint 1751; GM failures=0; joint failures=0
17:08:45 finished checkpoint 1752; GM failures=0; joint failures=0
17:08:45 finished checkpoint 1753; GM failures=0; joint failures=0
17:08:45 finished checkpoint 1755; GM failures=0; joint failures=0
17:08:45 finished checkpoint 1754; GM failures=0; joint failures=0
17:08:45 finished checkpoint 1756; GM failures=0; joint failures=0
17:08:45 finished checkpoint 1757; GM failures=0; joint failures=0
17:08:45 finished checkpoint 1758; GM failures=0; joint failures=0
17:08:45 finished checkpoint 1760; GM failures=0; joint failures=0
17:08:45 finished checkpoint 1759; GM failures=0; joint failures=0
17:08:45 finished checkpoint 1761; GM failures=0; joint failures=0
17:08:45 finished checkpoint 1762; GM failures=0; joint failures=0
17:08:45 finished checkpoint 1763; GM failures=0; joint failures=0
17:08:45 finished checkpoint 1764; GM failures=0; joint failures=0
17:08:45 finished checkpoint 1765; GM failures=0; joint failures=0
17:08:45 finished checkpoint 1766; GM failures=0; joint failures=0
17:08:45 finished checkpoint 1767; GM failures=0; joint failures=0
17:08:45 finished checkpoint 1770; GM failures=0; joint failures=0
17:08:45 finished checkpoint 1769; GM failures=0; joint failures=0
17:08:45 finished checkpoint 1768; GM failures=0; joint failures=0
17:08:45 finished checkpoint 1771; GM failures=0; joint failures=0
17:08:45 finished checkpoint 1772; GM failures=0; joint failures=0
17:08:45 finished checkpoint 1773; GM failures=0; joint failures=0
17:08:45 finished checkpoint 1774; GM failures=0; joint failures=0
17:08:46 finished checkpoint 1775; GM failures=1; joint failures=0
17:08:46 finished checkpoint 1777; GM failures=0; joint failures=0
17:08:46 finished checkpoint 1776; GM failures=0; joint failures=0
17:08:46 finished checkpoint 1778; GM failures=0; joint failures=0
17:08:46 finished checkpoint 1781; GM failures=0; joint failures=0
17:08:46 finished checkpoint 1779; GM failures=0; joint failures=0
17:08:46 finished checkpoint 1780; GM failures=0; joint failures=0
17:08:46 finished checkpoint 1782; GM failures=0; joint failures=0
17:08:46 finished checkpoint 1783; GM failures=0; joint failures=0
17:08:46 finished checkpoint 1784; GM failures=0; joint failures=0
17:08:46 finished checkpoint 1785; GM failures=0; joint failures=0
17:08:46 finished checkpoint 1786; GM failures=0; joint failures=0
17:08:46 finished checkpoint 1787; GM failures=0; joint failures=0
17:08:46 finished checkpoint 1788; GM failures=0; joint failures=0
17:08:46 finished checkpoint 1789; GM failures=0; joint failures=0
17:08:46 finished checkpoint 1790; GM failures=0; joint failures=0
17:08:46 finished checkpoint 1792; GM failures=0; joint failures=0
17:08:46 finished checkpoint 1791; GM failures=0; joint failures=0
17:08:46 finished checkpoint 1793; GM failures=0; joint failures=0
17:08:46 finished checkpoint 1794; GM failures=0; joint failures=0
17:08:46 finished checkpoint 1795; GM failures=0; joint failures=0
17:08:46 finished checkpoint 1796; GM failures=0; joint failures=0
17:08:46 finished checkpoint 1798; GM failures=0; joint failures=0
17:08:46 finished checkpoint 1797; GM failures=0; joint failures=0
17:08:46 finished checkpoint 1800; GM failures=0; joint failures=0
17:08:46 finished checkpoint 1799; GM failures=0; joint failures=0
17:08:46 finished checkpoint 1801; GM failures=1; joint failures=0
17:08:46 finished checkpoint 1802; GM failures=1; joint failures=0
17:08:46 finished checkpoint 1803; GM failures=0; joint failures=0
17:08:46 finished checkpoint 1807; GM failures=017:08:46; joint failures= finished checkpoint 01804
; GM failures=0; joint failures=0
17:08:46 finished checkpoint 1805; GM failures=0; joint failures=0
17:08:46 finished checkpoint 1806; GM failures=1; joint failures=0
17:08:46 finished checkpoint 1810; GM failures=0; joint failures=0
17:08:46 finished checkpoint 1808; GM failures=0; joint failures=0
17:08:46 finished checkpoint 1809; GM failures=0; joint failures=0
17:08:46 finished checkpoint 1812; GM failures=0; joint failures=0
17:08:46 finished checkpoint 1811; GM failures=0; joint failures=0
17:08:46 finished checkpoint 1813; GM failures=0; joint failures=0
17:08:46 finished checkpoint 1815; GM failures=0; joint failures=0
17:08:46 finished checkpoint 1814; GM failures=0; joint failures=0
17:08:46 finished checkpoint 1817; GM failures=0; joint failures=0
17:08:47 finished checkpoint 1816; GM failures=0; joint failures=0
17:08:47 finished checkpoint 1819; GM failures=0; joint failures=0
17:08:47 finished checkpoint 1818; GM failures=0; joint failures=0
17:08:47 finished checkpoint 1820; GM failures=0; joint failures=0
17:08:47 finished checkpoint 1822; GM failures=0; joint failures=0
17:08:47 finished checkpoint 1821; GM failures=0; joint failures=0
17:08:47 finished checkpoint 1824; GM failures=0; joint failures=0
17:08:47 finished checkpoint 1823; GM failures=0; joint failures=0
17:08:47 finished checkpoint 1825; GM failures=0; joint failures=0
17:08:47 finished checkpoint 1826; GM failures=0; joint failures=0
17:08:47 finished checkpoint 1827; GM failures=0; joint failures=0
17:08:47 finished checkpoint 1828; GM failures=0; joint failures=0
17:08:47 finished checkpoint 1829; GM failures=1; joint failures=0
17:08:47 finished checkpoint 1830; GM failures=0; joint failures=0
17:08:47 finished checkpoint 1831; GM failures=0; joint failures=0
17:08:47 finished checkpoint 1834; GM failures=0; joint failures=0
17:08:47 finished checkpoint 1832; GM failures=0; joint failures=0
17:08:47 finished checkpoint 1833; GM failures=0; joint failures=0
17:08:47 finished checkpoint 1835; GM failures=0; joint failures=0
17:08:47 finished checkpoint 1836; GM failures=0; joint failures=0
17:08:47 finished checkpoint 1837; GM failures=1; joint failures=0
17:08:47 finished checkpoint 1838; GM failures=0; joint failures=0
17:08:47 finished checkpoint 1839; GM failures=0; joint failures=0
17:08:47 finished checkpoint 1840; GM failures=0; joint failures=0
17:08:47 finished checkpoint 1841; GM failures=0; joint failures=0
17:08:47 finished checkpoint 1842; GM failures=0; joint failures=0
17:08:47 finished checkpoint 1843; GM failures=0; joint failures=0
17:08:47 finished checkpoint 1845; GM failures=0; joint failures=0
17:08:47 finished checkpoint 1844; GM failures=0; joint failures=0
17:08:47 finished checkpoint 1847; GM failures=0; joint failures=0
17:08:47 finished checkpoint 1846; GM failures=0; joint failures=0
17:08:47 finished checkpoint 1848; GM failures=0; joint failures=0
17:08:47 finished checkpoint 1849; GM failures=0; joint failures=0
17:08:47 finished checkpoint 1852; GM failures=0; joint failures=0
17:08:47 finished checkpoint 1850; GM failures=0; joint failures=0
17:08:47 finished checkpoint 1851; GM failures=0; joint failures=0
17:08:47 finished checkpoint 1853; GM failures=0; joint failures=0
17:08:47 finished checkpoint 1854; GM failures=0; joint failures=0
17:08:47 finished checkpoint 17:08:47 finished checkpoint 1855; GM failures=18560; joint failures=0; GM failures=
0; joint failures=0
17:08:47 finished checkpoint 1857; GM failures=0; joint failures=0
17:08:47 finished checkpoint 1858; GM failures=0; joint failures=0
17:08:47 finished checkpoint 1859; GM failures=0; joint failures=0
17:08:48 finished checkpoint 1860; GM failures=0; joint failures=0
17:08:48 finished checkpoint 1861; GM failures=0; joint failures=0
17:08:48 finished checkpoint 1863; GM failures=0; joint failures=0
17:08:48 finished checkpoint 1864; GM failures=0; joint failures=0
17:08:48 finished checkpoint 1862; GM failures=0; joint failures=0
17:08:48 finished checkpoint 1865; GM failures=0; joint failures=0
17:08:48 finished checkpoint 1866; GM failures=0; joint failures=0
17:08:48 finished checkpoint 1868; GM failures=0; joint failures=0
17:08:48 finished checkpoint 1867; GM failures=0; joint failures=0
17:08:48 finished checkpoint 1870; GM failures=0; joint failures=0
17:08:48 finished checkpoint 1869; GM failures=0; joint failures=0
17:08:48 finished checkpoint 1871; GM failures=0; joint failures=0
17:08:48 finished checkpoint 1872; GM failures=1; joint failures=0
17:08:48 finished checkpoint 1873; GM failures=0; joint failures=0
17:08:48 finished checkpoint 1874; GM failures=0; joint failures=0
17:08:48 finished checkpoint 1875; GM failures=0; joint failures=0
17:08:48 finished checkpoint 1876; GM failures=0; joint failures=0
17:08:48 finished checkpoint 1877; GM failures=0; joint failures=0
17:08:48 finished checkpoint 1878; GM failures=0; joint failures=0
17:08:48 finished checkpoint 1879; GM failures=0; joint failures=0
17:08:48 finished checkpoint 1882; GM failures=0; joint failures=0
17:08:48 finished checkpoint 1880; GM failures=0; joint failures=0
17:08:48 finished checkpoint 1883; GM failures=0; joint failures=0
17:08:48 finished checkpoint 1881; GM failures=0; joint failures=0
17:08:48 finished checkpoint 1884; GM failures=0; joint failures=0
17:08:48 finished checkpoint 1885; GM failures=0; joint failures=0
17:08:48 finished checkpoint 1886; GM failures=0; joint failures=0
17:08:48 finished checkpoint 1888; GM failures=0; joint failures=0
17:08:4817:08:48 finished checkpoint  finished checkpoint 18871889; GM failures=; GM failures=10; joint failures=; joint failures=00

17:08:48 finished checkpoint 1890; GM failures=0; joint failures=0
17:08:48 finished checkpoint 1892; GM failures=0; joint failures=0
17:08:48 finished checkpoint 1893; GM failures=0; joint failures=0
17:08:48 finished checkpoint 1891; GM failures=0; joint failures=0
17:08:48 finished checkpoint 1894; GM failures=0; joint failures=0
17:08:48 finished checkpoint 1895; GM failures=0; joint failures=0
17:08:48 finished checkpoint 1896; GM failures=0; joint failures=0
17:08:48 finished checkpoint 1899; GM failures=0; joint failures=0
17:08:48 finished checkpoint 1897; GM failures=0; joint failures=0
17:08:48 finished checkpoint 1898; GM failures=0; joint failures=0
17:08:48 finished checkpoint 1900; GM failures=0; joint failures=0
17:08:49 finished checkpoint 1901; GM failures=0; joint failures=0
17:08:49 finished checkpoint 1902; GM failures=0; joint failures=0
17:08:49 finished checkpoint 1905; GM failures=0; joint failures=0
17:08:49 finished checkpoint 1903; GM failures=0; joint failures=0
17:08:49 finished checkpoint 1904; GM failures=0; joint failures=0
17:08:49 finished checkpoint 1906; GM failures=0; joint failures=0
17:08:49 finished checkpoint 1908; GM failures=0; joint failures=0
17:08:49 finished checkpoint 1907; GM failures=0; joint failures=0
17:08:49 finished checkpoint 1909; GM failures=0; joint failures=0
17:08:49 finished checkpoint 1911; GM failures=0; joint failures=0
17:08:49 finished checkpoint 1910; GM failures=0; joint failures=0
17:08:49 finished checkpoint 1912; GM failures=0; joint failures=0
17:08:49 finished checkpoint 1913; GM failures=0; joint failures=0
17:08:49 finished checkpoint 1914; GM failures=0; joint failures=0
17:08:49 finished checkpoint 1915; GM failures=0; joint failures=0
17:08:49 finished checkpoint 1916; GM failures=0; joint failures=0
17:08:49 finished checkpoint 1917; GM failures=0; joint failures=0
17:08:49 finished checkpoint 1918; GM failures=0; joint failures=0
17:08:49 finished checkpoint 1919; GM failures=0; joint failures=0
17:08:49 finished checkpoint 1920; GM failures=0; joint failures=0
17:08:49 finished checkpoint 1921; GM failures=1; joint failures=0
17:08:49 finished checkpoint 1923; GM failures=0; joint failures=0
17:08:49 finished checkpoint 1922; GM failures=0; joint failures=0
17:08:49 finished checkpoint 1925; GM failures=1; joint failures=0
17:08:49 finished checkpoint 1924; GM failures=0; joint failures=0
17:08:49 finished checkpoint 1926; GM failures=0; joint failures=0
17:08:49 finished checkpoint 1927; GM failures=0; joint failures=0
17:08:49 finished checkpoint 1928; GM failures=0; joint failures=0
17:08:49 finished checkpoint 1929; GM failures=0; joint failures=0
17:08:49 finished checkpoint 1930; GM failures=0; joint failures=0
17:08:49 finished checkpoint 1931; GM failures=0; joint failures=0
17:08:49 finished checkpoint 1932; GM failures=0; joint failures=0
17:08:49 finished checkpoint 1934; GM failures=1; joint failures=0
17:08:49 finished checkpoint 1933; GM failures=0; joint failures=0
17:08:49 finished checkpoint 1935; GM failures=0; joint failures=0
17:08:49 finished checkpoint 1937; GM failures=0; joint failures=0
17:08:49 finished checkpoint 1938; GM failures=1; joint failures=0
17:08:49 finished checkpoint 1936; GM failures=0; joint failures=0
17:08:50 finished checkpoint 1939; GM failures=0; joint failures=0
17:08:50 finished checkpoint 1941; GM failures=1; joint failures=0
17:08:50 finished checkpoint 1940; GM failures=0; joint failures=0
17:08:50 finished checkpoint 1943; GM failures=0; joint failures=0
17:08:50 finished checkpoint 1942; GM failures=0; joint failures=0
17:08:50 finished checkpoint 1944; GM failures=0; joint failures=0
17:08:50 finished checkpoint 1945; GM failures=1; joint failures=0
17:08:50 finished checkpoint 1946; GM failures=0; joint failures=0
17:08:50 finished checkpoint 1948; GM failures=1; joint failures=0
17:08:50 finished checkpoint 1947; GM failures=0; joint failures=0
17:08:50 finished checkpoint 1949; GM failures=0; joint failures=0
17:08:50 finished checkpoint 1950; GM failures=1; joint failures=0
17:08:50 finished checkpoint 1951; GM failures=0; joint failures=0
17:08:50 finished checkpoint 1952; GM failures=0; joint failures=0
17:08:50 finished checkpoint 1953; GM failures=0; joint failures=0
17:08:50 finished checkpoint 1955; GM failures=0; joint failures=0
17:08:50 finished checkpoint 1954; GM failures=0; joint failures=0
17:08:50 finished checkpoint 1957; GM failures=1; joint failures=0
17:08:50 finished checkpoint 1956; GM failures=1; joint failures=0
17:08:50 finished checkpoint 1958; GM failures=0; joint failures=0
17:08:50 finished checkpoint 1959; GM failures=0; joint failures=0
17:08:50 finished checkpoint 1960; GM failures=0; joint failures=0
17:08:50 finished checkpoint 1962; GM failures=0; joint failures=0
17:08:50 finished checkpoint 1961; GM failures=0; joint failures=0
17:08:50 finished checkpoint 1963; GM failures=0; joint failures=0
17:08:50 finished checkpoint 1964; GM failures=0; joint failures=0
17:08:50 finished checkpoint 1965; GM failures=0; joint failures=0
17:08:50 finished checkpoint 1967; GM failures=0; joint failures=0
17:08:50 finished checkpoint 1966; GM failures=0; joint failures=0
17:08:50 finished checkpoint 1968; GM failures=0; joint failures=0
17:08:50 finished checkpoint 1970; GM failures=0; joint failures=0
17:08:50 finished checkpoint 1969; GM failures=0; joint failures=0
17:08:50 finished checkpoint 1971; GM failures=0; joint failures=0
17:08:50 finished checkpoint 1972; GM failures=0; joint failures=0
17:08:50 finished checkpoint 1974; GM failures=1; joint failures=0
17:08:50 finished checkpoint 1973; GM failures=0; joint failures=0
17:08:51 finished checkpoint 1975; GM failures=0; joint failures=0
17:08:51 finished checkpoint 1976; GM failures=1; joint failures=0
17:08:51 finished checkpoint 1979; GM failures=0; joint failures=0
17:08:51 finished checkpoint 1978; GM failures=0; joint failures=0
17:08:51 finished checkpoint 1977; GM failures=0; joint failures=0
17:08:51 finished checkpoint 1981; GM failures=0; joint failures=17:08:510 finished checkpoint 
1982; GM failures=0; joint failures=0
17:08:51 finished checkpoint 1980; GM failures=0; joint failures=0
17:08:51 finished checkpoint 1983; GM failures=0; joint failures=0
17:08:51 finished checkpoint 1984; GM failures=0; joint failures=0
17:08:51 finished checkpoint 1985; GM failures=0; joint failures=0
17:08:51 finished checkpoint 1986; GM failures=0; joint failures=0
17:08:51 finished checkpoint 1987; GM failures=0; joint failures=0
17:08:51 finished checkpoint 1989; GM failures=0; joint failures=0
17:08:51 finished checkpoint 1988; GM failures=0; joint failures=0
17:08:51 finished checkpoint 1990; GM failures=1; joint failures=0
17:08:51 finished checkpoint 1994; GM failures=0; joint failures=0
17:08:51 finished checkpoint 1991; GM failures=0; joint failures=0
17:08:51 finished checkpoint 1993; GM failures=0; joint failures=0
17:08:51 finished checkpoint 1992; GM failures=0; joint failures=0
17:08:51 finished checkpoint 1995; GM failures=0; joint failures=0
17:08:51 finished checkpoint 1996; GM failures=1; joint failures=0
17:08:51 finished checkpoint 1997; GM failures=0; joint failures=0
17:08:51 finished checkpoint 1998; GM failures=0; joint failures=0
17:08:51 finished checkpoint 2001; GM failures=0; joint failures=0
17:08:51 finished checkpoint 1999; GM failures=0; joint failures=0
17:08:51 finished checkpoint 2005; GM failures=0; joint failures=0
17:08:51 finished checkpoint 2003; GM failures=0; joint failures=0
17:08:51 finished checkpoint 2000; GM failures=0; joint failures=0
17:08:51 finished checkpoint 2004; GM failures=0; joint failures=0
17:08:51 finished checkpoint 2002; GM failures=0; joint failures=0
17:08:51 finished checkpoint 2007; GM failures=0; joint failures=0
17:08:51 finished checkpoint 2006; GM failures=0; joint failures=0
17:08:51 finished checkpoint 2008; GM failures=0; joint failures=0
17:08:51 finished checkpoint 2009; GM failures=0; joint failures=0
17:08:51 finished checkpoint 2010; GM failures=0; joint failures=0
17:08:51 finished checkpoint 2011; GM failures=0; joint failures=0
17:08:51 finished checkpoint 2012; GM failures=0; joint failures=0
17:08:51 finished checkpoint 2015; GM failures=0; joint failures=0
17:08:51 finished checkpoint 2013; GM failures=0; joint failures=0
17:08:51 finished checkpoint 2014; GM failures=0; joint failures=0
17:08:51 finished checkpoint 2016; GM failures=0; joint failures=0
17:08:51 finished checkpoint 2018; GM failures=0; joint failures=0
17:08:51 finished checkpoint 2017; GM failures=0; joint failures=0
17:08:51 finished checkpoint 2019; GM failures=0; joint failures=0
17:08:51 finished checkpoint 2020; GM failures=0; joint failures=0
17:08:52 finished checkpoint 2021; GM failures=0; joint failures=0
17:08:52 finished checkpoint 2022; GM failures=0; joint failures=0
17:08:52 finished checkpoint 2023; GM failures=0; joint failures=0
17:08:52 finished checkpoint 2024; GM failures=0; joint failures=0
17:08:52 finished checkpoint 2027; GM failures=0; joint failures=0
17:08:52 finished checkpoint 2028; GM failures=0; joint failures=0
17:08:52 finished checkpoint 2026; GM failures=0; joint failures=0
17:08:5217:08:52 finished checkpoint  finished checkpoint 20302025; GM failures=; GM failures=00; joint failures=; joint failures=00

17:08:52 finished checkpoint 2029; GM failures=0; joint failures=0
17:08:52 finished checkpoint 2031; GM failures=0; joint failures=0
17:08:52 finished checkpoint 2032; GM failures=0; joint failures=0
17:08:52 finished checkpoint 2033; GM failures=0; joint failures=0
17:08:52 finished checkpoint 2034; GM failures=0; joint failures=0
17:08:52 finished checkpoint 2035; GM failures=0; joint failures=0
17:08:52 finished checkpoint 2036; GM failures=0; joint failures=0
17:08:52 finished checkpoint 2038; GM failures=0; joint failures=0
17:08:52 finished checkpoint 2037; GM failures=0; joint failures=0
17:08:52 finished checkpoint 2040; GM failures=0; joint failures=0
17:08:52 finished checkpoint 2041; GM failures=0; joint failures=0
17:08:52 finished checkpoint 2039; GM failures=0; joint failures=0
17:08:52 finished checkpoint 2042; GM failures=0; joint failures=0
17:08:52 finished checkpoint 2043; GM failures=0; joint failures=0
17:08:52 finished checkpoint 2044; GM failures=0; joint failures=0
17:08:52 finished checkpoint 2045; GM failures=0; joint failures=0
17:08:52 finished checkpoint 204717:08:52; GM failures= finished checkpoint 02046; joint failures=; GM failures=00
; joint failures=0
17:08:52 finished checkpoint 2049; GM failures=0; joint failures=0
17:08:52 finished checkpoint 2050; GM failures=0; joint failures=0
17:08:52 finished checkpoint 2048; GM failures=0; joint failures=0
17:08:52 finished checkpoint 2051; GM failures=0; joint failures=0
17:08:52 finished checkpoint 2053; GM failures=0; joint failures=0
17:08:52 finished checkpoint 2052; GM failures=0; joint failures=0
17:08:52 finished checkpoint 2054; GM failures=0; joint failures=0
17:08:52 finished checkpoint 2055; GM failures=0; joint failures=0
17:08:52 finished checkpoint 2056; GM failures=0; joint failures=0
17:08:52 finished checkpoint 2057; GM failures=0; joint failures=0
17:08:52 finished checkpoint 2058; GM failures=0; joint failures=0
17:08:52 finished checkpoint 2059; GM failures=0; joint failures=0
17:08:52 finished checkpoint 2061; GM failures=0; joint failures=0
17:08:52 finished checkpoint 2060; GM failures=0; joint failures=0
17:08:52 finished checkpoint 2062; GM failures=0; joint failures=0
17:08:52 finished checkpoint 2066; GM failures=0; joint failures=0
17:08:52 finished checkpoint 2065; GM failures=0; joint failures=0
17:08:52 finished checkpoint 2063; GM failures=0; joint failures=0
17:08:52 finished checkpoint 2064; GM failures=0; joint failures=0
17:08:52 finished checkpoint 2067; GM failures=0; joint failures=0
17:08:52 finished checkpoint 2068; GM failures=0; joint failures=0
17:08:53 finished checkpoint 2069; GM failures=0; joint failures=0
17:08:53 finished checkpoint 2071; GM failures=0; joint failures=0
17:08:53 finished checkpoint 2073; GM failures=0; joint failures=0
17:08:53 finished checkpoint 2072; GM failures=0; joint failures=0
17:08:53 finished checkpoint 2070; GM failures=0; joint failures=0
17:08:53 finished checkpoint 2075; GM failures=0; joint failures=0
17:08:53 finished checkpoint 2074; GM failures=0; joint failures=0
17:08:53 finished checkpoint 2076; GM failures=0; joint failures=0
17:08:53 finished checkpoint 2077; GM failures=0; joint failures=0
17:08:53 finished checkpoint 2078; GM failures=0; joint failures=0
17:08:53 finished checkpoint 2079; GM failures=0; joint failures=0
17:08:53 finished checkpoint 2080; GM failures=0; joint failures=0
17:08:53 finished checkpoint 2081; GM failures=0; joint failures=0
17:08:53 finished checkpoint 2084; GM failures=0; joint failures=0
17:08:53 finished checkpoint 2082; GM failures=0; joint failures=0
17:08:53 finished checkpoint 2083; GM failures=0; joint failures=0
17:08:53 finished checkpoint 2087; GM failures=0; joint failures=0
17:08:5317:08:53 finished checkpoint  finished checkpoint 20852086; GM failures=; GM failures=00; joint failures=; joint failures=00

17:08:53 finished checkpoint 2089; GM failures=0; joint failures=0
17:08:53 finished checkpoint 2088; GM failures=0; joint failures=0
17:08:53 finished checkpoint 2091; GM failures=0; joint failures=0
17:08:53 finished checkpoint 2090; GM failures=0; joint failures=0
17:08:53 finished checkpoint 2092; GM failures=0; joint failures=0
17:08:53 finished checkpoint 2093; GM failures=0; joint failures=0
17:08:53 finished checkpoint 2096; GM failures=0; joint failures=0
17:08:53 finished checkpoint 2094; GM failures=0; joint failures=0
17:08:53 finished checkpoint 2097; GM failures=0; joint failures=0
17:08:53 finished checkpoint 2099; GM failures=0; joint failures=0
17:08:53 finished checkpoint 2098; GM failures=0; joint failures=0
17:08:53 finished checkpoint 2095; GM failures=0; joint failures=0
17:08:53 finished checkpoint 2100; GM failures=0; joint failures=0
17:08:53 finished checkpoint 2101; GM failures=0; joint failures=0
17:08:53 finished checkpoint 2102; GM failures=0; joint failures=0
17:08:53 finished checkpoint 2103; GM failures=0; joint failures=0
17:08:53 finished checkpoint 2104; GM failures=0; joint failures=0
17:08:5317:08:53 finished checkpoint  finished checkpoint 21072106; GM failures=; GM failures=00; joint failures=; joint failures=00

17:08:53 finished checkpoint 2110; GM failures=0; joint failures=0
17:08:53 finished checkpoint 2109; GM failures=0; joint failures=0
17:08:53 finished checkpoint 2108; GM failures=0; joint failures=0
17:08:53 finished checkpoint 2105; GM failures=0; joint failures=0
17:08:53 finished checkpoint 2111; GM failures=0; joint failures=0
17:08:53 finished checkpoint 2112; GM failures=0; joint failures=0
17:08:53 finished checkpoint 2113; GM failures=0; joint failures=0
17:08:53 finished checkpoint 2115; GM failures=0; joint failures=0
17:08:53 finished checkpoint 2114; GM failures=0; joint failures=0
17:08:53 finished checkpoint 2116; GM failures=0; joint failures=0
17:08:54 finished checkpoint 2118; GM failures=0; joint failures=0
17:08:54 finished checkpoint 2117; GM failures=0; joint failures=0
17:08:54 finished checkpoint 2120; GM failures=0; joint failures=0
17:08:54 finished checkpoint 2119; GM failures=0; joint failures=0
17:08:54 finished checkpoint 2122; GM failures=0; joint failures=0
17:08:54 finished checkpoint 2121; GM failures=0; joint failures=0
17:08:54 finished checkpoint 2123; GM failures=0; joint failures=0
17:08:54 finished checkpoint 2124; GM failures=0; joint failures=0
17:08:54 finished checkpoint 2125; GM failures=0; joint failures=0
17:08:54 finished checkpoint 2126; GM failures=0; joint failures=0
17:08:54 finished checkpoint 2128; GM failures=1; joint failures=0
17:08:54 finished checkpoint 2127; GM failures=0; joint failures=0
17:08:54 finished checkpoint 2130; GM failures=0; joint failures=0
17:08:54 finished checkpoint 2129; GM failures=0; joint failures=0
17:08:54 finished checkpoint 2131; GM failures=0; joint failures=0
17:08:54 finished checkpoint 2132; GM failures=0; joint failures=0
17:08:5417:08:54 finished checkpoint  finished checkpoint 21332134; GM failures=; GM failures=00; joint failures=; joint failures=00

17:08:54 finished checkpoint 2135; GM failures=0; joint failures=0
17:08:54 finished checkpoint 2136; GM failures=0; joint failures=0
17:08:54 finished checkpoint 2138; GM failures=0; joint failures=0
17:08:54 finished checkpoint 2137; GM failures=0; joint failures=0
17:08:54 finished checkpoint 2139; GM failures=0; joint failures=0
17:08:54 finished checkpoint 2140; GM failures=0; joint failures=0
17:08:54 finished checkpoint 2143; GM failures=0; joint failures=0
17:08:54 finished checkpoint 2142; GM failures=0; joint failures=0
17:08:54 finished checkpoint 2141; GM failures=0; joint failures=0
17:08:54 finished checkpoint 2144; GM failures=0; joint failures=0
17:08:54 finished checkpoint 2146; GM failures=0; joint failures=0
17:08:54 finished checkpoint 2145; GM failures=0; joint failures=0
17:08:54 finished checkpoint 2147; GM failures=0; joint failures=0
17:08:54 finished checkpoint 2148; GM failures=0; joint failures=0
17:08:54 finished checkpoint 2149; GM failures=0; joint failures=0
17:08:54 finished checkpoint 2150; GM failures=0; joint failures=0
17:08:54 finished checkpoint 2151; GM failures=0; joint failures=0
17:08:54 finished checkpoint 2152; GM failures=0; joint failures=0
17:08:54 finished checkpoint 2155; GM failures=0; joint failures=0
17:08:54 finished checkpoint 2153; GM failures=0; joint failures=0
17:08:5417:08:54 finished checkpoint  finished checkpoint 21562154; GM failures=; GM failures=00; joint failures=; joint failures=00

17:08:54 finished checkpoint 2158; GM failures=0; joint failures=0
17:08:54 finished checkpoint 2157; GM failures=0; joint failures=0
17:08:54 finished checkpoint 2159; GM failures=0; joint failures=0
17:08:54 finished checkpoint 2160; GM failures=0; joint failures=0
17:08:54 finished checkpoint 2161; GM failures=0; joint failures=0
17:08:55 finished checkpoint 2162; GM failures=0; joint failures=0
17:08:55 finished checkpoint 2163; GM failures=0; joint failures=0
17:08:55 finished checkpoint 2164; GM failures=1; joint failures=0
17:08:55 finished checkpoint 2167; GM failures=0; joint failures=0
17:08:55 finished checkpoint 2166; GM failures=0; joint failures=0
17:08:55 finished checkpoint 2165; GM failures=0; joint failures=0
17:08:55 finished checkpoint 2169; GM failures=0; joint failures=0
17:08:55 finished checkpoint 2168; GM failures=0; joint failures=0
17:08:55 finished checkpoint 2170; GM failures=0; joint failures=0
17:08:55 finished checkpoint 2171; GM failures=0; joint failures=0
17:08:55 finished checkpoint 2172; GM failures=0; joint failures=0
17:08:55 finished checkpoint 2173; GM failures=0; joint failures=0
17:08:55 finished checkpoint 2175; GM failures=0; joint failures=0
17:08:55 finished checkpoint 2174; GM failures=0; joint failures=0
17:08:55 finished checkpoint 2176; GM failures=0; joint failures=0
17:08:55 finished checkpoint 2180; GM failures=0; joint failures=0
17:08:55 finished checkpoint 2178; GM failures=0; joint failures=0
17:08:55 finished checkpoint 2179; GM failures=0; joint failures=0
17:08:55 finished checkpoint 2177; GM failures=0; joint failures=0
17:08:55 finished checkpoint 2182; GM failures=0; joint failures=0
17:08:55 finished checkpoint 2183; GM failures=0; joint failures=0
17:08:55 finished checkpoint 2181; GM failures=0; joint failures=0
17:08:55 finished checkpoint 2184; GM failures=0; joint failures=0
17:08:55 finished checkpoint 2185; GM failures=0; joint failures=0
17:08:55 finished checkpoint 2186; GM failures=0; joint failures=0
17:08:55 finished checkpoint 2187; GM failures=0; joint failures=0
17:08:55 finished checkpoint 2189; GM failures=0; joint failures=0
17:08:55 finished checkpoint 2188; GM failures=0; joint failures=0
17:08:55 finished checkpoint 2191; GM failures=0; joint failures=0
17:08:55 finished checkpoint 2190; GM failures=0; joint failures=0
17:08:55 finished checkpoint 2192; GM failures=0; joint failures=0
17:08:55 finished checkpoint 17:08:552194 finished checkpoint ; GM failures=21950; GM failures=; joint failures=00; joint failures=
0
17:08:55 finished checkpoint 2193; GM failures=0; joint failures=0
17:08:55 finished checkpoint 2196; GM failures=0; joint failures=0
17:08:55 finished checkpoint 2197; GM failures=0; joint failures=0
17:08:55 finished checkpoint 2198; GM failures=0; joint failures=0
17:08:55 finished checkpoint 2199; GM failures=0; joint failures=0
17:08:55 finished checkpoint 2200; GM failures=0; joint failures=0
17:08:55 finished checkpoint 2202; GM failures=0; joint failures=0
17:08:55 finished checkpoint 2203; GM failures=0; joint failures=0
17:08:55 finished checkpoint 2201; GM failures=0; joint failures=0
17:08:56 finished checkpoint 2204; GM failures=0; joint failures=0
17:08:56 finished checkpoint 2206; GM failures=0; joint failures=0
17:08:56 finished checkpoint 2207; GM failures=0; joint failures=0
17:08:56 finished checkpoint 2205; GM failures=0; joint failures=0
17:08:56 finished checkpoint 2208; GM failures=0; joint failures=0
17:08:56 finished checkpoint 2209; GM failures=0; joint failures=0
17:08:56 finished checkpoint 2211; GM failures=0; joint failures=0
17:08:56 finished checkpoint 2210; GM failures=0; joint failures=0
17:08:56 finished checkpoint 2215; GM failures=0; joint failures=0
17:08:5617:08:56 finished checkpoint  finished checkpoint 22122214; GM failures=; GM failures=00; joint failures=; joint failures=00

17:08:56 finished checkpoint 2213; GM failures=0; joint failures=0
17:08:56 finished checkpoint 2216; GM failures=0; joint failures=0
17:08:56 finished checkpoint 2218; GM failures=0; joint failures=0
17:08:56 finished checkpoint 2219; GM failures=0; joint failures=0
17:08:56 finished checkpoint 2217; GM failures=0; joint failures=0
17:08:56 finished checkpoint 2220; GM failures=0; joint failures=0
17:08:56 finished checkpoint 2221; GM failures=0; joint failures=0
17:08:56 finished checkpoint 2222; GM failures=0; joint failures=0
17:08:56 finished checkpoint 2224; GM failures=0; joint failures=0
17:08:56 finished checkpoint 2225; GM failures=0; joint failures=0
17:08:56 finished checkpoint 2223; GM failures=0; joint failures=0
17:08:56 finished checkpoint 2226; GM failures=0; joint failures=0
17:08:56 finished checkpoint 2227; GM failures=0; joint failures=0
17:08:56 finished checkpoint 2228; GM failures=0; joint failures=0
17:08:56 finished checkpoint 2229; GM failures=0; joint failures=0
17:08:56 finished checkpoint 2231; GM failures=0; joint failures=0
17:08:56 finished checkpoint 2230; GM failures=1; joint failures=0
17:08:56 finished checkpoint 2232; GM failures=0; joint failures=0
17:08:56 finished checkpoint 2233; GM failures=0; joint failures=0
17:08:56 finished checkpoint 2234; GM failures=0; joint failures=0
17:08:56 finished checkpoint 2235; GM failures=0; joint failures=0
17:08:56 finished checkpoint 2236; GM failures=0; joint failures=0
17:08:56 finished checkpoint 2238; GM failures=0; joint failures=0
17:08:56 finished checkpoint 2237; GM failures=0; joint failures=0
17:08:56 finished checkpoint 2239; GM failures=0; joint failures=0
17:08:56 finished checkpoint 2240; GM failures=0; joint failures=0
17:08:56 finished checkpoint 2242; GM failures=0; joint failures=0
17:08:56 finished checkpoint 2241; GM failures=0; joint failures=0
17:08:56 finished checkpoint 2243; GM failures=0; joint failures=0
17:08:56 finished checkpoint 2244; GM failures=0; joint failures=0
17:08:57 finished checkpoint 2245; GM failures=0; joint failures=0
17:08:57 finished checkpoint 2246; GM failures=0; joint failures=0
17:08:57 finished checkpoint 2247; GM failures=1; joint failures=0
17:08:57 finished checkpoint 2249; GM failures=0; joint failures=0
17:08:57 finished checkpoint 2250; GM failures=0; joint failures=0
17:08:57 finished checkpoint 2248; GM failures=0; joint failures=0
17:08:57 finished checkpoint 2252; GM failures=0; joint failures=0
17:08:57 finished checkpoint 2251; GM failures=0; joint failures=0
17:08:5717:08:57 finished checkpoint  finished checkpoint 22532255; GM failures=; GM failures=00; joint failures=; joint failures=00

17:08:57 finished checkpoint 2254; GM failures=0; joint failures=0
17:08:57 finished checkpoint 2256; GM failures=0; joint failures=0
17:08:57 finished checkpoint 2257; GM failures=0; joint failures=0
17:08:57 finished checkpoint 2259; GM failures=0; joint failures=0
17:08:57 finished checkpoint 2258; GM failures=0; joint failures=0
17:08:57 finished checkpoint 2262; GM failures=0; joint failures=0
17:08:57 finished checkpoint 2260; GM failures=1; joint failures=0
17:08:57 finished checkpoint 2261; GM failures=1; joint failures=0
17:08:57 finished checkpoint 2266; GM failures=0; joint failures=0
17:08:57 finished checkpoint 2264; GM failures=0; joint failures=0
17:08:57 finished checkpoint 2263; GM failures=0; joint failures=0
17:08:57 finished checkpoint 2265; GM failures=0; joint failures=0
17:08:57 finished checkpoint 2267; GM failures=0; joint failures=0
17:08:57 finished checkpoint 2268; GM failures=0; joint failures=0
17:08:57 finished checkpoint 2270; GM failures=0; joint failures=0
17:08:57 finished checkpoint 2272; GM failures=0; joint failures=0
17:08:57 finished checkpoint 2269; GM failures=0; joint failures=0
17:08:57 finished checkpoint 2274; GM failures=0; joint failures=0
17:08:57 finished checkpoint 2273; GM failures=0; joint failures=0
17:08:57 finished checkpoint 2271; GM failures=0; joint failures=0
17:08:57 finished checkpoint 2275; GM failures=0; joint failures=0
17:08:57 finished checkpoint 2276; GM failures=0; joint failures=0
17:08:57 finished checkpoint 2277; GM failures=0; joint failures=0
17:08:57 finished checkpoint 2278; GM failures=0; joint failures=0
17:08:57 finished checkpoint 2279; GM failures=0; joint failures=0
17:08:57 finished checkpoint 2280; GM failures=0; joint failures=0
17:08:57 finished checkpoint 2281; GM failures=0; joint failures=0
17:08:57 finished checkpoint 2282; GM failures=0; joint failures=0
17:08:57 finished checkpoint 2283; GM failures=0; joint failures=0
17:08:57 finished checkpoint 2284; GM failures=0; joint failures=0
17:08:57 finished checkpoint 2285; GM failures=0; joint failures=0
17:08:57 finished checkpoint 2286; GM failures=0; joint failures=0
17:08:58 finished checkpoint 2288; GM failures=0; joint failures=0
17:08:58 finished checkpoint 2287; GM failures=0; joint failures=0
17:08:58 finished checkpoint 2289; GM failures=0; joint failures=0
17:08:58 finished checkpoint 2290; GM failures=0; joint failures=0
17:08:58 finished checkpoint 2292; GM failures=0; joint failures=0
17:08:58 finished checkpoint 2291; GM failures=0; joint failures=0
17:08:58 finished checkpoint 2294; GM failures=0; joint failures=0
17:08:58 finished checkpoint 2295; GM failures=0; joint failures=0
17:08:58 finished checkpoint 2293; GM failures=1; joint failures=0
17:08:58 finished checkpoint 2296; GM failures=0; joint failures=0
17:08:58 finished checkpoint 2298; GM failures=0; joint failures=0
17:08:58 finished checkpoint 2297; GM failures=0; joint failures=0
17:08:58 finished checkpoint 2299; GM failures=0; joint failures=0
17:08:58 finished checkpoint 2301; GM failures=0; joint failures=0
17:08:58 finished checkpoint 2300; GM failures=0; joint failures=0
17:08:58 finished checkpoint 2302; GM failures=1; joint failures=0
17:08:5817:08:58 finished checkpoint  finished checkpoint 23032306; GM failures=; GM failures=00; joint failures=; joint failures=00

17:08:58 finished checkpoint 2304; GM failures=0; joint failures=0
17:08:58 finished checkpoint 2305; GM failures=0; joint failures=0
17:08:58 finished checkpoint 2307; GM failures=0; joint failures=0
17:08:58 finished checkpoint 2308; GM failures=0; joint failures=0
17:08:58 finished checkpoint 2309; GM failures=0; joint failures=0
17:08:58 finished checkpoint 2310; GM failures=0; joint failures=0
17:08:58 finished checkpoint 2311; GM failures=0; joint failures=0
17:08:58 finished checkpoint 2312; GM failures=0; joint failures=0
17:08:58 finished checkpoint 2313; GM failures=0; joint failures=0
17:08:58 finished checkpoint 2314; GM failures=0; joint failures=0
17:08:58 finished checkpoint 2316; GM failures=0; joint failures=0
17:08:58 finished checkpoint 2315; GM failures=0; joint failures=0
17:08:58 finished checkpoint 2317; GM failures=1; joint failures=0
17:08:58 finished checkpoint 2318; GM failures=0; joint failures=0
17:08:58 finished checkpoint 2320; GM failures=0; joint failures=0
17:08:58 finished checkpoint 2319; GM failures=0; joint failures=0
17:08:58 finished checkpoint 2321; GM failures=0; joint failures=0
17:08:58 finished checkpoint 2322; GM failures=0; joint failures=0
17:08:58 finished checkpoint 2323; GM failures=0; joint failures=0
17:08:58 finished checkpoint 2324; GM failures=0; joint failures=0
17:08:58 finished checkpoint 2326; GM failures=0; joint failures=0
17:08:58 finished checkpoint 2325; GM failures=0; joint failures=0
17:08:59 finished checkpoint 2327; GM failures=0; joint failures=0
17:08:59 finished checkpoint 2328; GM failures=0; joint failures=0
17:08:59 finished checkpoint 2329; GM failures=0; joint failures=0
17:08:59 finished checkpoint 2330; GM failures=0; joint failures=0
17:08:59 finished checkpoint 2333; GM failures=1; joint failures=0
17:08:59 finished checkpoint 2332; GM failures=0; joint failures=0
17:08:59 finished checkpoint 2331; GM failures=0; joint failures=0
17:08:59 finished checkpoint 2334; GM failures=0; joint failures=0
17:08:59 finished checkpoint 2335; GM failures=0; joint failures=0
17:08:59 finished checkpoint 2336; GM failures=0; joint failures=0
17:08:59 finished checkpoint 2338; GM failures=0; joint failures=0
17:08:59 finished checkpoint 2337; GM failures=0; joint failures=0
17:08:59 finished checkpoint 2339; GM failures=0; joint failures=0
17:08:59 finished checkpoint 2340; GM failures=0; joint failures=0
17:08:59 finished checkpoint 2341; GM failures=0; joint failures=0
17:08:59 finished checkpoint 2344; GM failures=0; joint failures=0
17:08:59 finished checkpoint 2342; GM failures=0; joint failures=0
17:08:59 finished checkpoint 2343; GM failures=0; joint failures=0
17:08:59 finished checkpoint 2345; GM failures=0; joint failures=0
17:08:59 finished checkpoint 2346; GM failures=0; joint failures=0
17:08:59 finished checkpoint 2348; GM failures=0; joint failures=0
17:08:59 finished checkpoint 2347; GM failures=1; joint failures=0
17:08:59 finished checkpoint 2349; GM failures=0; joint failures=0
17:08:59 finished checkpoint 2350; GM failures=0; joint failures=0
17:08:59 finished checkpoint 2351; GM failures=1; joint failures=0
17:08:59 finished checkpoint 2352; GM failures=0; joint failures=0
17:08:59 finished checkpoint 2354; GM failures=0; joint failures=0
17:08:5917:08:59 finished checkpoint  finished checkpoint 23552353; GM failures=; GM failures=00; joint failures=; joint failures=00

17:08:59 finished checkpoint 2357; GM failures=0; joint failures=0
17:08:59 finished checkpoint 2358; GM failures=0; joint failures=0
17:08:59 finished checkpoint 2356; GM failures=0; joint failures=0
17:08:59 finished checkpoint 2360; GM failures=0; joint failures=0
17:08:59 finished checkpoint 2359; GM failures=1; joint failures=0
17:08:59 finished checkpoint 2362; GM failures=0; joint failures=0
17:08:5917:08:59 finished checkpoint  finished checkpoint 23642361; GM failures=; GM failures=00; joint failures=; joint failures=00

17:08:59 finished checkpoint 2363; GM failures=0; joint failures=0
17:09:00 finished checkpoint 2365; GM failures=0; joint failures=0
17:09:00 finished checkpoint 2366; GM failures=0; joint failures=0
17:09:00 finished checkpoint 2367; GM failures=0; joint failures=0
17:09:00 finished checkpoint 2369; GM failures=0; joint failures=0
17:09:00 finished checkpoint 2370; GM failures=0; joint failures=0
17:09:00 finished checkpoint 2368; GM failures=0; joint failures=0
17:09:00 finished checkpoint 2372; GM failures=0; joint failures=0
17:09:00 finished checkpoint 2371; GM failures=0; joint failures=0
17:09:00 finished checkpoint 2373; GM failures=0; joint failures=0
17:09:00 finished checkpoint 2375; GM failures=0; joint failures=0
17:09:00 finished checkpoint 2374; GM failures=0; joint failures=0
17:09:00 finished checkpoint 2376; GM failures=0; joint failures=0
17:09:00 finished checkpoint 2379; GM failures=0; joint failures=0
17:09:00 finished checkpoint 2377; GM failures=0; joint failures=0
17:09:00 finished checkpoint 2378; GM failures=0; joint failures=0
17:09:00 finished checkpoint 2380; GM failures=0; joint failures=0
17:09:00 finished checkpoint 2381; GM failures=0; joint failures=0
17:09:00 finished checkpoint 2382; GM failures=0; joint failures=0
17:09:00 finished checkpoint 2384; GM failures=0; joint failures=0
17:09:00 finished checkpoint 2383; GM failures=0; joint failures=0
17:09:00 finished checkpoint 2385; GM failures=0; joint failures=0
17:09:00 finished checkpoint 2386; GM failures=0; joint failures=0
17:09:00 finished checkpoint 2387; GM failures=0; joint failures=0
17:09:00 finished checkpoint 2388; GM failures=0; joint failures=0
17:09:00 finished checkpoint 2389; GM failures=0; joint failures=0
17:09:00 finished checkpoint 2390; GM failures=0; joint failures=0
17:09:00 finished checkpoint 2391; GM failures=0; joint failures=0
17:09:00 finished checkpoint 2392; GM failures=0; joint failures=0
17:09:00 finished checkpoint 2393; GM failures=0; joint failures=0
17:09:00 finished checkpoint 2394; GM failures=0; joint failures=0
17:09:00 finished checkpoint 2395; GM failures=0; joint failures=0
17:09:00 finished checkpoint 2401; GM failures=0; joint failures=0
17:09:00 finished checkpoint 2396; GM failures=0; joint failures=0
17:09:00 finished checkpoint 2402; GM failures=0; joint failures=0
17:09:00 finished checkpoint 2397; GM failures=0; joint failures=0
17:09:00 finished checkpoint 2398; GM failures=0; joint failures=0
17:09:00 finished checkpoint 2403; GM failures=0; joint failures=0
17:09:00 finished checkpoint 2400; GM failures=1; joint failures=0
17:09:00 finished checkpoint 2399; GM failures=0; joint failures=0
17:09:00 finished checkpoint 2404; GM failures=0; joint failures=0
17:09:01 finished checkpoint 2405; GM failures=0; joint failures=0
17:09:01 finished checkpoint 2406; GM failures=0; joint failures=0
17:09:01 finished checkpoint 2407; GM failures=0; joint failures=0
17:09:01 finished checkpoint 2410; GM failures=0; joint failures=0
17:09:01 finished checkpoint 2411; GM failures=0; joint failures=0
17:09:01 finished checkpoint 17:09:012408 finished checkpoint ; GM failures=24090; GM failures=; joint failures=00; joint failures=
0
17:09:01 finished checkpoint 2412; GM failures=0; joint failures=0
17:09:01 finished checkpoint 2413; GM failures=0; joint failures=0
17:09:01 finished checkpoint 2414; GM failures=0; joint failures=0
17:09:01 finished checkpoint 2415; GM failures=0; joint failures=0
17:09:01 finished checkpoint 2416; GM failures=0; joint failures=0
17:09:01 finished checkpoint 2417; GM failures=0; joint failures=0
17:09:01 finished checkpoint 2421; GM failures=0; joint failures=0
17:09:01 finished checkpoint 2418; GM failures=0; joint failures=0
17:09:01 finished checkpoint 2424; GM failures=0; joint failures=0
17:09:01 finished checkpoint 2419; GM failures=0; joint failures=0
17:09:01 finished checkpoint 2420; GM failures=0; joint failures=0
17:09:01 finished checkpoint 2423; GM failures=0; joint failures=0
17:09:01 finished checkpoint 2422; GM failures=0; joint failures=0
17:09:01 finished checkpoint 2425; GM failures=0; joint failures=0
17:09:01 finished checkpoint 2426; GM failures=0; joint failures=0
17:09:01 finished checkpoint 2427; GM failures=0; joint failures=0
17:09:01 finished checkpoint 2428; GM failures=0; joint failures=0
17:09:01 finished checkpoint 2430; GM failures=0; joint failures=0
17:09:01 finished checkpoint 2431; GM failures=0; joint failures=0
17:09:01 finished checkpoint 2429; GM failures=0; joint failures=0
17:09:01 finished checkpoint 2436; GM failures=0; joint failures=0
17:09:01 finished checkpoint 2434; GM failures=0; joint failures=0
17:09:01 finished checkpoint 2432; GM failures=0; joint failures=0
17:09:01 finished checkpoint 2433; GM failures=0; joint failures=0
17:09:01 finished checkpoint 2437; GM failures=0; joint failures=0
17:09:01 finished checkpoint 2435; GM failures=0; joint failures=0
17:09:01 finished checkpoint 2438; GM failures=0; joint failures=0
17:09:01 finished checkpoint 2440; GM failures=0; joint failures=0
17:09:01 finished checkpoint 2439; GM failures=0; joint failures=0
17:09:01 finished checkpoint 2442; GM failures=17:09:010 finished checkpoint ; joint failures=24410; GM failures=
0; joint failures=0
17:09:01 finished checkpoint 2443; GM failures=0; joint failures=0
17:09:01 finished checkpoint 2444; GM failures=0; joint failures=0
17:09:01 finished checkpoint 2445; GM failures=0; joint failures=0
17:09:0117:09:01 finished checkpoint  finished checkpoint 24492448; GM failures=; GM failures=00; joint failures=; joint failures=00

17:09:01 finished checkpoint 2446; GM failures=0; joint failures=0
17:09:01 finished checkpoint 2447; GM failures=1; joint failures=0
17:09:01 finished checkpoint 2450; GM failures=0; joint failures=0
17:09:01 finished checkpoint 2451; GM failures=0; joint failures=0
17:09:0117:09:01 finished checkpoint  finished checkpoint 24522453; GM failures=; GM failures=00; joint failures=; joint failures=00

17:09:01 finished checkpoint 2454; GM failures=0; joint failures=0
17:09:01 finished checkpoint 2456; GM failures=0; joint failures=0
17:09:02 finished checkpoint 2455; GM failures=0; joint failures=0
17:09:02 finished checkpoint 2458; GM failures=0; joint failures=0
17:09:02 finished checkpoint 2459; GM failures=0; joint failures=0
17:09:02 finished checkpoint 2460; GM failures=0; joint failures=0
17:09:02 finished checkpoint 2461; GM failures=0; joint failures=0
17:09:02 finished checkpoint 2457; GM failures=0; joint failures=0
17:09:02 finished checkpoint 2462; GM failures=0; joint failures=0
17:09:02 finished checkpoint 2463; GM failures=0; joint failures=0
17:09:02 finished checkpoint 2465; GM failures=0; joint failures=0
17:09:02 finished checkpoint 2464; GM failures=0; joint failures=0
17:09:02 finished checkpoint 2466; GM failures=0; joint failures=0
17:09:02 finished checkpoint 2467; GM failures=0; joint failures=0
17:09:02 finished checkpoint 2468; GM failures=0; joint failures=0
17:09:02 finished checkpoint 2470; GM failures=0; joint failures=0
17:09:02 finished checkpoint 2473; GM failures=0; joint failures=0
17:09:02 finished checkpoint 2469; GM failures=0; joint failures=0
17:09:02 finished checkpoint 2472; GM failures=0; joint failures=0
17:09:02 finished checkpoint 2471; GM failures=0; joint failures=0
17:09:02 finished checkpoint 2474; GM failures=0; joint failures=0
17:09:02 finished checkpoint 2475; GM failures=0; joint failures=0
17:09:02 finished checkpoint 2476; GM failures=0; joint failures=0
17:09:02 finished checkpoint 2477; GM failures=0; joint failures=0
17:09:02 finished checkpoint 2478; GM failures=0; joint failures=0
17:09:02 finished checkpoint 2479; GM failures=0; joint failures=0
17:09:02 finished checkpoint 2480; GM failures=0; joint failures=0
17:09:02 finished checkpoint 2481; GM failures=0; joint failures=0
17:09:02 finished checkpoint 2483; GM failures=0; joint failures=0
17:09:02 finished checkpoint 2482; GM failures=0; joint failures=0
17:09:02 finished checkpoint 2484; GM failures=0; joint failures=0
17:09:02 finished checkpoint 2486; GM failures=0; joint failures=0
17:09:02 finished checkpoint 2485; GM failures=0; joint failures=0
17:09:02 finished checkpoint 2487; GM failures=0; joint failures=0
17:09:02 finished checkpoint 2489; GM failures=0; joint failures=0
17:09:02 finished checkpoint 2490; GM failures=0; joint failures=0
17:09:02 finished checkpoint 2491; GM failures=0; joint failures=0
17:09:02 finished checkpoint 2488; GM failures=0; joint failures=0
17:09:02 finished checkpoint 2492; GM failures=0; joint failures=0
17:09:02 finished checkpoint 2493; GM failures=0; joint failures=0
17:09:02 finished checkpoint 2494; GM failures=0; joint failures=0
17:09:02 finished checkpoint 2495; GM failures=0; joint failures=0
17:09:02 finished checkpoint 2496; GM failures=0; joint failures=0
17:09:02 finished checkpoint 2497; GM failures=0; joint failures=0
17:09:02 finished checkpoint 2498; GM failures=0; joint failures=0
17:09:02 finished checkpoint 2499; GM failures=0; joint failures=0
17:09:02 finished checkpoint 2500; GM failures=0; joint failures=0
17:09:02 finished checkpoint 2503; GM failures=0; joint failures=0
17:09:02 finished checkpoint 2504; GM failures=0; joint failures=0
17:09:03 finished checkpoint 2501; GM failures=0; joint failures=0
17:09:03 finished checkpoint 2502; GM failures=0; joint failures=0
17:09:03 finished checkpoint 2505; GM failures=0; joint failures=0
17:09:03 finished checkpoint 2508; GM failures=1; joint failures=0
17:09:03 finished checkpoint 2507; GM failures=0; joint failures=0
17:09:03 finished checkpoint 2506; GM failures=0; joint failures=0
17:09:03 finished checkpoint 2509; GM failures=0; joint failures=0
17:09:03 finished checkpoint 2510; GM failures=0; joint failures=0
17:09:03 finished checkpoint 2511; GM failures=0; joint failures=0
17:09:03 finished checkpoint 2513; GM failures=0; joint failures=0
17:09:03 finished checkpoint 2512; GM failures=0; joint failures=0
17:09:03 finished checkpoint 2514; GM failures=0; joint failures=0
17:09:03 finished checkpoint 2515; GM failures=0; joint failures=0
17:09:03 finished checkpoint 2517; GM failures=0; joint failures=0
17:09:03 finished checkpoint 2516; GM failures=0; joint failures=0
17:09:03 finished checkpoint 2519; GM failures=0; joint failures=0
17:09:03 finished checkpoint 2518; GM failures=0; joint failures=0
17:09:03 finished checkpoint 2521; GM failures=0; joint failures=0
17:09:03 finished checkpoint 2520; GM failures=0; joint failures=0
17:09:03 finished checkpoint 2522; GM failures=0; joint failures=0
17:09:03 finished checkpoint 2523; GM failures=0; joint failures=0
17:09:03 finished checkpoint 2524; GM failures=0; joint failures=0
17:09:03 finished checkpoint 2525; GM failures=0; joint failures=0
17:09:03 finished checkpoint 2527; GM failures=0; joint failures=0
17:09:03 finished checkpoint 2526; GM failures=0; joint failures=0
17:09:03 finished checkpoint 2529; GM failures=0; joint failures=0
17:09:03 finished checkpoint 2530; GM failures=0; joint failures=0
17:09:03 finished checkpoint 2528; GM failures=0; joint failures=0
17:09:03 finished checkpoint 2531; GM failures=0; joint failures=0
17:09:03 finished checkpoint 2532; GM failures=0; joint failures=0
17:09:03 finished checkpoint 2533; GM failures=0; joint failures=0
17:09:03 finished checkpoint 2534; GM failures=0; joint failures=0
17:09:03 finished checkpoint 2535; GM failures=0; joint failures=0
17:09:03 finished checkpoint 2537; GM failures=0; joint failures=0
17:09:03 finished checkpoint 2540; GM failures=0; joint failures=0
17:09:03 finished checkpoint 2538; GM failures=0; joint failures=0
17:09:03 finished checkpoint 2536; GM failures=0; joint failures=0
17:09:03 finished checkpoint 2539; GM failures=0; joint failures=0
17:09:03 finished checkpoint 2542; GM failures=0; joint failures=0
17:09:03 finished checkpoint 2541; GM failures=0; joint failures=0
17:09:03 finished checkpoint 2544; GM failures=0; joint failures=0
17:09:03 finished checkpoint 2545; GM failures=0; joint failures=0
17:09:03 finished checkpoint 2546; GM failures=0; joint failures=0
17:09:03 finished checkpoint 2543; GM failures=0; joint failures=0
17:09:04 finished checkpoint 2547; GM failures=0; joint failures=0
17:09:04 finished checkpoint 2549; GM failures=0; joint failures=0
17:09:04 finished checkpoint 2550; GM failures=0; joint failures=0
17:09:04 finished checkpoint 2548; GM failures=0; joint failures=0
17:09:04 finished checkpoint 2551; GM failures=0; joint failures=0
17:09:04 finished checkpoint 2552; GM failures=0; joint failures=0
17:09:04 finished checkpoint 2553; GM failures=0; joint failures=0
17:09:04 finished checkpoint 2555; GM failures=0; joint failures=0
17:09:04 finished checkpoint 2556; GM failures=0; joint failures=0
17:09:04 finished checkpoint 2554; GM failures=0; joint failures=0
17:09:04 finished checkpoint 2558; GM failures=0; joint failures=0
17:09:04 finished checkpoint 2557; GM failures=0; joint failures=0
17:09:04 finished checkpoint 2559; GM failures=0; joint failures=0
17:09:04 finished checkpoint 2560; GM failures=0; joint failures=0
17:09:04 finished checkpoint 2562; GM failures=0; joint failures=0
17:09:04 finished checkpoint 2561; GM failures=0; joint failures=0
17:09:04 finished checkpoint 2564; GM failures=0; joint failures=0
17:09:04 finished checkpoint 2563; GM failures=0; joint failures=0
17:09:04 finished checkpoint 2565; GM failures=0; joint failures=0
17:09:04 finished checkpoint 2566; GM failures=0; joint failures=0
17:09:04 finished checkpoint 2567; GM failures=0; joint failures=0
17:09:04 finished checkpoint 2570; GM failures=0; joint failures=0
17:09:04 finished checkpoint 2569; GM failures=0; joint failures=0
17:09:04 finished checkpoint 2568; GM failures=0; joint failures=0
17:09:04 finished checkpoint 2571; GM failures=0; joint failures=0
17:09:04 finished checkpoint 2572; GM failures=0; joint failures=0
17:09:04 finished checkpoint 2573; GM failures=0; joint failures=0
17:09:0417:09:04 finished checkpoint  finished checkpoint 25752576; GM failures=; GM failures=00; joint failures=; joint failures=00

17:09:04 finished checkpoint 2574; GM failures=0; joint failures=0
17:09:04 finished checkpoint 2578; GM failures=0; joint failures=0
17:09:04 finished checkpoint 2577; GM failures=0; joint failures=0
17:09:04 finished checkpoint 2579; GM failures=0; joint failures=0
17:09:04 finished checkpoint 2582; GM failures=0; joint failures=0
17:09:04 finished checkpoint 2580; GM failures=0; joint failures=0
17:09:04 finished checkpoint 2581; GM failures=0; joint failures=0
17:09:04 finished checkpoint 2583; GM failures=0; joint failures=0
17:09:04 finished checkpoint 2585; GM failures=0; joint failures=0
17:09:04 finished checkpoint 2587; GM failures=0; joint failures=0
17:09:04 finished checkpoint 2586; GM failures=0; joint failures=0
17:09:04 finished checkpoint 2588; GM failures=0; joint failures=0
17:09:0417:09:04 finished checkpoint  finished checkpoint 25842589; GM failures=; GM failures=00; joint failures=; joint failures=00

17:09:04 finished checkpoint 2590; GM failures=0; joint failures=0
17:09:04 finished checkpoint 2593; GM failures=0; joint failures=0
17:09:04 finished checkpoint 2591; GM failures=0; joint failures=0
17:09:04 finished checkpoint 2592; GM failures=0; joint failures=0
17:09:04 finished checkpoint 2594; GM failures=0; joint failures=0
17:09:05 finished checkpoint 2595; GM failures=0; joint failures=0
17:09:05 finished checkpoint 2597; GM failures=0; joint failures=0
17:09:05 finished checkpoint 2596; GM failures=0; joint failures=0
17:09:05 finished checkpoint 2599; GM failures=0; joint failures=0
17:09:05 finished checkpoint 2598; GM failures=0; joint failures=0
17:09:05 finished checkpoint 2600; GM failures=0; joint failures=0
17:09:05 finished checkpoint 2602; GM failures=0; joint failures=0
17:09:05 finished checkpoint 2601; GM failures=0; joint failures=0
17:09:05 finished checkpoint 2603; GM failures=0; joint failures=0
17:09:05 finished checkpoint 2604; GM failures=1; joint failures=0
17:09:05 finished checkpoint 2605; GM failures=0; joint failures=0
17:09:05 finished checkpoint 2606; GM failures=0; joint failures=0
17:09:05 finished checkpoint 2607; GM failures=0; joint failures=0
17:09:05 finished checkpoint 2608; GM failures=0; joint failures=0
17:09:05 finished checkpoint 2609; GM failures=0; joint failures=0
17:09:05 finished checkpoint 2611; GM failures=0; joint failures=0
17:09:05 finished checkpoint 2612; GM failures=1; joint failures=0
17:09:05 finished checkpoint 2610; GM failures=0; joint failures=0
17:09:05 finished checkpoint 2614; GM failures=0; joint failures=0
17:09:05 finished checkpoint 2613; GM failures=0; joint failures=0
17:09:05 finished checkpoint 2617; GM failures=0; joint failures=0
17:09:05 finished checkpoint 2616; GM failures=0; joint failures=0
17:09:05 finished checkpoint 2615; GM failures=0; joint failures=0
17:09:05 finished checkpoint 2618; GM failures=0; joint failures=0
17:09:05 finished checkpoint 2620; GM failures=0; joint failures=0
17:09:05 finished checkpoint 2621; GM failures=0; joint failures=0
17:09:05 finished checkpoint 2619; GM failures=0; joint failures=0
17:09:05 finished checkpoint 2622; GM failures=0; joint failures=0
17:09:05 finished checkpoint 2623; GM failures=0; joint failures=0
17:09:05 finished checkpoint 2624; GM failures=0; joint failures=0
17:09:05 finished checkpoint 2628; GM failures=0; joint failures=0
17:09:0517:09:05 finished checkpoint 2625; GM failures=0; joint failures=0
 finished checkpoint 2627; GM failures=0; joint failures=0
17:09:05 finished checkpoint 2629; GM failures=0; joint failures=0
17:09:05 finished checkpoint 2626; GM failures=0; joint failures=0
17:09:05 finished checkpoint 2633; GM failures=0; joint failures=0
17:09:05 finished checkpoint 2630; GM failures=0; joint failures=0
17:09:05 finished checkpoint 2631; GM failures=0; joint failures=0
17:09:05 finished checkpoint 2632; GM failures=1; joint failures=0
17:09:05 finished checkpoint 2634; GM failures=0; joint failures=0
17:09:05 finished checkpoint 2635; GM failures=0; joint failures=0
17:09:06 finished checkpoint 2636; GM failures=0; joint failures=0
17:09:06 finished checkpoint 2637; GM failures=0; joint failures=0
17:09:06 finished checkpoint 2641; GM failures=0; joint failures=0
17:09:06 finished checkpoint 2638; GM failures=0; joint failures=0
17:09:06 finished checkpoint 2640; GM failures=0; joint failures=0
17:09:06 finished checkpoint 2639; GM failures=0; joint failures=0
17:09:06 finished checkpoint 2642; GM failures=0; joint failures=0
17:09:06 finished checkpoint 2643; GM failures=0; joint failures=0
17:09:06 finished checkpoint 2644; GM failures=0; joint failures=0
17:09:06 finished checkpoint 2647; GM failures=0; joint failures=0
17:09:0617:09:06 finished checkpoint  finished checkpoint 26452646; GM failures=; GM failures=00; joint failures=; joint failures=00

17:09:06 finished checkpoint 2648; GM failures=0; joint failures=0
17:09:06 finished checkpoint 2650; GM failures=0; joint failures=0
17:09:06 finished checkpoint 2649; GM failures=0; joint failures=0
17:09:06 finished checkpoint 2653; GM failures=0; joint failures=0
17:09:06 finished checkpoint 2651; GM failures=0; joint failures=0
17:09:06 finished checkpoint 2652; GM failures=0; joint failures=0
17:09:06 finished checkpoint 2654; GM failures=0; joint failures=0
17:09:06 finished checkpoint 2656; GM failures=017:09:06; joint failures= finished checkpoint 02658
; GM failures=0; joint failures=0
17:09:06 finished checkpoint 2655; GM failures=0; joint failures=0
17:09:06 finished checkpoint 2657; GM failures=0; joint failures=0
17:09:06 finished checkpoint 2659; GM failures=0; joint failures=0
17:09:06 finished checkpoint 2660; GM failures=0; joint failures=0
17:09:06 finished checkpoint 2662; GM failures=0; joint failures=0
17:09:06 finished checkpoint 2661; GM failures=0; joint failures=0
17:09:06 finished checkpoint 2665; GM failures=0; joint failures=0
17:09:06 finished checkpoint 2664; GM failures=0; joint failures=0
17:09:06 finished checkpoint 2663; GM failures=0; joint failures=0
17:09:06 finished checkpoint 2666; GM failures=1; joint failures=0
17:09:06 finished checkpoint 2668; GM failures=0; joint failures=0
17:09:06 finished checkpoint 2667; GM failures=0; joint failures=0
17:09:06 finished checkpoint 2669; GM failures=0; joint failures=0
17:09:06 finished checkpoint 2670; GM failures=0; joint failures=0
17:09:06 finished checkpoint 2671; GM failures=0; joint failures=0
17:09:06 finished checkpoint 2672; GM failures=0; joint failures=0
17:09:06 finished checkpoint 2673; GM failures=0; joint failures=0
17:09:06 finished checkpoint 2674; GM failures=0; joint failures=0
17:09:06 finished checkpoint 2676; GM failures=0; joint failures=0
17:09:06 finished checkpoint 2677; GM failures=0; joint failures=0
17:09:06 finished checkpoint 2675; GM failures=0; joint failures=0
17:09:07 finished checkpoint 2678; GM failures=0; joint failures=0
17:09:07 finished checkpoint 2679; GM failures=0; joint failures=17:09:070 finished checkpoint 
2681; GM failures=0; joint failures=0
17:09:07 finished checkpoint 2680; GM failures=0; joint failures=0
17:09:07 finished checkpoint 2682; GM failures=0; joint failures=0
17:09:07 finished checkpoint 2683; GM failures=0; joint failures=0
17:09:07 finished checkpoint 2684; GM failures=0; joint failures=0
17:09:07 finished checkpoint 2685; GM failures=0; joint failures=0
17:09:07 finished checkpoint 2688; GM failures=0; joint failures=0
17:09:07 finished checkpoint 2686; GM failures=0; joint failures=0
17:09:07 finished checkpoint 2687; GM failures=0; joint failures=0
17:09:07 finished checkpoint 2689; GM failures=0; joint failures=0
17:09:07 finished checkpoint 2692; GM failures=0; joint failures=0
17:09:07 finished checkpoint 2690; GM failures=0; joint failures=0
17:09:07 finished checkpoint 2691; GM failures=0; joint failures=0
17:09:07 finished checkpoint 2693; GM failures=0; joint failures=0
17:09:07 finished checkpoint 2694; GM failures=0; joint failures=0
17:09:07 finished checkpoint 2695; GM failures=0; joint failures=0
17:09:07 finished checkpoint 2696; GM failures=0; joint failures=0
17:09:07 finished checkpoint 2698; GM failures=0; joint failures=0
17:09:07 finished checkpoint 2699; GM failures=0; joint failures=0
17:09:07 finished checkpoint 2700; GM failures=0; joint failures=0
17:09:07 finished checkpoint 2697; GM failures=0; joint failures=0
17:09:07 finished checkpoint 2701; GM failures=1; joint failures=0
17:09:07 finished checkpoint 2702; GM failures=0; joint failures=0
17:09:07 finished checkpoint 2703; GM failures=0; joint failures=0
17:09:07 finished checkpoint 2705; GM failures=0; joint failures=0
17:09:07 finished checkpoint 2704; GM failures=0; joint failures=0
17:09:07 finished checkpoint 2706; GM failures=0; joint failures=0
17:09:07 finished checkpoint 2707; GM failures=0; joint failures=0
17:09:07 finished checkpoint 2708; GM failures=0; joint failures=0
17:09:07 finished checkpoint 2709; GM failures=0; joint failures=0
17:09:07 finished checkpoint 2710; GM failures=0; joint failures=0
17:09:07 finished checkpoint 2712; GM failures=0; joint failures=0
17:09:07 finished checkpoint 2711; GM failures=0; joint failures=0
17:09:07 finished checkpoint 2713; GM failures=0; joint failures=0
17:09:08 finished checkpoint 2714; GM failures=0; joint failures=0
17:09:08 finished checkpoint 2715; GM failures=0; joint failures=0
17:09:08 finished checkpoint 2717; GM failures=0; joint failures=0
17:09:08 finished checkpoint 2716; GM failures=0; joint failures=0
17:09:08 finished checkpoint 2718; GM failures=0; joint failures=0
17:09:08 finished checkpoint 2719; GM failures=0; joint failures=0
17:09:08 finished checkpoint 2720; GM failures=0; joint failures=0
17:09:08 finished checkpoint 2723; GM failures=0; joint failures=0
17:09:08 finished checkpoint 2722; GM failures=0; joint failures=0
17:09:08 finished checkpoint 2721; GM failures=0; joint failures=0
17:09:08 finished checkpoint 2724; GM failures=0; joint failures=0
17:09:08 finished checkpoint 2725; GM failures=0; joint failures=0
17:09:08 finished checkpoint 2727; GM failures=0; joint failures=0
17:09:08 finished checkpoint 2726; GM failures=0; joint failures=0
17:09:08 finished checkpoint 2730; GM failures=0; joint failures=0
17:09:08 finished checkpoint 2731; GM failures=0; joint failures=0
17:09:08 finished checkpoint 2728; GM failures=0; joint failures=0
17:09:08 finished checkpoint 2729; GM failures=0; joint failures=0
17:09:08 finished checkpoint 2732; GM failures=0; joint failures=0
17:09:08 finished checkpoint 2733; GM failures=0; joint failures=0
17:09:08 finished checkpoint 2734; GM failures=0; joint failures=0
17:09:08 finished checkpoint 2735; GM failures=0; joint failures=0
17:09:08 finished checkpoint 2736; GM failures=0; joint failures=0
17:09:08 finished checkpoint 2737; GM failures=0; joint failures=0
17:09:08 finished checkpoint 2739; GM failures=0; joint failures=0
17:09:08 finished checkpoint 2738; GM failures=0; joint failures=0
17:09:08 finished checkpoint 2740; GM failures=0; joint failures=0
17:09:08 finished checkpoint 2742; GM failures=0; joint failures=0
17:09:08 finished checkpoint 2743; GM failures=0; joint failures=0
17:09:08 finished checkpoint 2741; GM failures=0; joint failures=0
17:09:08 finished checkpoint 2744; GM failures=0; joint failures=0
17:09:08 finished checkpoint 2745; GM failures=0; joint failures=0
17:09:08 finished checkpoint 2746; GM failures=0; joint failures=0
17:09:08 finished checkpoint 2748; GM failures=0; joint failures=0
17:09:08 finished checkpoint 2747; GM failures=0; joint failures=0
17:09:08 finished checkpoint 2749; GM failures=0; joint failures=0
17:09:08 finished checkpoint 2750; GM failures=0; joint failures=0
17:09:08 finished checkpoint 2751; GM failures=0; joint failures=0
17:09:08 finished checkpoint 2753; GM failures=0; joint failures=0
17:09:08 finished checkpoint 2752; GM failures=0; joint failures=0
17:09:08 finished checkpoint 2754; GM failures=0; joint failures=0
17:09:09 finished checkpoint 2755; GM failures=0; joint failures=0
17:09:0917:09:09 finished checkpoint  finished checkpoint 27562757; GM failures=; GM failures=01; joint failures=; joint failures=00

17:09:09 finished checkpoint 2758; GM failures=0; joint failures=0
17:09:09 finished checkpoint 2759; GM failures=1; joint failures=0
17:09:09 finished checkpoint 2760; GM failures=0; joint failures=0
17:09:09 finished checkpoint 2761; GM failures=0; joint failures=0
17:09:09 finished checkpoint 2762; GM failures=0; joint failures=0
17:09:09 finished checkpoint 2763; GM failures=0; joint failures=0
17:09:09 finished checkpoint 2766; GM failures=0; joint failures=0
17:09:09 finished checkpoint 2765; GM failures=1; joint failures=0
17:09:09 finished checkpoint 2764; GM failures=0; joint failures=0
17:09:09 finished checkpoint 2767; GM failures=0; joint failures=0
17:09:09 finished checkpoint 2769; GM failures=0; joint failures=0
17:09:09 finished checkpoint 2768; GM failures=0; joint failures=0
17:09:09 finished checkpoint 2770; GM failures=0; joint failures=0
17:09:09 finished checkpoint 2771; GM failures=1; joint failures=0
17:09:09 finished checkpoint 2772; GM failures=0; joint failures=0
17:09:09 finished checkpoint 2773; GM failures=0; joint failures=0
17:09:0917:09:09 finished checkpoint  finished checkpoint 27742776; GM failures=; GM failures=00; joint failures=; joint failures=00

17:09:09 finished checkpoint 2775; GM failures=0; joint failures=0
17:09:09 finished checkpoint 2778; GM failures=0; joint failures=0
17:09:09 finished checkpoint 2777; GM failures=1; joint failures=0
17:09:09 finished checkpoint 2780; GM failures=0; joint failures=0
17:09:09 finished checkpoint 2781; GM failures=0; joint failures=0
17:09:09 finished checkpoint 2779; GM failures=1; joint failures=0
17:09:09 finished checkpoint 2782; GM failures=0; joint failures=0
17:09:0917:09:09 finished checkpoint  finished checkpoint 27832784; GM failures=; GM failures=00; joint failures=; joint failures=00

17:09:09 finished checkpoint 2785; GM failures=0; joint failures=0
17:09:09 finished checkpoint 2786; GM failures=0; joint failures=0
17:09:09 finished checkpoint 2787; GM failures=0; joint failures=0
17:09:09 finished checkpoint 2788; GM failures=0; joint failures=0
17:09:09 finished checkpoint 2789; GM failures=0; joint failures=0
17:09:09 finished checkpoint 2790; GM failures=0; joint failures=0
17:09:10 finished checkpoint 2792; GM failures=0; joint failures=0
17:09:10 finished checkpoint 2791; GM failures=0; joint failures=0
17:09:10 finished checkpoint 2793; GM failures=0; joint failures=0
17:09:10 finished checkpoint 2794; GM failures=0; joint failures=0
17:09:10 finished checkpoint 2795; GM failures=0; joint failures=0
17:09:10 finished checkpoint 2796; GM failures=0; joint failures=0
17:09:10 finished checkpoint 2797; GM failures=0; joint failures=0
17:09:10 finished checkpoint 2802; GM failures=0; joint failures=0
17:09:10 finished checkpoint 2801; GM failures=0; joint failures=0
17:09:10 finished checkpoint 2798; GM failures=0; joint failures=0
17:09:10 finished checkpoint 2800; GM failures=0; joint failures=0
17:09:10 finished checkpoint 2799; GM failures=1; joint failures=0
17:09:10 finished checkpoint 2803; GM failures=0; joint failures=0
17:09:10 finished checkpoint 2804; GM failures=0; joint failures=0
17:09:10 finished checkpoint 2805; GM failures=0; joint failures=0
17:09:10 finished checkpoint 2806; GM failures=0; joint failures=0
17:09:10 finished checkpoint 2807; GM failures=0; joint failures=0
17:09:10 finished checkpoint 2808; GM failures=0; joint failures=0
17:09:10 finished checkpoint 2809; GM failures=0; joint failures=0
17:09:10 finished checkpoint 2813; GM failures=0; joint failures=0
17:09:10 finished checkpoint 2812; GM failures=0; joint failures=0
17:09:10 finished checkpoint 2811; GM failures=0; joint failures=0
17:09:10 finished checkpoint 2814; GM failures=0; joint failures=0
17:09:10 finished checkpoint 2810; GM failures=0; joint failures=0
17:09:10 finished checkpoint 2815; GM failures=0; joint failures=0
17:09:10 finished checkpoint 2816; GM failures=0; joint failures=0
17:09:10 finished checkpoint 2817; GM failures=0; joint failures=0
17:09:10 finished checkpoint 2818; GM failures=0; joint failures=0
17:09:10 finished checkpoint 2820; GM failures=0; joint failures=0
17:09:10 finished checkpoint 2819; GM failures=0; joint failures=0
17:09:10 finished checkpoint 2821; GM failures=0; joint failures=0
17:09:10 finished checkpoint 2823; GM failures=0; joint failures=0
17:09:10 finished checkpoint 2822; GM failures=0; joint failures=0
17:09:10 finished checkpoint 2824; GM failures=0; joint failures=0
17:09:10 finished checkpoint 2825; GM failures=0; joint failures=0
17:09:1017:09:10 finished checkpoint  finished checkpoint 28262827; GM failures=; GM failures=00; joint failures=; joint failures=00

17:09:10 finished checkpoint 2828; GM failures=0; joint failures=0
17:09:10 finished checkpoint 2829; GM failures=0; joint failures=0
17:09:10 finished checkpoint 2830; GM failures=0; joint failures=0
17:09:10 finished checkpoint 2834; GM failures=0; joint failures=0
17:09:10 finished checkpoint 2831; GM failures=0; joint failures=0
17:09:10 finished checkpoint 2833; GM failures=0; joint failures=0
17:09:10 finished checkpoint 2832; GM failures=0; joint failures=0
17:09:10 finished checkpoint 2836; GM failures=0; joint failures=0
17:09:10 finished checkpoint 2837; GM failures=0; joint failures=0
17:09:10 finished checkpoint 2835; GM failures=0; joint failures=0
17:09:10 finished checkpoint 2838; GM failures=0; joint failures=0
17:09:10 finished checkpoint 2839; GM failures=0; joint failures=0
17:09:11 finished checkpoint 2840; GM failures=0; joint failures=0
17:09:11 finished checkpoint 2841; GM failures=0; joint failures=0
17:09:11 finished checkpoint 2842; GM failures=0; joint failures=0
17:09:11 finished checkpoint 2843; GM failures=0; joint failures=0
17:09:11 finished checkpoint 2845; GM failures=0; joint failures=0
17:09:11 finished checkpoint 2844; GM failures=0; joint failures=0
17:09:11 finished checkpoint 2849; GM failures=0; joint failures=0
17:09:11 finished checkpoint 2847; GM failures=0; joint failures=0
17:09:11 finished checkpoint 2846; GM failures=0; joint failures=0
17:09:11 finished checkpoint 2850; GM failures=0; joint failures=0
17:09:11 finished checkpoint 2848; GM failures=0; joint failures=0
17:09:11 finished checkpoint 2851; GM failures=0; joint failures=0
17:09:11 finished checkpoint 2852; GM failures=0; joint failures=0
17:09:11 finished checkpoint 2853; GM failures=0; joint failures=0
17:09:11 finished checkpoint 2854; GM failures=0; joint failures=0
17:09:11 finished checkpoint 2855; GM failures=0; joint failures=0
17:09:11 finished checkpoint 2856; GM failures=0; joint failures=0
17:09:11 finished checkpoint 2857; GM failures=0; joint failures=0
17:09:11 finished checkpoint 2859; GM failures=0; joint failures=0
17:09:11 finished checkpoint 2860; GM failures=0; joint failures=0
17:09:11 finished checkpoint 2861; GM failures=0; joint failures=0
17:09:11 finished checkpoint 2858; GM failures=0; joint failures=0
17:09:11 finished checkpoint 2862; GM failures=0; joint failures=0
17:09:11 finished checkpoint 2863; GM failures=0; joint failures=0
17:09:11 finished checkpoint 2864; GM failures=0; joint failures=0
17:09:11 finished checkpoint 2866; GM failures=0; joint failures=0
17:09:11 finished checkpoint 2865; GM failures=0; joint failures=0
17:09:11 finished checkpoint 2867; GM failures=0; joint failures=0
17:09:11 finished checkpoint 2868; GM failures=0; joint failures=0
17:09:11 finished checkpoint 2869; GM failures=0; joint failures=0
17:09:11 finished checkpoint 2871; GM failures=0; joint failures=0
17:09:11 finished checkpoint 2872; GM failures=0; joint failures=0
17:09:11 finished checkpoint 2870; GM failures=0; joint failures=0
17:09:11 finished checkpoint 2873; GM failures=0; joint failures=0
17:09:11 finished checkpoint 2874; GM failures=0; joint failures=0
17:09:11 finished checkpoint 2875; GM failures=0; joint failures=0
17:09:11 finished checkpoint 2876; GM failures=0; joint failures=0
17:09:11 finished checkpoint 2877; GM failures=0; joint failures=0
17:09:11 finished checkpoint 2878; GM failures=0; joint failures=0
17:09:11 finished checkpoint 2880; GM failures=0; joint failures=0
17:09:11 finished checkpoint 2879; GM failures=0; joint failures=0
17:09:11 finished checkpoint 2881; GM failures=0; joint failures=0
17:09:1117:09:11 finished checkpoint  finished checkpoint 28822884; GM failures=; GM failures=00; joint failures=; joint failures=00

17:09:11 finished checkpoint 2883; GM failures=0; joint failures=0
17:09:11 finished checkpoint 2886; GM failures=0; joint failures=0
17:09:12 finished checkpoint 2885; GM failures=0; joint failures=0
17:09:12 finished checkpoint 2887; GM failures=0; joint failures=0
17:09:12 finished checkpoint 2888; GM failures=0; joint failures=0
17:09:12 finished checkpoint 2890; GM failures=0; joint failures=0
17:09:12 finished checkpoint 2889; GM failures=0; joint failures=0
17:09:12 finished checkpoint 2891; GM failures=0; joint failures=0
17:09:12 finished checkpoint 2892; GM failures=0; joint failures=0
17:09:12 finished checkpoint 2893; GM failures=0; joint failures=0
17:09:12 finished checkpoint 2894; GM failures=0; joint failures=0
17:09:12 finished checkpoint 2895; GM failures=0; joint failures=0
17:09:12 finished checkpoint 2897; GM failures=0; joint failures=0
17:09:12 finished checkpoint 2896; GM failures=0; joint failures=0
17:09:12 finished checkpoint 2899; GM failures=0; joint failures=0
17:09:12 finished checkpoint 2898; GM failures=0; joint failures=0
17:09:12 finished checkpoint 2900; GM failures=0; joint failures=0
17:09:12 finished checkpoint 2901; GM failures=0; joint failures=0
17:09:12 finished checkpoint 2902; GM failures=0; joint failures=0
17:09:12 finished checkpoint 2903; GM failures=0; joint failures=0
17:09:12 finished checkpoint 2905; GM failures=0; joint failures=0
17:09:12 finished checkpoint 2904; GM failures=0; joint failures=0
17:09:12 finished checkpoint 2908; GM failures=0; joint failures=0
17:09:12 finished checkpoint 2907; GM failures=0; joint failures=0
17:09:12 finished checkpoint 2906; GM failures=0; joint failures=0
17:09:12 finished checkpoint 2909; GM failures=0; joint failures=0
17:09:12 finished checkpoint 2910; GM failures=0; joint failures=0
17:09:12 finished checkpoint 2911; GM failures=0; joint failures=0
17:09:12 finished checkpoint 2912; GM failures=0; joint failures=0
17:09:12 finished checkpoint 2914; GM failures=0; joint failures=0
17:09:12 finished checkpoint 2913; GM failures=0; joint failures=0
17:09:12 finished checkpoint 2918; GM failures=0; joint failures=0
17:09:12 finished checkpoint 2915; GM failures=0; joint failures=0
17:09:12 finished checkpoint 2916; GM failures=0; joint failures=0
17:09:12 finished checkpoint 2919; GM failures=0; joint failures=0
17:09:12 finished checkpoint 2917; GM failures=1; joint failures=0
17:09:12 finished checkpoint 2920; GM failures=0; joint failures=0
17:09:12 finished checkpoint 2921; GM failures=0; joint failures=0
17:09:12 finished checkpoint 2923; GM failures=0; joint failures=0
17:09:12 finished checkpoint 2922; GM failures=0; joint failures=0
17:09:12 finished checkpoint 2924; GM failures=0; joint failures=0
17:09:12 finished checkpoint 2925; GM failures=0; joint failures=0
17:09:12 finished checkpoint 2926; GM failures=0; joint failures=0
17:09:12 finished checkpoint 2929; GM failures=0; joint failures=0
17:09:12 finished checkpoint 2927; GM failures=0; joint failures=0
17:09:12 finished checkpoint 2930; GM failures=0; joint failures=0
17:09:12 finished checkpoint 2928; GM failures=0; joint failures=0
17:09:12 finished checkpoint 2931; GM failures=0; joint failures=0
17:09:12 finished checkpoint 2933; GM failures=0; joint failures=0
17:09:12 finished checkpoint 2935; GM failures=0; joint failures=0
17:09:12 finished checkpoint 2932; GM failures=0; joint failures=0
17:09:13 finished checkpoint 2934; GM failures=0; joint failures=0
17:09:1317:09:13 finished checkpoint  finished checkpoint 29372936; GM failures=; GM failures=00; joint failures=; joint failures=00

17:09:13 finished checkpoint 2938; GM failures=0; joint failures=0
17:09:13 finished checkpoint 2939; GM failures=0; joint failures=0
17:09:13 finished checkpoint 294117:09:13; GM failures= finished checkpoint 02940; joint failures=; GM failures=00
; joint failures=0
17:09:13 finished checkpoint 2944; GM failures=0; joint failures=0
17:09:13 finished checkpoint 2942; GM failures=0; joint failures=0
17:09:13 finished checkpoint 2943; GM failures=0; joint failures=0
17:09:13 finished checkpoint 2945; GM failures=0; joint failures=0
17:09:13 finished checkpoint 2946; GM failures=0; joint failures=0
17:09:13 finished checkpoint 2947; GM failures=0; joint failures=0
17:09:13 finished checkpoint 2948; GM failures=0; joint failures=0
17:09:13 finished checkpoint 2949; GM failures=0; joint failures=0
17:09:13 finished checkpoint 2950; GM failures=0; joint failures=0
17:09:13 finished checkpoint 2951; GM failures=0; joint failures=0
17:09:13 finished checkpoint 2952; GM failures=0; joint failures=0
17:09:13 finished checkpoint 2953; GM failures=0; joint failures=0
17:09:13 finished checkpoint 2956; GM failures=0; joint failures=0
17:09:13 finished checkpoint 2955; GM failures=0; joint failures=0
17:09:13 finished checkpoint 2954; GM failures=0; joint failures=0
17:09:13 finished checkpoint 2958; GM failures=0; joint failures=0
17:09:13 finished checkpoint 2957; GM failures=0; joint failures=0
17:09:13 finished checkpoint 2959; GM failures=0; joint failures=0
17:09:13 finished checkpoint 2960; GM failures=0; joint failures=0
17:09:13 finished checkpoint 2961; GM failures=0; joint failures=0
17:09:13 finished checkpoint 2962; GM failures=0; joint failures=0
17:09:13 finished checkpoint 2965; GM failures=0; joint failures=0
17:09:13 finished checkpoint 2963; GM failures=0; joint failures=0
17:09:13 finished checkpoint 2964; GM failures=0; joint failures=0
17:09:13 finished checkpoint 2967; GM failures=0; joint failures=0
17:09:13 finished checkpoint 2966; GM failures=0; joint failures=0
17:09:13 finished checkpoint 2968; GM failures=0; joint failures=0
17:09:13 finished checkpoint 2970; GM failures=0; joint failures=0
17:09:13 finished checkpoint 2969; GM failures=0; joint failures=0
17:09:13 finished checkpoint 2971; GM failures=0; joint failures=0
17:09:1317:09:13 finished checkpoint  finished checkpoint 29722973; GM failures=; GM failures=00; joint failures=; joint failures=00

17:09:13 finished checkpoint 2974; GM failures=0; joint failures=0
17:09:13 finished checkpoint 2976; GM failures=0; joint failures=0
17:09:13 finished checkpoint 2975; GM failures=0; joint failures=0
17:09:13 finished checkpoint 2977; GM failures=0; joint failures=0
17:09:13 finished checkpoint 2978; GM failures=0; joint failures=0
17:09:13 finished checkpoint 2979; GM failures=0; joint failures=0
17:09:13 finished checkpoint 2980; GM failures=0; joint failures=0
17:09:14 finished checkpoint 2982; GM failures=0; joint failures=0
17:09:14 finished checkpoint 2983; GM failures=0; joint failures=0
17:09:14 finished checkpoint 2981; GM failures=0; joint failures=0
17:09:14 finished checkpoint 2985; GM failures=0; joint failures=0
17:09:14 finished checkpoint 2986; GM failures=0; joint failures=0
17:09:14 finished checkpoint 2984; GM failures=0; joint failures=0
17:09:14 finished checkpoint 2987; GM failures=0; joint failures=0
17:09:14 finished checkpoint 2989; GM failures=0; joint failures=0
17:09:14 finished checkpoint 2988; GM failures=0; joint failures=0
17:09:14 finished checkpoint 2990; GM failures=0; joint failures=0
17:09:14 finished checkpoint 2992; GM failures=0; joint failures=0
17:09:14 finished checkpoint 2991; GM failures=0; joint failures=0
17:09:14 finished checkpoint 2993; GM failures=0; joint failures=0
17:09:14 finished checkpoint 2995; GM failures=0; joint failures=0
17:09:14 finished checkpoint 2994; GM failures=0; joint failures=0
17:09:14 finished checkpoint 2997; GM failures=0; joint failures=0
17:09:14 finished checkpoint 2998; GM failures=0; joint failures=0
17:09:14 finished checkpoint 2996; GM failures=0; joint failures=0
17:09:14 finished checkpoint 3000; GM failures=0; joint failures=0
17:09:14 finished checkpoint 2999; GM failures=0; joint failures=0
17:09:14 finished checkpoint 3001; GM failures=0; joint failures=0
17:09:14 finished checkpoint 3002; GM failures=017:09:14; joint failures= finished checkpoint 03004
; GM failures=0; joint failures=0
17:09:14 finished checkpoint 3003; GM failures=0; joint failures=0
17:09:14 finished checkpoint 3005; GM failures=0; joint failures=0
17:09:14 finished checkpoint 3006; GM failures=0; joint failures=0
17:09:14 finished checkpoint 3007; GM failures=0; joint failures=0
17:09:14 finished checkpoint 3008; GM failures=0; joint failures=0
17:09:14 finished checkpoint 3009; GM failures=0; joint failures=0
17:09:14 finished checkpoint 3010; GM failures=0; joint failures=0
17:09:14 finished checkpoint 3011; GM failures=0; joint failures=0
17:09:14 finished checkpoint 3013; GM failures=0; joint failures=0
17:09:14 finished checkpoint 3014; GM failures=0; joint failures=0
17:09:14 finished checkpoint 3012; GM failures=0; joint failures=0
17:09:14 finished checkpoint 3016; GM failures=0; joint failures=0
17:09:14 finished checkpoint 3017; GM failures=0; joint failures=0
17:09:14 finished checkpoint 3015; GM failures=1; joint failures=0
17:09:14 finished checkpoint 3018; GM failures=0; joint failures=0
17:09:14 finished checkpoint 3019; GM failures=0; joint failures=0
17:09:14 finished checkpoint 3020; GM failures=0; joint failures=0
17:09:15 finished checkpoint 3022; GM failures=0; joint failures=0
17:09:1517:09:15 finished checkpoint  finished checkpoint 30213023; GM failures=; GM failures=00; joint failures=; joint failures=00

17:09:15 finished checkpoint 3024; GM failures=0; joint failures=0
17:09:15 finished checkpoint 3025; GM failures=0; joint failures=0
17:09:15 finished checkpoint 3026; GM failures=0; joint failures=0
17:09:15 finished checkpoint 3027; GM failures=0; joint failures=0
17:09:15 finished checkpoint 3028; GM failures=0; joint failures=0
17:09:15 finished checkpoint 3029; GM failures=0; joint failures=0
17:09:15 finished checkpoint 3030; GM failures=0; joint failures=0
17:09:15 finished checkpoint 3032; GM failures=0; joint failures=0
17:09:15 finished checkpoint 3031; GM failures=0; joint failures=0
17:09:15 finished checkpoint 3033; GM failures=0; joint failures=0
17:09:15 finished checkpoint 3035; GM failures=0; joint failures=0
17:09:15 finished checkpoint 3034; GM failures=0; joint failures=0
17:09:15 finished checkpoint 3036; GM failures=0; joint failures=0
17:09:15 finished checkpoint 3037; GM failures=1; joint failures=0
17:09:15 finished checkpoint 3040; GM failures=0; joint failures=0
17:09:15 finished checkpoint 3038; GM failures=1; joint failures=0
17:09:15 finished checkpoint 3039; GM failures=1; joint failures=0
17:09:15 finished checkpoint 3041; GM failures=1; joint failures=0
17:09:15 finished checkpoint 3042; GM failures=0; joint failures=0
17:09:15 finished checkpoint 3043; GM failures=0; joint failures=0
17:09:15 finished checkpoint 3045; GM failures=1; joint failures=0
17:09:15 finished checkpoint 3044; GM failures=0; joint failures=0
17:09:15 finished checkpoint 3047; GM failures=0; joint failures=0
17:09:15 finished checkpoint 3046; GM failures=0; joint failures=0
17:09:15 finished checkpoint 3049; GM failures=0; joint failures=0
17:09:15 finished checkpoint 3048; GM failures=0; joint failures=0
17:09:15 finished checkpoint 3050; GM failures=0; joint failures=0
17:09:15 finished checkpoint 3053; GM failures=0; joint failures=0
17:09:15 finished checkpoint 3051; GM failures=0; joint failures=0
17:09:15 finished checkpoint 3052; GM failures=0; joint failures=0
17:09:15 finished checkpoint 3054; GM failures=0; joint failures=0
17:09:15 finished checkpoint 3055; GM failures=0; joint failures=0
17:09:15 finished checkpoint 3056; GM failures=0; joint failures=0
17:09:15 finished checkpoint 3057; GM failures=0; joint failures=0
17:09:15 finished checkpoint 3058; GM failures=0; joint failures=0
17:09:15 finished checkpoint 3059; GM failures=0; joint failures=0
17:09:15 finished checkpoint 3060; GM failures=0; joint failures=0
17:09:15 finished checkpoint 3061; GM failures=0; joint failures=0
17:09:15 finished checkpoint 3063; GM failures=0; joint failures=0
17:09:15 finished checkpoint 3062; GM failures=0; joint failures=0
17:09:16 finished checkpoint 3064; GM failures=0; joint failures=0
17:09:16 finished checkpoint 3065; GM failures=0; joint failures=0
17:09:16 finished checkpoint 3066; GM failures=0; joint failures=0
17:09:16 finished checkpoint 3067; GM failures=1; joint failures=0
17:09:16 finished checkpoint 3068; GM failures=0; joint failures=0
17:09:16 finished checkpoint 3070; GM failures=0; joint failures=0
17:09:16 finished checkpoint 3069; GM failures=0; joint failures=0
17:09:16 finished checkpoint 3071; GM failures=0; joint failures=0
17:09:16 finished checkpoint 3072; GM failures=0; joint failures=0
17:09:16 finished checkpoint 3073; GM failures=0; joint failures=0
17:09:16 finished checkpoint 3074; GM failures=0; joint failures=0
17:09:16 finished checkpoint 3075; GM failures=0; joint failures=0
17:09:16 finished checkpoint 3076; GM failures=0; joint failures=0
17:09:16 finished checkpoint 3078; GM failures=0; joint failures=0
17:09:16 finished checkpoint 3077; GM failures=1; joint failures=0
17:09:16 finished checkpoint 3079; GM failures=0; joint failures=0
17:09:16 finished checkpoint 3082; GM failures=0; joint failures=0
17:09:16 finished checkpoint 3080; GM failures=0; joint failures=0
17:09:16 finished checkpoint 3081; GM failures=0; joint failures=0
17:09:16 finished checkpoint 3083; GM failures=0; joint failures=0
17:09:16 finished checkpoint 3084; GM failures=0; joint failures=0
17:09:16 finished checkpoint 3085; GM failures=0; joint failures=0
17:09:16 finished checkpoint 3086; GM failures=0; joint failures=0
17:09:16 finished checkpoint 3087; GM failures=0; joint failures=0
17:09:16 finished checkpoint 3088; GM failures=0; joint failures=0
17:09:16 finished checkpoint 3089; GM failures=0; joint failures=0
17:09:16 finished checkpoint 3090; GM failures=0; joint failures=0
17:09:16 finished checkpoint 3091; GM failures=0; joint failures=0
17:09:16 finished checkpoint 3092; GM failures=0; joint failures=0
17:09:16 finished checkpoint 3094; GM failures=0; joint failures=0
17:09:16 finished checkpoint 3093; GM failures=0; joint failures=0
17:09:16 finished checkpoint 3095; GM failures=0; joint failures=0
17:09:16 finished checkpoint 3096; GM failures=0; joint failures=0
17:09:16 finished checkpoint 3097; GM failures=0; joint failures=0
17:09:16 finished checkpoint 3099; GM failures=0; joint failures=0
17:09:16 finished checkpoint 3098; GM failures=0; joint failures=0
17:09:16 finished checkpoint 3100; GM failures=0; joint failures=0
17:09:16 finished checkpoint 3101; GM failures=0; joint failures=0
17:09:17 finished checkpoint 3102; GM failures=0; joint failures=0
17:09:17 finished checkpoint 3104; GM failures=0; joint failures=0
17:09:17 finished checkpoint 3105; GM failures=0; joint failures=0
17:09:17 finished checkpoint 3103; GM failures=0; joint failures=0
17:09:17 finished checkpoint 3106; GM failures=0; joint failures=0
17:09:17 finished checkpoint 3107; GM failures=0; joint failures=0
17:09:17 finished checkpoint 3109; GM failures=0; joint failures=0
17:09:17 finished checkpoint 3108; GM failures=0; joint failures=0
17:09:17 finished checkpoint 3111; GM failures=0; joint failures=0
17:09:17 finished checkpoint 3110; GM failures=0; joint failures=0
17:09:17 finished checkpoint 3112; GM failures=0; joint failures=0
17:09:17 finished checkpoint 3113; GM failures=0; joint failures=0
17:09:17 finished checkpoint 3117; GM failures=0; joint failures=0
17:09:17 finished checkpoint 3114; GM failures=0; joint failures=0
17:09:17 finished checkpoint 3116; GM failures=0; joint failures=0
17:09:17 finished checkpoint 3115; GM failures=0; joint failures=0
17:09:17 finished checkpoint 3121; GM failures=0; joint failures=0
17:09:17 finished checkpoint 3118; GM failures=0; joint failures=0
17:09:17 finished checkpoint 3120; GM failures=0; joint failures=017:09:17
 finished checkpoint 3119; GM failures=0; joint failures=0
17:09:17 finished checkpoint 3123; GM failures=0; joint failures=0
17:09:17 finished checkpoint 3122; GM failures=0; joint failures=0
17:09:17 finished checkpoint 3124; GM failures=0; joint failures=0
17:09:17 finished checkpoint 3125; GM failures=0; joint failures=0
17:09:17 finished checkpoint 3127; GM failures=0; joint failures=0
17:09:17 finished checkpoint 3126; GM failures=0; joint failures=0
17:09:17 finished checkpoint 3128; GM failures=0; joint failures=0
17:09:17 finished checkpoint 3129; GM failures=0; joint failures=0
17:09:17 finished checkpoint 3132; GM failures=0; joint failures=0
17:09:17 finished checkpoint 3131; GM failures=0; joint failures=0
17:09:17 finished checkpoint 3130; GM failures=0; joint failures=0
17:09:17 finished checkpoint 3133; GM failures=0; joint failures=0
17:09:17 finished checkpoint 3134; GM failures=0; joint failures=0
17:09:17 finished checkpoint 3135; GM failures=0; joint failures=0
17:09:17 finished checkpoint 3136; GM failures=0; joint failures=0
17:09:17 finished checkpoint 3137; GM failures=0; joint failures=0
17:09:18 finished checkpoint 3138; GM failures=0; joint failures=0
17:09:18 finished checkpoint 3139; GM failures=0; joint failures=0
17:09:18 finished checkpoint 3140; GM failures=0; joint failures=0
17:09:18 finished checkpoint 3141; GM failures=1; joint failures=0
17:09:18 finished checkpoint 3144; GM failures=0; joint failures=0
17:09:18 finished checkpoint 3143; GM failures=0; joint failures=0
17:09:18 finished checkpoint 3145; GM failures=0; joint failures=0
17:09:18 finished checkpoint 3142; GM failures=0; joint failures=0
17:09:18 finished checkpoint 3146; GM failures=0; joint failures=0
17:09:18 finished checkpoint 3147; GM failures=0; joint failures=0
17:09:18 finished checkpoint 3148; GM failures=0; joint failures=0
17:09:18 finished checkpoint 3149; GM failures=0; joint failures=0
17:09:18 finished checkpoint 3150; GM failures=0; joint failures=0
17:09:18 finished checkpoint 3151; GM failures=0; joint failures=0
17:09:18 finished checkpoint 3152; GM failures=0; joint failures=0
17:09:18 finished checkpoint 3153; GM failures=0; joint failures=0
17:09:18 finished checkpoint 3154; GM failures=0; joint failures=0
17:09:18 finished checkpoint 3155; GM failures=0; joint failures=0
17:09:18 finished checkpoint 3157; GM failures=0; joint failures=0
17:09:18 finished checkpoint 3156; GM failures=0; joint failures=0
17:09:18 finished checkpoint 3158; GM failures=0; joint failures=0
17:09:18 finished checkpoint 3159; GM failures=0; joint failures=0
17:09:18 finished checkpoint 3160; GM failures=0; joint failures=0
17:09:18 finished checkpoint 3161; GM failures=0; joint failures=0
17:09:18 finished checkpoint 3163; GM failures=0; joint failures=0
17:09:18 finished checkpoint 3162; GM failures=0; joint failures=0
17:09:18 finished checkpoint 3164; GM failures=0; joint failures=0
17:09:18 finished checkpoint 3165; GM failures=0; joint failures=0
17:09:18 finished checkpoint 3166; GM failures=0; joint failures=0
17:09:18 finished checkpoint 3167; GM failures=0; joint failures=0
17:09:18 finished checkpoint 3168; GM failures=0; joint failures=0
17:09:18 finished checkpoint 3169; GM failures=0; joint failures=0
17:09:18 finished checkpoint 3170; GM failures=0; joint failures=0
17:09:18 finished checkpoint 3173; GM failures=0; joint failures=17:09:180
 finished checkpoint 3171; GM failures=0; joint failures=0
17:09:18 finished checkpoint 3172; GM failures=0; joint failures=0
17:09:19 finished checkpoint 3174; GM failures=0; joint failures=0
17:09:19 finished checkpoint 3176; GM failures=0; joint failures=0
17:09:19 finished checkpoint 3175; GM failures=0; joint failures=0
17:09:19 finished checkpoint 3177; GM failures=0; joint failures=0
17:09:19 finished checkpoint 3178; GM failures=0; joint failures=0
17:09:19 finished checkpoint 3180; GM failures=0; joint failures=0
17:09:19 finished checkpoint 3179; GM failures=1; joint failures=0
17:09:19 finished checkpoint 3182; GM failures=1; joint failures=0
17:09:19 finished checkpoint 3181; GM failures=0; joint failures=0
17:09:19 finished checkpoint 3184; GM failures=0; joint failures=0
17:09:19 finished checkpoint 3183; GM failures=0; joint failures=0
17:09:19 finished checkpoint 3185; GM failures=0; joint failures=0
17:09:19 finished checkpoint 3188; GM failures=1; joint failures=0
17:09:19 finished checkpoint 3186; GM failures=0; joint failures=0
17:09:19 finished checkpoint 3187; GM failures=0; joint failures=0
17:09:19 finished checkpoint 3189; GM failures=0; joint failures=0
17:09:19 finished checkpoint 3191; GM failures=0; joint failures=0
17:09:19 finished checkpoint 3190; GM failures=0; joint failures=0
17:09:19 finished checkpoint 3192; GM failures=0; joint failures=0
17:09:19 finished checkpoint 3193; GM failures=0; joint failures=0
17:09:19 finished checkpoint 3194; GM failures=0; joint failures=0
17:09:19 finished checkpoint 3196; GM failures=0; joint failures=0
17:09:19 finished checkpoint 3195; GM failures=0; joint failures=0
17:09:19 finished checkpoint 3197; GM failures=0; joint failures=0
17:09:19 finished checkpoint 3201; GM failures=0; joint failures=0
17:09:19 finished checkpoint 3202; GM failures=0; joint failures=0
17:09:19 finished checkpoint 3198; GM failures=0; joint failures=0
17:09:19 finished checkpoint 3203; GM failures=0; joint failures=0
17:09:19 finished checkpoint 3200; GM failures=0; joint failures=0
17:09:19 finished checkpoint 3204; GM failures=0; joint failures=0
17:09:19 finished checkpoint 3199; GM failures=0; joint failures=0
17:09:19 finished checkpoint 3205; GM failures=0; joint failures=0
17:09:19 finished checkpoint 3206; GM failures=0; joint failures=0
17:09:19 finished checkpoint 3207; GM failures=0; joint failures=0
17:09:19 finished checkpoint 3208; GM failures=0; joint failures=0
17:09:19 finished checkpoint 3209; GM failures=0; joint failures=0
17:09:19 finished checkpoint 3212; GM failures=0; joint failures=0
17:09:19 finished checkpoint 3210; GM failures=0; joint failures=0
17:09:19 finished checkpoint 3211; GM failures=0; joint failures=0
17:09:19 finished checkpoint 3213; GM failures=0; joint failures=0
17:09:19 finished checkpoint 3214; GM failures=0; joint failures=0
17:09:19 finished checkpoint 3217; GM failures=0; joint failures=0
17:09:1917:09:19 finished checkpoint  finished checkpoint 32163215; GM failures=; GM failures=00; joint failures=; joint failures=00

17:09:19 finished checkpoint 3218; GM failures=0; joint failures=0
17:09:20 finished checkpoint 3219; GM failures=0; joint failures=0
17:09:20 finished checkpoint 3220; GM failures=0; joint failures=0
17:09:20 finished checkpoint 3221; GM failures=0; joint failures=0
17:09:20 finished checkpoint 3223; GM failures=0; joint failures=0
17:09:20 finished checkpoint 3224; GM failures=0; joint failures=0
17:09:20 finished checkpoint 3222; GM failures=0; joint failures=0
17:09:20 finished checkpoint 3229; GM failures=0; joint failures=0
17:09:20 finished checkpoint 3226; GM failures=0; joint failures=0
17:09:20 finished checkpoint 3227; GM failures=0; joint failures=0
17:09:20 finished checkpoint 3225; GM failures=0; joint failures=0
17:09:20 finished checkpoint 3228; GM failures=0; joint failures=0
17:09:20 finished checkpoint 3230; GM failures=0; joint failures=0
17:09:20 finished checkpoint 3231; GM failures=0; joint failures=0
17:09:20 finished checkpoint 3232; GM failures=0; joint failures=0
17:09:20 finished checkpoint 3233; GM failures=0; joint failures=0
17:09:20 finished checkpoint 3234; GM failures=0; joint failures=0
17:09:20 finished checkpoint 3235; GM failures=0; joint failures=0
17:09:20 finished checkpoint 3236; GM failures=0; joint failures=0
17:09:20 finished checkpoint 3237; GM failures=0; joint failures=0
17:09:20 finished checkpoint 3238; GM failures=0; joint failures=0
17:09:20 finished checkpoint 3240; GM failures=0; joint failures=0
17:09:20 finished checkpoint 3239; GM failures=0; joint failures=0
17:09:20 finished checkpoint 3241; GM failures=0; joint failures=0
17:09:20 finished checkpoint 3242; GM failures=0; joint failures=0
17:09:20 finished checkpoint 3243; GM failures=0; joint failures=0
17:09:20 finished checkpoint 3244; GM failures=0; joint failures=0
17:09:20 finished checkpoint 3245; GM failures=0; joint failures=0
17:09:20 finished checkpoint 3246; GM failures=0; joint failures=0
17:09:20 finished checkpoint 3247; GM failures=0; joint failures=0
17:09:20 finished checkpoint 3249; GM failures=0; joint failures=0
17:09:20 finished checkpoint 3251; GM failures=0; joint failures=0
17:09:20 finished checkpoint 3248; GM failures=0; joint failures=0
17:09:20 finished checkpoint 3250; GM failures=0; joint failures=0
17:09:20 finished checkpoint 3253; GM failures=0; joint failures=0
17:09:20 finished checkpoint 3252; GM failures=0; joint failures=0
17:09:2017:09:20 finished checkpoint  finished checkpoint 32553256; GM failures=; GM failures=00; joint failures=; joint failures=00

17:09:20 finished checkpoint 3254; GM failures=0; joint failures=0
17:09:20 finished checkpoint 3258; GM failures=0; joint failures=0
17:09:20 finished checkpoint 3257; GM failures=0; joint failures=0
17:09:20 finished checkpoint 3259; GM failures=0; joint failures=0
17:09:20 finished checkpoint 3261; GM failures=0; joint failures=0
17:09:20 finished checkpoint 3263; GM failures=0; joint failures=0
17:09:20 finished checkpoint 3260; GM failures=0; joint failures=0
17:09:20 finished checkpoint 3262; GM failures=0; joint failures=0
17:09:20 finished checkpoint 3264; GM failures=0; joint failures=0
17:09:20 finished checkpoint 3268; GM failures=0; joint failures=0
17:09:20 finished checkpoint 3265; GM failures=0; joint failures=0
17:09:20 finished checkpoint 3266; GM failures=0; joint failures=0
17:09:21 finished checkpoint 3267; GM failures=0; joint failures=0
17:09:21 finished checkpoint 3269; GM failures=0; joint failures=0
17:09:21 finished checkpoint 3270; GM failures=0; joint failures=0
17:09:21 finished checkpoint 3272; GM failures=0; joint failures=0
17:09:21 finished checkpoint 3271; GM failures=0; joint failures=0
17:09:21 finished checkpoint 3274; GM failures=0; joint failures=0
17:09:21 finished checkpoint 3273; GM failures=0; joint failures=0
17:09:21 finished checkpoint 3275; GM failures=0; joint failures=0
17:09:21 finished checkpoint 3276; GM failures=0; joint failures=0
17:09:21 finished checkpoint 3278; GM failures=0; joint failures=0
17:09:21 finished checkpoint 3277; GM failures=0; joint failures=0
17:09:21 finished checkpoint 3279; GM failures=0; joint failures=0
17:09:21 finished checkpoint 3280; GM failures=0; joint failures=0
17:09:21 finished checkpoint 3281; GM failures=0; joint failures=0
17:09:21 finished checkpoint 3284; GM failures=0; joint failures=0
17:09:21 finished checkpoint 3283; GM failures=0; joint failures=0
17:09:21 finished checkpoint 3282; GM failures=0; joint failures=0
17:09:21 finished checkpoint 3285; GM failures=0; joint failures=0
17:09:21 finished checkpoint 3288; GM failures=0; joint failures=0
17:09:21 finished checkpoint 3289; GM failures=0; joint failures=0
17:09:21 finished checkpoint 3286; GM failures=0; joint failures=0
17:09:21 finished checkpoint 3290; GM failures=0; joint failures=0
17:09:21 finished checkpoint 3287; GM failures=0; joint failures=0
17:09:21 finished checkpoint 3292; GM failures=0; joint failures=0
17:09:21 finished checkpoint 3291; GM failures=0; joint failures=0
17:09:21 finished checkpoint 3294; GM failures=0; joint failures=0
17:09:21 finished checkpoint 3293; GM failures=0; joint failures=0
17:09:21 finished checkpoint 3296; GM failures=0; joint failures=0
17:09:21 finished checkpoint 3295; GM failures=0; joint failures=0
17:09:21 finished checkpoint 3297; GM failures=0; joint failures=0
17:09:21 finished checkpoint 3299; GM failures=0; joint failures=0
17:09:21 finished checkpoint 3300; GM failures=0; joint failures=0
17:09:21 finished checkpoint 3298; GM failures=0; joint failures=0
17:09:21 finished checkpoint 3301; GM failures=0; joint failures=0
17:09:21 finished checkpoint 3302; GM failures=0; joint failures=0
17:09:21 finished checkpoint 3304; GM failures=0; joint failures=0
17:09:21 finished checkpoint 3303; GM failures=0; joint failures=0
17:09:21 finished checkpoint 3307; GM failures=0; joint failures=0
17:09:21 finished checkpoint 3305; GM failures=0; joint failures=0
17:09:21 finished checkpoint 3308; GM failures=0; joint failures=0
17:09:21 finished checkpoint 3306; GM failures=0; joint failures=0
17:09:21 finished checkpoint 3309; GM failures=0; joint failures=0
17:09:21 finished checkpoint 3311; GM failures=0; joint failures=0
17:09:21 finished checkpoint 3314; GM failures=0; joint failures=0
17:09:21 finished checkpoint 3313; GM failures=1; joint failures=017:09:21
 finished checkpoint 3312; GM failures=0; joint failures=0
17:09:21 finished checkpoint 3310; GM failures=0; joint failures=0
17:09:22 finished checkpoint 3315; GM failures=0; joint failures=0
17:09:22 finished checkpoint 3316; GM failures=0; joint failures=0
17:09:22 finished checkpoint 3317; GM failures=1; joint failures=0
17:09:22 finished checkpoint 3319; GM failures=0; joint failures=0
17:09:22 finished checkpoint 3318; GM failures=0; joint failures=0
17:09:22 finished checkpoint 3320; GM failures=0; joint failures=0
17:09:22 finished checkpoint 3321; GM failures=0; joint failures=0
17:09:22 finished checkpoint 3322; GM failures=0; joint failures=0
17:09:22 finished checkpoint 3323; GM failures=0; joint failures=0
17:09:22 finished checkpoint 3325; GM failures=0; joint failures=0
17:09:22 finished checkpoint 3324; GM failures=0; joint failures=0
17:09:22 finished checkpoint 3326; GM failures=0; joint failures=0
17:09:22 finished checkpoint 3327; GM failures=0; joint failures=0
17:09:22 finished checkpoint 3328; GM failures=0; joint failures=0
17:09:22 finished checkpoint 3329; GM failures=0; joint failures=0
17:09:22 finished checkpoint 3330; GM failures=0; joint failures=0
17:09:22 finished checkpoint 3332; GM failures=0; joint failures=0
17:09:22 finished checkpoint 3331; GM failures=0; joint failures=0
17:09:22 finished checkpoint 3333; GM failures=1; joint failures=0
17:09:22 finished checkpoint 3334; GM failures=0; joint failures=0
17:09:22 finished checkpoint 3337; GM failures=0; joint failures=0
17:09:22 finished checkpoint 3336; GM failures=0; joint failures=0
17:09:22 finished checkpoint 3338; GM failures=0; joint failures=0
17:09:22 finished checkpoint 3335; GM failures=0; joint failures=0
17:09:22 finished checkpoint 3340; GM failures=0; joint failures=0
17:09:22 finished checkpoint 3339; GM failures=0; joint failures=0
17:09:22 finished checkpoint 3341; GM failures=0; joint failures=0
17:09:22 finished checkpoint 3344; GM failures=0; joint failures=0
17:09:22 finished checkpoint 3343; GM failures=0; joint failures=0
17:09:22 finished checkpoint 3342; GM failures=0; joint failures=0
17:09:22 finished checkpoint 3345; GM failures=0; joint failures=0
17:09:22 finished checkpoint 3346; GM failures=0; joint failures=0
17:09:22 finished checkpoint 3347; GM failures=0; joint failures=0
17:09:22 finished checkpoint 3350; GM failures=0; joint failures=0
17:09:22 finished checkpoint 3348; GM failures=0; joint failures=0
17:09:22 finished checkpoint 3349; GM failures=0; joint failures=0
17:09:22 finished checkpoint 3351; GM failures=0; joint failures=0
17:09:22 finished checkpoint 3352; GM failures=0; joint failures=0
17:09:22 finished checkpoint 3353; GM failures=0; joint failures=0
17:09:22 finished checkpoint 3354; GM failures=0; joint failures=0
17:09:22 finished checkpoint 3356; GM failures=0; joint failures=0
17:09:22 finished checkpoint 3355; GM failures=0; joint failures=0
17:09:22 finished checkpoint 3358; GM failures=0; joint failures=0
17:09:22 finished checkpoint 3357; GM failures=0; joint failures=0
17:09:23 finished checkpoint 3359; GM failures=0; joint failures=0
17:09:23 finished checkpoint 3360; GM failures=0; joint failures=0
17:09:23 finished checkpoint 3361; GM failures=0; joint failures=0
17:09:23 finished checkpoint 3362; GM failures=0; joint failures=0
17:09:23 finished checkpoint 3363; GM failures=0; joint failures=0
17:09:23 finished checkpoint 3364; GM failures=0; joint failures=0
17:09:23 finished checkpoint 3365; GM failures=0; joint failures=0
17:09:23 finished checkpoint 3366; GM failures=0; joint failures=0
17:09:23 finished checkpoint 3367; GM failures=0; joint failures=0
17:09:23 finished checkpoint 3368; GM failures=0; joint failures=0
17:09:23 finished checkpoint 3370; GM failures=0; joint failures=0
17:09:23 finished checkpoint 3369; GM failures=0; joint failures=0
17:09:23 finished checkpoint 3371; GM failures=0; joint failures=0
17:09:23 finished checkpoint 3374; GM failures=0; joint failures=0
17:09:23 finished checkpoint 3372; GM failures=0; joint failures=0
17:09:23 finished checkpoint 3373; GM failures=0; joint failures=0
17:09:23 finished checkpoint 3376; GM failures=0; joint failures=0
17:09:23 finished checkpoint 3375; GM failures=0; joint failures=0
17:09:23 finished checkpoint 3378; GM failures=0; joint failures=0
17:09:23 finished checkpoint 3377; GM failures=0; joint failures=0
17:09:23 finished checkpoint 3379; GM failures=0; joint failures=0
17:09:23 finished checkpoint 3380; GM failures=0; joint failures=0
17:09:23 finished checkpoint 3382; GM failures=0; joint failures=0
17:09:23 finished checkpoint 3383; GM failures=0; joint failures=0
17:09:23 finished checkpoint 3381; GM failures=0; joint failures=0
17:09:23 finished checkpoint 3385; GM failures=0; joint failures=0
17:09:23 finished checkpoint 3384; GM failures=0; joint failures=0
17:09:23 finished checkpoint 3386; GM failures=0; joint failures=0
17:09:23 finished checkpoint 3387; GM failures=0; joint failures=0
17:09:23 finished checkpoint 3388; GM failures=0; joint failures=0
17:09:23 finished checkpoint 3390; GM failures=0; joint failures=0
17:09:23 finished checkpoint 3389; GM failures=0; joint failures=0
17:09:23 finished checkpoint 3391; GM failures=0; joint failures=0
17:09:23 finished checkpoint 3394; GM failures=0; joint failures=0
17:09:23 finished checkpoint 3393; GM failures=0; joint failures=0
17:09:23 finished checkpoint 3392; GM failures=0; joint failures=0
17:09:23 finished checkpoint 3395; GM failures=0; joint failures=0
17:09:23 finished checkpoint 3396; GM failures=0; joint failures=0
17:09:23 finished checkpoint 3398; GM failures=0; joint failures=0
17:09:23 finished checkpoint 3399; GM failures=0; joint failures=0
17:09:23 finished checkpoint 3397; GM failures=0; joint failures=0
17:09:23 finished checkpoint 3400; GM failures=0; joint failures=0
17:09:23 finished checkpoint 3401; GM failures=0; joint failures=0
17:09:24 finished checkpoint 3402; GM failures=1; joint failures=0
17:09:24 finished checkpoint 3405; GM failures=0; joint failures=0
17:09:24 finished checkpoint 3403; GM failures=0; joint failures=0
17:09:24 finished checkpoint 3406; GM failures=0; joint failures=0
17:09:24 finished checkpoint 3408; GM failures=1; joint failures=0
17:09:24 finished checkpoint 3404; GM failures=0; joint failures=0
17:09:24 finished checkpoint 3409; GM failures=0; joint failures=0
17:09:24 finished checkpoint 3407; GM failures=0; joint failures=0
17:09:24 finished checkpoint 3411; GM failures=0; joint failures=0
17:09:24 finished checkpoint 3410; GM failures=0; joint failures=0
17:09:24 finished checkpoint 3412; GM failures=0; joint failures=0
17:09:24 finished checkpoint 3413; GM failures=0; joint failures=0
17:09:24 finished checkpoint 3416; GM failures=0; joint failures=0
17:09:24 finished checkpoint 3414; GM failures=0; joint failures=0
17:09:24 finished checkpoint 3415; GM failures=0; joint failures=0
17:09:24 finished checkpoint 3417; GM failures=0; joint failures=0
17:09:24 finished checkpoint 3418; GM failures=0; joint failures=0
17:09:24 finished checkpoint 3421; GM failures=0; joint failures=0
17:09:24 finished checkpoint 3420; GM failures=0; joint failures=0
17:09:24 finished checkpoint 3419; GM failures=0; joint failures=0
17:09:24 finished checkpoint 3422; GM failures=0; joint failures=0
17:09:24 finished checkpoint 3423; GM failures=0; joint failures=0
17:09:24 finished checkpoint 3424; GM failures=0; joint failures=0
17:09:24 finished checkpoint 3427; GM failures=0; joint failures=0
17:09:24 finished checkpoint 3425; GM failures=0; joint failures=0
17:09:24 finished checkpoint 3426; GM failures=0; joint failures=0
17:09:24 finished checkpoint 3428; GM failures=0; joint failures=0
17:09:24 finished checkpoint 3429; GM failures=0; joint failures=0
17:09:24 finished checkpoint 3430; GM failures=0; joint failures=0
17:09:24 finished checkpoint 3431; GM failures=0; joint failures=0
17:09:24 finished checkpoint 3433; GM failures=0; joint failures=0
17:09:24 finished checkpoint 3432; GM failures=0; joint failures=0
17:09:24 finished checkpoint 3434; GM failures=0; joint failures=0
17:09:24 finished checkpoint 3435; GM failures=0; joint failures=0
17:09:24 finished checkpoint 3436; GM failures=0; joint failures=0
17:09:24 finished checkpoint 3437; GM failures=0; joint failures=0
17:09:24 finished checkpoint 3438; GM failures=0; joint failures=0
17:09:24 finished checkpoint 3439; GM failures=0; joint failures=0
17:09:24 finished checkpoint 3440; GM failures=0; joint failures=0
17:09:24 finished checkpoint 17:09:243444 finished checkpoint ; GM failures=34410; GM failures=; joint failures=00; joint failures=
0
17:09:24 finished checkpoint 3442; GM failures=0; joint failures=0
17:09:2417:09:24 finished checkpoint  finished checkpoint 34453443; GM failures=; GM failures=00; joint failures=; joint failures=00

17:09:25 finished checkpoint 3447; GM failures=0; joint failures=0
17:09:25 finished checkpoint 3446; GM failures=0; joint failures=0
17:09:25 finished checkpoint 3448; GM failures=0; joint failures=0
17:09:25 finished checkpoint 3449; GM failures=0; joint failures=0
17:09:25 finished checkpoint 3452; GM failures=0; joint failures=0
17:09:25 finished checkpoint 3450; GM failures=0; joint failures=0
17:09:25 finished checkpoint 3451; GM failures=0; joint failures=0
17:09:25 finished checkpoint 3454; GM failures=0; joint failures=0
17:09:25 finished checkpoint 3457; GM failures=0; joint failures=0
17:09:25 finished checkpoint 3453; GM failures=0; joint failures=0
17:09:25 finished checkpoint 3456; GM failures=0; joint failures=0
17:09:25 finished checkpoint 3455; GM failures=0; joint failures=0
17:09:25 finished checkpoint 3459; GM failures=0; joint failures=0
17:09:25 finished checkpoint 3458; GM failures=0; joint failures=0
17:09:25 finished checkpoint 3460; GM failures=0; joint failures=0
17:09:25 finished checkpoint 3463; GM failures=0; joint failures=0
17:09:25 finished checkpoint 3461; GM failures=0; joint failures=0
17:09:25 finished checkpoint 3462; GM failures=0; joint failures=0
17:09:25 finished checkpoint 3465; GM failures=0; joint failures=0
17:09:25 finished checkpoint 3464; GM failures=0; joint failures=0
17:09:25 finished checkpoint 3466; GM failures=0; joint failures=0
17:09:25 finished checkpoint 3467; GM failures=0; joint failures=0
17:09:25 finished checkpoint 3468; GM failures=0; joint failures=0
17:09:25 finished checkpoint 3469; GM failures=0; joint failures=0
17:09:25 finished checkpoint 3470; GM failures=0; joint failures=0
17:09:25 finished checkpoint 3471; GM failures=0; joint failures=0
17:09:25 finished checkpoint 3473; GM failures=0; joint failures=0
17:09:25 finished checkpoint 3472; GM failures=0; joint failures=0
17:09:25 finished checkpoint 3474; GM failures=0; joint failures=0
17:09:25 finished checkpoint 3475; GM failures=0; joint failures=0
17:09:25 finished checkpoint 3477; GM failures=0; joint failures=0
17:09:25 finished checkpoint 3478; GM failures=0; joint failures=0
17:09:25 finished checkpoint 3476; GM failures=0; joint failures=0
17:09:25 finished checkpoint 3479; GM failures=0; joint failures=0
17:09:25 finished checkpoint 3480; GM failures=0; joint failures=0
17:09:25 finished checkpoint 3481; GM failures=0; joint failures=0
17:09:25 finished checkpoint 3482; GM failures=0; joint failures=0
17:09:25 finished checkpoint 3483; GM failures=1; joint failures=0
17:09:26 finished checkpoint 17:09:263485 finished checkpoint ; GM failures=34840; GM failures=; joint failures=00; joint failures=
0
17:09:26 finished checkpoint 3486; GM failures=0; joint failures=0
17:09:26 finished checkpoint 3487; GM failures=0; joint failures=0
17:09:26 finished checkpoint 3488; GM failures=0; joint failures=0
17:09:26 finished checkpoint 3489; GM failures=0; joint failures=0
17:09:26 finished checkpoint 3490; GM failures=0; joint failures=0
17:09:26 finished checkpoint 3493; GM failures=0; joint failures=0
17:09:26 finished checkpoint 3492; GM failures=0; joint failures=0
17:09:26 finished checkpoint 3491; GM failures=0; joint failures=0
17:09:26 finished checkpoint 3494; GM failures=0; joint failures=0
17:09:26 finished checkpoint 3495; GM failures=0; joint failures=0
17:09:26 finished checkpoint 3497; GM failures=0; joint failures=0
17:09:26 finished checkpoint 3496; GM failures=0; joint failures=0
17:09:26 finished checkpoint 3498; GM failures=0; joint failures=0
17:09:26 finished checkpoint 3499; GM failures=0; joint failures=0
17:09:26 finished checkpoint 3500; GM failures=0; joint failures=0
17:09:26 finished checkpoint 3501; GM failures=0; joint failures=0
17:09:26 finished checkpoint 3502; GM failures=0; joint failures=0
17:09:26 finished checkpoint 3503; GM failures=0; joint failures=0
17:09:26 finished checkpoint 3504; GM failures=0; joint failures=0
17:09:26 finished checkpoint 3505; GM failures=0; joint failures=0
17:09:26 finished checkpoint 3506; GM failures=0; joint failures=0
17:09:26 finished checkpoint 3507; GM failures=0; joint failures=0
17:09:26 finished checkpoint 3508; GM failures=0; joint failures=0
17:09:26 finished checkpoint 3509; GM failures=0; joint failures=0
17:09:26 finished checkpoint 3510; GM failures=1; joint failures=0
17:09:26 finished checkpoint 3512; GM failures=0; joint failures=0
17:09:26 finished checkpoint 3511; GM failures=0; joint failures=0
17:09:26 finished checkpoint 3514; GM failures=0; joint failures=0
17:09:26 finished checkpoint 3515; GM failures=0; joint failures=0
17:09:26 finished checkpoint 3513; GM failures=0; joint failures=0
17:09:2617:09:26 finished checkpoint  finished checkpoint 35163517; GM failures=; GM failures=00; joint failures=; joint failures=00

17:09:26 finished checkpoint 3518; GM failures=0; joint failures=0
17:09:26 finished checkpoint 3519; GM failures=0; joint failures=0
17:09:26 finished checkpoint 3520; GM failures=0; joint failures=0
17:09:26 finished checkpoint 3521; GM failures=0; joint failures=0
17:09:26 finished checkpoint 3524; GM failures=0; joint failures=0
17:09:26 finished checkpoint 3523; GM failures=0; joint failures=0
17:09:27 finished checkpoint 3522; GM failures=0; joint failures=0
17:09:27 finished checkpoint 3525; GM failures=0; joint failures=0
17:09:27 finished checkpoint 3526; GM failures=0; joint failures=0
17:09:27 finished checkpoint 3527; GM failures=0; joint failures=0
17:09:27 finished checkpoint 3528; GM failures=0; joint failures=0
17:09:27 finished checkpoint 3530; GM failures=0; joint failures=0
17:09:27 finished checkpoint 3529; GM failures=0; joint failures=0
17:09:27 finished checkpoint 3531; GM failures=0; joint failures=0
17:09:27 finished checkpoint 3533; GM failures=0; joint failures=0
17:09:27 finished checkpoint 3532; GM failures=0; joint failures=0
17:09:27 finished checkpoint 3536; GM failures=0; joint failures=0
17:09:27 finished checkpoint 3534; GM failures=0; joint failures=0
17:09:27 finished checkpoint 3535; GM failures=0; joint failures=0
17:09:27 finished checkpoint 3538; GM failures=1; joint failures=0
17:09:27 finished checkpoint 3537; GM failures=0; joint failures=0
17:09:2717:09:27 finished checkpoint  finished checkpoint 35393541; GM failures=; GM failures=10; joint failures=; joint failures=00

17:09:27 finished checkpoint 3540; GM failures=1; joint failures=0
17:09:27 finished checkpoint 3542; GM failures=0; joint failures=0
17:09:27 finished checkpoint 3543; GM failures=0; joint failures=0
17:09:27 finished checkpoint 3544; GM failures=0; joint failures=0
17:09:27 finished checkpoint 3546; GM failures=0; joint failures=0
17:09:27 finished checkpoint 3548; GM failures=0; joint failures=0
17:09:27 finished checkpoint 3545; GM failures=0; joint failures=0
17:09:27 finished checkpoint 3547; GM failures=0; joint failures=0
17:09:27 finished checkpoint 3549; GM failures=0; joint failures=0
17:09:27 finished checkpoint 3550; GM failures=0; joint failures=0
17:09:27 finished checkpoint 3551; GM failures=1; joint failures=0
17:09:27 finished checkpoint 3552; GM failures=0; joint failures=0
17:09:27 finished checkpoint 3553; GM failures=0; joint failures=0
17:09:27 finished checkpoint 3554; GM failures=0; joint failures=0
17:09:27 finished checkpoint 3555; GM failures=0; joint failures=0
17:09:27 finished checkpoint 3556; GM failures=0; joint failures=0
17:09:27 finished checkpoint 3558; GM failures=0; joint failures=0
17:09:27 finished checkpoint 3559; GM failures=0; joint failures=0
17:09:27 finished checkpoint 3557; GM failures=0; joint failures=0
17:09:28 finished checkpoint 3562; GM failures=0; joint failures=0
17:09:28 finished checkpoint 3561; GM failures=0; joint failures=0
17:09:28 finished checkpoint 3563; GM failures=0; joint failures=0
17:09:28 finished checkpoint 3560; GM failures=0; joint failures=0
17:09:28 finished checkpoint 3564; GM failures=0; joint failures=0
17:09:28 finished checkpoint 3565; GM failures=0; joint failures=0
17:09:28 finished checkpoint 3566; GM failures=0; joint failures=0
17:09:28 finished checkpoint 3567; GM failures=0; joint failures=0
17:09:28 finished checkpoint 3568; GM failures=0; joint failures=0
17:09:28 finished checkpoint 3571; GM failures=0; joint failures=0
17:09:28 finished checkpoint 3569; GM failures=1; joint failures=0
17:09:28 finished checkpoint 3570; GM failures=0; joint failures=0
17:09:28 finished checkpoint 3575; GM failures=0; joint failures=0
17:09:28 finished checkpoint 3572; GM failures=0; joint failures=0
17:09:28 finished checkpoint 3573; GM failures=0; joint failures=0
17:09:28 finished checkpoint 3574; GM failures=0; joint failures=0
17:09:28 finished checkpoint 3576; GM failures=0; joint failures=0
17:09:28 finished checkpoint 3577; GM failures=1; joint failures=0
17:09:28 finished checkpoint 3578; GM failures=0; joint failures=0
17:09:28 finished checkpoint 3579; GM failures=0; joint failures=0
17:09:28 finished checkpoint 3580; GM failures=0; joint failures=0
17:09:28 finished checkpoint 3581; GM failures=1; joint failures=0
17:09:28 finished checkpoint 17:09:283582 finished checkpoint ; GM failures=35840; GM failures=; joint failures=00; joint failures=
0
17:09:28 finished checkpoint 3585; GM failures=0; joint failures=0
17:09:28 finished checkpoint 3586; GM failures=0; joint failures=0
17:09:28 finished checkpoint 3583; GM failures=0; joint failures=0
17:09:28 finished checkpoint 3587; GM failures=0; joint failures=0
17:09:28 finished checkpoint 3588; GM failures=0; joint failures=0
17:09:28 finished checkpoint 3590; GM failures=1; joint failures=0
17:09:28 finished checkpoint 3589; GM failures=0; joint failures=0
17:09:28 finished checkpoint 3591; GM failures=0; joint failures=0
17:09:28 finished checkpoint 3592; GM failures=0; joint failures=0
17:09:28 finished checkpoint 3593; GM failures=0; joint failures=0
17:09:2817:09:28 finished checkpoint  finished checkpoint 35943595; GM failures=; GM failures=00; joint failures=; joint failures=00

17:09:28 finished checkpoint 3597; GM failures=0; joint failures=0
17:09:28 finished checkpoint 3602; GM failures=0; joint failures=0
17:09:28 finished checkpoint 3601; GM failures=0; joint failures=0
17:09:28 finished checkpoint 3596; GM failures=0; joint failures=0
17:09:29 finished checkpoint 3598; GM failures=0; joint failures=0
17:09:29 finished checkpoint 3599; GM failures=0; joint failures=0
17:09:29 finished checkpoint 3600; GM failures=1; joint failures=0
17:09:29 finished checkpoint 3603; GM failures=0; joint failures=0
17:09:29 finished checkpoint 3604; GM failures=0; joint failures=0
17:09:29 finished checkpoint 3605; GM failures=0; joint failures=0
17:09:29 finished checkpoint 3606; GM failures=0; joint failures=0
17:09:29 finished checkpoint 3607; GM failures=0; joint failures=0
17:09:29 finished checkpoint 3609; GM failures=0; joint failures=0
17:09:29 finished checkpoint 3608; GM failures=0; joint failures=0
17:09:29 finished checkpoint 3611; GM failures=0; joint failures=0
17:09:29 finished checkpoint 3610; GM failures=0; joint failures=0
17:09:29 finished checkpoint 3612; GM failures=0; joint failures=0
17:09:29 finished checkpoint 3613; GM failures=0; joint failures=0
17:09:29 finished checkpoint 3615; GM failures=0; joint failures=0
17:09:29 finished checkpoint 3614; GM failures=0; joint failures=0
17:09:29 finished checkpoint 3616; GM failures=0; joint failures=0
17:09:2917:09:29 finished checkpoint  finished checkpoint 36173618; GM failures=; GM failures=00; joint failures=; joint failures=00

17:09:29 finished checkpoint 3619; GM failures=0; joint failures=0
17:09:29 finished checkpoint 3622; GM failures=0; joint failures=0
17:09:2917:09:29 finished checkpoint  finished checkpoint 36203621; GM failures=; GM failures=00; joint failures=; joint failures=00

17:09:29 finished checkpoint 3623; GM failures=0; joint failures=0
17:09:29 finished checkpoint 3624; GM failures=0; joint failures=0
17:09:29 finished checkpoint 3625; GM failures=0; joint failures=0
17:09:29 finished checkpoint 3626; GM failures=0; joint failures=0
17:09:29 finished checkpoint 3627; GM failures=0; joint failures=0
17:09:29 finished checkpoint 3628; GM failures=0; joint failures=0
17:09:29 finished checkpoint 3629; GM failures=0; joint failures=0
17:09:29 finished checkpoint 3630; GM failures=0; joint failures=0
17:09:29 finished checkpoint 3632; GM failures=0; joint failures=0
17:09:29 finished checkpoint 3633; GM failures=0; joint failures=0
17:09:29 finished checkpoint 3631; GM failures=0; joint failures=0
17:09:29 finished checkpoint 3634; GM failures=017:09:29 finished checkpoint 3635; GM failures=0; joint failures=0
; joint failures=0
17:09:29 finished checkpoint 3636; GM failures=0; joint failures=0
17:09:29 finished checkpoint 3637; GM failures=0; joint failures=0
17:09:29 finished checkpoint 3638; GM failures=0; joint failures=0
17:09:29 finished checkpoint 3639; GM failures=0; joint failures=0
17:09:29 finished checkpoint 3640; GM failures=0; joint failures=0
17:09:29 finished checkpoint 3641; GM failures=0; joint failures=0
17:09:29 finished checkpoint 3644; GM failures=0; joint failures=0
17:09:29 finished checkpoint 3642; GM failures=0; joint failures=0
17:09:29 finished checkpoint 3643; GM failures=0; joint failures=0
17:09:29 finished checkpoint 3645; GM failures=0; joint failures=0
17:09:29 finished checkpoint 3648; GM failures=0; joint failures=0
17:09:29 finished checkpoint 3646; GM failures=0; joint failures=0
17:09:29 finished checkpoint 3647; GM failures=0; joint failures=0
17:09:29 finished checkpoint 3649; GM failures=0; joint failures=0
17:09:30 finished checkpoint 3650; GM failures=0; joint failures=0
17:09:30 finished checkpoint 3651; GM failures=0; joint failures=0
17:09:30 finished checkpoint 3652; GM failures=0; joint failures=0
17:09:30 finished checkpoint 3653; GM failures=0; joint failures=0
17:09:30 finished checkpoint 3654; GM failures=0; joint failures=0
17:09:30 finished checkpoint 3656; GM failures=0; joint failures=0
17:09:30 finished checkpoint 3655; GM failures=0; joint failures=0
17:09:30 finished checkpoint 3657; GM failures=0; joint failures=0
17:09:30 finished checkpoint 3659; GM failures=0; joint failures=0
17:09:30 finished checkpoint 3658; GM failures=0; joint failures=0
17:09:30 finished checkpoint 3661; GM failures=0; joint failures=0
17:09:30 finished checkpoint 3660; GM failures=0; joint failures=0
17:09:30 finished checkpoint 3663; GM failures=0; joint failures=0
17:09:30 finished checkpoint 3662; GM failures=0; joint failures=0
17:09:30 finished checkpoint 3664; GM failures=0; joint failures=0
17:09:30 finished checkpoint 3666; GM failures=0; joint failures=0
17:09:3017:09:30 finished checkpoint  finished checkpoint 36683667; GM failures=; GM failures=00; joint failures=; joint failures=00

17:09:30 finished checkpoint 3665; GM failures=0; joint failures=0
17:09:30 finished checkpoint 3669; GM failures=0; joint failures=0
17:09:30 finished checkpoint 3670; GM failures=0; joint failures=0
17:09:30 finished checkpoint 3671; GM failures=0; joint failures=0
17:09:30 finished checkpoint 3672; GM failures=0; joint failures=0
17:09:30 finished checkpoint 3673; GM failures=0; joint failures=0
17:09:30 finished checkpoint 3674; GM failures=0; joint failures=0
17:09:30 finished checkpoint 3675; GM failures=0; joint failures=0
17:09:30 finished checkpoint 3677; GM failures=0; joint failures=0
17:09:30 finished checkpoint 3679; GM failures=0; joint failures=0
17:09:30 finished checkpoint 3676; GM failures=0; joint failures=0
17:09:30 finished checkpoint 3678; GM failures=0; joint failures=0
17:09:30 finished checkpoint 3680; GM failures=0; joint failures=0
17:09:30 finished checkpoint 3681; GM failures=0; joint failures=0
17:09:30 finished checkpoint 3682; GM failures=0; joint failures=0
17:09:30 finished checkpoint 3683; GM failures=0; joint failures=0
17:09:30 finished checkpoint 3684; GM failures=0; joint failures=0
17:09:30 finished checkpoint 3686; GM failures=0; joint failures=0
17:09:3017:09:30 finished checkpoint  finished checkpoint 36853689; GM failures=; GM failures=00; joint failures=; joint failures=00

17:09:30 finished checkpoint 3688; GM failures=0; joint failures=0
17:09:30 finished checkpoint 3687; GM failures=0; joint failures=0
17:09:30 finished checkpoint 3691; GM failures=0; joint failures=0
17:09:30 finished checkpoint 3690; GM failures=0; joint failures=0
17:09:30 finished checkpoint 3692; GM failures=0; joint failures=0
17:09:30 finished checkpoint 3693; GM failures=0; joint failures=0
17:09:30 finished checkpoint 3694; GM failures=0; joint failures=0
17:09:30 finished checkpoint 3695; GM failures=0; joint failures=0
17:09:30 finished checkpoint 3696; GM failures=0; joint failures=0
17:09:3117:09:31 finished checkpoint  finished checkpoint 36983699; GM failures=; GM failures=00; joint failures=; joint failures=00

17:09:3117:09:31 finished checkpoint  finished checkpoint 36973701; GM failures=; GM failures=00; joint failures=; joint failures=00

17:09:31 finished checkpoint 3700; GM failures=0; joint failures=0
17:09:31 finished checkpoint 3703; GM failures=0; joint failures=0
17:09:31 finished checkpoint 3702; GM failures=0; joint failures=0
17:09:31 finished checkpoint 3704; GM failures=0; joint failures=0
17:09:31 finished checkpoint 3705; GM failures=0; joint failures=0
17:09:31 finished checkpoint 3706; GM failures=0; joint failures=0
17:09:3117:09:31 finished checkpoint  finished checkpoint 37083707; GM failures=; GM failures=00; joint failures=; joint failures=00

17:09:31 finished checkpoint 3709; GM failures=0; joint failures=0
17:09:31 finished checkpoint 3711; GM failures=0; joint failures=0
17:09:31 finished checkpoint 3710; GM failures=0; joint failures=0
17:09:31 finished checkpoint 3714; GM failures=0; joint failures=0
17:09:31 finished checkpoint 3712; GM failures=0; joint failures=0
17:09:31 finished checkpoint 3713; GM failures=0; joint failures=0
17:09:31 finished checkpoint 3715; GM failures=0; joint failures=0
17:09:31 finished checkpoint 3717; GM failures=0; joint failures=0
17:09:31 finished checkpoint 3716; GM failures=0; joint failures=0
17:09:31 finished checkpoint 3718; GM failures=0; joint failures=0
17:09:31 finished checkpoint 3720; GM failures=0; joint failures=0
17:09:31 finished checkpoint 3719; GM failures=0; joint failures=0
17:09:31 finished checkpoint 3722; GM failures=0; joint failures=0
17:09:31 finished checkpoint 3721; GM failures=0; joint failures=0
17:09:31 finished checkpoint 3724; GM failures=0; joint failures=0
17:09:31 finished checkpoint 3723; GM failures=0; joint failures=0
17:09:31 finished checkpoint 3725; GM failures=0; joint failures=0
17:09:31 finished checkpoint 3726; GM failures=0; joint failures=0
17:09:31 finished checkpoint 3727; GM failures=0; joint failures=0
17:09:31 finished checkpoint 3729; GM failures=0; joint failures=0
17:09:31 finished checkpoint 3728; GM failures=0; joint failures=0
17:09:31 finished checkpoint 3730; GM failures=0; joint failures=0
17:09:31 finished checkpoint 3731; GM failures=0; joint failures=0
17:09:31 finished checkpoint 3732; GM failures=0; joint failures=0
17:09:31 finished checkpoint 3733; GM failures=0; joint failures=0
17:09:31 finished checkpoint 3734; GM failures=0; joint failures=0
17:09:31 finished checkpoint 3735; GM failures=0; joint failures=0
17:09:31 finished checkpoint 3737; GM failures=0; joint failures=0
17:09:31 finished checkpoint 3738; GM failures=0; joint failures=0
17:09:31 finished checkpoint 3736; GM failures=0; joint failures=0
17:09:31 finished checkpoint 3739; GM failures=0; joint failures=0
17:09:31 finished checkpoint 3740; GM failures=0; joint failures=0
17:09:31 finished checkpoint 3741; GM failures=0; joint failures=0
17:09:31 finished checkpoint 3743; GM failures=0; joint failures=0
17:09:31 finished checkpoint 3742; GM failures=0; joint failures=0
17:09:31 finished checkpoint 3744; GM failures=0; joint failures=0
17:09:32 finished checkpoint 3746; GM failures=0; joint failures=0
17:09:32 finished checkpoint 3745; GM failures=0; joint failures=0
17:09:32 finished checkpoint 3749; GM failures=0; joint failures=0
17:09:32 finished checkpoint 3747; GM failures=0; joint failures=0
17:09:32 finished checkpoint 3748; GM failures=0; joint failures=0
17:09:32 finished checkpoint 3750; GM failures=0; joint failures=0
17:09:32 finished checkpoint 3752; GM failures=0; joint failures=0
17:09:32 finished checkpoint 3751; GM failures=0; joint failures=0
17:09:32 finished checkpoint 3753; GM failures=0; joint failures=0
17:09:32 finished checkpoint 3755; GM failures=0; joint failures=0
17:09:32 finished checkpoint 3756; GM failures=0; joint failures=0
17:09:32 finished checkpoint 3754; GM failures=0; joint failures=0
17:09:32 finished checkpoint 3757; GM failures=0; joint failures=0
17:09:32 finished checkpoint 3758; GM failures=0; joint failures=0
17:09:32 finished checkpoint 3759; GM failures=0; joint failures=0
17:09:32 finished checkpoint 3762; GM failures=0; joint failures=0
17:09:32 finished checkpoint 3761; GM failures=0; joint failures=0
17:09:32 finished checkpoint 3760; GM failures=0; joint failures=0
17:09:32 finished checkpoint 3763; GM failures=0; joint failures=0
17:09:32 finished checkpoint 3764; GM failures=0; joint failures=0
17:09:32 finished checkpoint 3765; GM failures=0; joint failures=0
17:09:32 finished checkpoint 3766; GM failures=0; joint failures=0
17:09:32 finished checkpoint 3767; GM failures=0; joint failures=0
17:09:32 finished checkpoint 3768; GM failures=0; joint failures=0
17:09:32 finished checkpoint 3769; GM failures=0; joint failures=0
17:09:32 finished checkpoint 3770; GM failures=0; joint failures=0
17:09:32 finished checkpoint 3771; GM failures=0; joint failures=0
17:09:32 finished checkpoint 3772; GM failures=0; joint failures=0
17:09:32 finished checkpoint 3773; GM failures=0; joint failures=0
17:09:32 finished checkpoint 3774; GM failures=0; joint failures=0
17:09:32 finished checkpoint 3777; GM failures=0; joint failures=0
17:09:32 finished checkpoint 3775; GM failures=0; joint failures=0
17:09:32 finished checkpoint 3778; GM failures=0; joint failures=0
17:09:32 finished checkpoint 3776; GM failures=0; joint failures=0
17:09:32 finished checkpoint 3779; GM failures=0; joint failures=0
17:09:32 finished checkpoint 3780; GM failures=0; joint failures=0
17:09:32 finished checkpoint 3781; GM failures=0; joint failures=0
17:09:32 finished checkpoint 3782; GM failures=0; joint failures=0
17:09:32 finished checkpoint 3783; GM failures=0; joint failures=0
17:09:32 finished checkpoint 3785; GM failures=0; joint failures=0
17:09:32 finished checkpoint 3784; GM failures=0; joint failures=0
17:09:3217:09:32 finished checkpoint  finished checkpoint 37863788; GM failures=; GM failures=00; joint failures=; joint failures=00

17:09:32 finished checkpoint 3787; GM failures=0; joint failures=0
17:09:32 finished checkpoint 3790; GM failures=0; joint failures=0
17:09:32 finished checkpoint 3789; GM failures=0; joint failures=0
17:09:33 finished checkpoint 3791; GM failures=0; joint failures=0
17:09:33 finished checkpoint 3792; GM failures=0; joint failures=0
17:09:33 finished checkpoint 3793; GM failures=0; joint failures=0
17:09:33 finished checkpoint 3794; GM failures=0; joint failures=0
17:09:33 finished checkpoint 3795; GM failures=0; joint failures=0
17:09:33 finished checkpoint 3796; GM failures=0; joint failures=0
17:09:33 finished checkpoint 3797; GM failures=0; joint failures=0
17:09:33 finished checkpoint 3798; GM failures=0; joint failures=0
17:09:33 finished checkpoint 3799; GM failures=0; joint failures=0
17:09:33 finished checkpoint 3800; GM failures=0; joint failures=0
17:09:33 finished checkpoint 3801; GM failures=0; joint failures=0
17:09:33 finished checkpoint 3802; GM failures=0; joint failures=0
17:09:33 finished checkpoint 3803; GM failures=0; joint failures=0
17:09:33 finished checkpoint 3804; GM failures=0; joint failures=0
17:09:33 finished checkpoint 3805; GM failures=0; joint failures=0
17:09:33 finished checkpoint 3806; GM failures=0; joint failures=0
17:09:33 finished checkpoint 3811; GM failures=0; joint failures=0
17:09:33 finished checkpoint 3808; GM failures=0; joint failures=0
17:09:33 finished checkpoint 3810; GM failures=0; joint failures=0
17:09:33 finished checkpoint 3807; GM failures=0; joint failures=0
17:09:33 finished checkpoint 3809; GM failures=0; joint failures=0
17:09:33 finished checkpoint 3814; GM failures=0; joint failures=0
17:09:33 finished checkpoint 3812; GM failures=0; joint failures=0
17:09:33 finished checkpoint 3813; GM failures=0; joint failures=0
17:09:33 finished checkpoint 3816; GM failures=0; joint failures=0
17:09:33 finished checkpoint 3817; GM failures=1; joint failures=0
17:09:33 finished checkpoint 3815; GM failures=0; joint failures=0
17:09:33 finished checkpoint 3818; GM failures=0; joint failures=0
17:09:33 finished checkpoint 3819; GM failures=1; joint failures=0
17:09:3317:09:33 finished checkpoint  finished checkpoint 38203823; GM failures=; GM failures=01; joint failures=; joint failures=00

17:09:33 finished checkpoint 3821; GM failures=0; joint failures=0
17:09:33 finished checkpoint 3822; GM failures=0; joint failures=0
17:09:33 finished checkpoint 3824; GM failures=0; joint failures=0
17:09:33 finished checkpoint 3826; GM failures=0; joint failures=0
17:09:33 finished checkpoint 3825; GM failures=0; joint failures=0
17:09:33 finished checkpoint 3827; GM failures=0; joint failures=0
17:09:33 finished checkpoint 3828; GM failures=0; joint failures=0
17:09:33 finished checkpoint 3829; GM failures=0; joint failures=0
17:09:34 finished checkpoint 3830; GM failures=1; joint failures=0
17:09:34 finished checkpoint 3833; GM failures=0; joint failures=0
17:09:34 finished checkpoint 3831; GM failures=0; joint failures=0
17:09:34 finished checkpoint 3832; GM failures=0; joint failures=0
17:09:34 finished checkpoint 3834; GM failures=0; joint failures=0
17:09:34 finished checkpoint 3835; GM failures=0; joint failures=0
17:09:34 finished checkpoint 3839; GM failures=0; joint failures=0
17:09:34 finished checkpoint 3836; GM failures=0; joint failures=0
17:09:34 finished checkpoint 3838; GM failures=0; joint failures=0
17:09:34 finished checkpoint 3840; GM failures=0; joint failures=0
17:09:34 finished checkpoint 3841; GM failures=0; joint failures=0
17:09:34 finished checkpoint 3837; GM failures=0; joint failures=0
17:09:34 finished checkpoint 3842; GM failures=0; joint failures=0
17:09:34 finished checkpoint 3845; GM failures=0; joint failures=0
17:09:34 finished checkpoint 3843; GM failures=0; joint failures=0
17:09:34 finished checkpoint 3846; GM failures=0; joint failures=0
17:09:34 finished checkpoint 3847; GM failures=0; joint failures=0
17:09:34 finished checkpoint 3844; GM failures=0; joint failures=0
17:09:34 finished checkpoint 3848; GM failures=0; joint failures=0
17:09:34 finished checkpoint 3849; GM failures=0; joint failures=0
17:09:34 finished checkpoint 3851; GM failures=0; joint failures=0
17:09:34 finished checkpoint 3850; GM failures=0; joint failures=0
17:09:34 finished checkpoint 3852; GM failures=0; joint failures=0
17:09:34 finished checkpoint 3853; GM failures=0; joint failures=0
17:09:34 finished checkpoint 3855; GM failures=0; joint failures=0
17:09:34 finished checkpoint 3857; GM failures=0; joint failures=0
17:09:34 finished checkpoint 3856; GM failures=0; joint failures=0
17:09:34 finished checkpoint 3854; GM failures=0; joint failures=0
17:09:34 finished checkpoint 3858; GM failures=0; joint failures=0
17:09:34 finished checkpoint 3860; GM failures=0; joint failures=0
17:09:34 finished checkpoint 3859; GM failures=0; joint failures=0
17:09:34 finished checkpoint 3863; GM failures=0; joint failures=0
17:09:34 finished checkpoint 3861; GM failures=0; joint failures=0
17:09:34 finished checkpoint 3862; GM failures=0; joint failures=0
17:09:34 finished checkpoint 3864; GM failures=0; joint failures=0
17:09:34 finished checkpoint 3865; GM failures=0; joint failures=0
17:09:34 finished checkpoint 3867; GM failures=0; joint failures=0
17:09:34 finished checkpoint 3866; GM failures=0; joint failures=0
17:09:34 finished checkpoint 3869; GM failures=0; joint failures=0
17:09:34 finished checkpoint 3868; GM failures=0; joint failures=0
17:09:34 finished checkpoint 3870; GM failures=0; joint failures=0
17:09:3417:09:34 finished checkpoint  finished checkpoint 38733871; GM failures=; GM failures=00; joint failures=; joint failures=00

17:09:34 finished checkpoint 3875; GM failures=0; joint failures=0
17:09:35 finished checkpoint 3872; GM failures=0; joint failures=0
17:09:35 finished checkpoint 3874; GM failures=0; joint failures=0
17:09:35 finished checkpoint 3876; GM failures=0; joint failures=0
17:09:35 finished checkpoint 3877; GM failures=0; joint failures=0
17:09:35 finished checkpoint 3878; GM failures=0; joint failures=0
17:09:35 finished checkpoint 3879; GM failures=0; joint failures=0
17:09:35 finished checkpoint 3880; GM failures=0; joint failures=0
17:09:35 finished checkpoint 3881; GM failures=0; joint failures=0
17:09:35 finished checkpoint 3882; GM failures=0; joint failures=0
17:09:35 finished checkpoint 3883; GM failures=1; joint failures=0
17:09:35 finished checkpoint 3884; GM failures=0; joint failures=0
17:09:35 finished checkpoint 3885; GM failures=0; joint failures=0
17:09:35 finished checkpoint 3888; GM failures=0; joint failures=0
17:09:35 finished checkpoint 3886; GM failures=0; joint failures=0
17:09:35 finished checkpoint 3887; GM failures=0; joint failures=0
17:09:35 finished checkpoint 3889; GM failures=0; joint failures=0
17:09:35 finished checkpoint 3891; GM failures=0; joint failures=0
17:09:35 finished checkpoint 3890; GM failures=0; joint failures=0
17:09:35 finished checkpoint 3892; GM failures=0; joint failures=0
17:09:35 finished checkpoint 3893; GM failures=0; joint failures=0
17:09:35 finished checkpoint 3894; GM failures=0; joint failures=0
17:09:35 finished checkpoint 3896; GM failures=0; joint failures=0
17:09:35 finished checkpoint 3897; GM failures=0; joint failures=0
17:09:3517:09:35 finished checkpoint  finished checkpoint 38953899; GM failures=; GM failures=00; joint failures=; joint failures=00

17:09:35 finished checkpoint 3898; GM failures=0; joint failures=0
17:09:35 finished checkpoint 3900; GM failures=0; joint failures=0
17:09:35 finished checkpoint 3901; GM failures=0; joint failures=0
17:09:35 finished checkpoint 3902; GM failures=17:09:350 finished checkpoint ; joint failures=39030; GM failures=
0; joint failures=0
17:09:35 finished checkpoint 3904; GM failures=0; joint failures=0
17:09:35 finished checkpoint 3906; GM failures=0; joint failures=0
17:09:35 finished checkpoint 3905; GM failures=0; joint failures=0
17:09:35 finished checkpoint 3908; GM failures=0; joint failures=0
17:09:35 finished checkpoint 3907; GM failures=0; joint failures=0
17:09:35 finished checkpoint 3910; GM failures=0; joint failures=0
17:09:35 finished checkpoint 3909; GM failures=0; joint failures=0
17:09:35 finished checkpoint 3911; GM failures=0; joint failures=0
17:09:3617:09:36 finished checkpoint  finished checkpoint 39123913; GM failures=; GM failures=00; joint failures=; joint failures=00

17:09:36 finished checkpoint 3915; GM failures=0; joint failures=0
17:09:36 finished checkpoint 3914; GM failures=0; joint failures=0
17:09:36 finished checkpoint 3917; GM failures=0; joint failures=0
17:09:36 finished checkpoint 3918; GM failures=0; joint failures=0
17:09:36 finished checkpoint 3916; GM failures=0; joint failures=0
17:09:36 finished checkpoint 3919; GM failures=0; joint failures=0
17:09:36 finished checkpoint 3920; GM failures=0; joint failures=0
17:09:36 finished checkpoint 3921; GM failures=0; joint failures=0
17:09:36 finished checkpoint 3922; GM failures=0; joint failures=0
17:09:36 finished checkpoint 3923; GM failures=0; joint failures=0
17:09:36 finished checkpoint 3924; GM failures=0; joint failures=0
17:09:36 finished checkpoint 3925; GM failures=0; joint failures=0
17:09:36 finished checkpoint 3926; GM failures=0; joint failures=0
17:09:36 finished checkpoint 3927; GM failures=0; joint failures=0
17:09:36 finished checkpoint 3928; GM failures=0; joint failures=0
17:09:36 finished checkpoint 3929; GM failures=0; joint failures=0
17:09:36 finished checkpoint 3930; GM failures=0; joint failures=0
17:09:36 finished checkpoint 3932; GM failures=0; joint failures=0
17:09:36 finished checkpoint 3931; GM failures=0; joint failures=0
17:09:36 finished checkpoint 3933; GM failures=0; joint failures=0
17:09:36 finished checkpoint 3935; GM failures=0; joint failures=0
17:09:36 finished checkpoint 3934; GM failures=0; joint failures=0
17:09:36 finished checkpoint 3937; GM failures=0; joint failures=0
17:09:36 finished checkpoint 3936; GM failures=0; joint failures=0
17:09:36 finished checkpoint 3938; GM failures=0; joint failures=0
17:09:36 finished checkpoint 3939; GM failures=0; joint failures=0
17:09:36 finished checkpoint 3940; GM failures=0; joint failures=0
17:09:36 finished checkpoint 3941; GM failures=0; joint failures=0
17:09:36 finished checkpoint 3942; GM failures=0; joint failures=0
17:09:36 finished checkpoint 3943; GM failures=0; joint failures=0
17:09:36 finished checkpoint 3944; GM failures=0; joint failures=0
17:09:36 finished checkpoint 3945; GM failures=0; joint failures=0
17:09:36 finished checkpoint 3946; GM failures=0; joint failures=0
17:09:36 finished checkpoint 3947; GM failures=0; joint failures=0
17:09:36 finished checkpoint 3948; GM failures=0; joint failures=0
17:09:36 finished checkpoint 3950; GM failures=0; joint failures=0
17:09:37 finished checkpoint 3949; GM failures=0; joint failures=0
17:09:37 finished checkpoint 3951; GM failures=0; joint failures=0
17:09:37 finished checkpoint 3952; GM failures=0; joint failures=0
17:09:37 finished checkpoint 3953; GM failures=0; joint failures=0
17:09:37 finished checkpoint 3954; GM failures=0; joint failures=0
17:09:37 finished checkpoint 3955; GM failures=0; joint failures=0
17:09:37 finished checkpoint 3956; GM failures=0; joint failures=0
17:09:37 finished checkpoint 3958; GM failures=0; joint failures=0
17:09:37 finished checkpoint 3957; GM failures=0; joint failures=0
17:09:37 finished checkpoint 3959; GM failures=0; joint failures=0
17:09:3717:09:37 finished checkpoint  finished checkpoint 39613960; GM failures=; GM failures=00; joint failures=; joint failures=00

17:09:37 finished checkpoint 3962; GM failures=1; joint failures=0
17:09:37 finished checkpoint 3963; GM failures=0; joint failures=0
17:09:37 finished checkpoint 3964; GM failures=0; joint failures=0
17:09:3717:09:37 finished checkpoint 3966; GM failures=0; joint failures=0
 finished checkpoint 3965; GM failures=0; joint failures=0
17:09:37 finished checkpoint 3967; GM failures=0; joint failures=0
17:09:37 finished checkpoint 3969; GM failures=0; joint failures=0
17:09:37 finished checkpoint 3968; GM failures=0; joint failures=0
17:09:37 finished checkpoint 3970; GM failures=0; joint failures=0
17:09:37 finished checkpoint 3971; GM failures=0; joint failures=0
17:09:37 finished checkpoint 3973; GM failures=0; joint failures=0
17:09:37 finished checkpoint 3972; GM failures=0; joint failures=0
17:09:37 finished checkpoint 3974; GM failures=0; joint failures=0
17:09:37 finished checkpoint 3975; GM failures=1; joint failures=0
17:09:37 finished checkpoint 3976; GM failures=0; joint failures=0
17:09:37 finished checkpoint 3977; GM failures=0; joint failures=0
17:09:37 finished checkpoint 3978; GM failures=0; joint failures=0
17:09:37 finished checkpoint 3979; GM failures=0; joint failures=0
17:09:37 finished checkpoint 3981; GM failures=0; joint failures=0
17:09:37 finished checkpoint 3980; GM failures=0; joint failures=0
17:09:37 finished checkpoint 3983; GM failures=0; joint failures=0
17:09:37 finished checkpoint 3982; GM failures=0; joint failures=0
17:09:37 finished checkpoint 3985; GM failures=0; joint failures=0
17:09:37 finished checkpoint 3986; GM failures=0; joint failures=0
17:09:37 finished checkpoint 3984; GM failures=0; joint failures=0
17:09:38 finished checkpoint 3987; GM failures=0; joint failures=0
17:09:38 finished checkpoint 3990; GM failures=0; joint failures=0
17:09:38 finished checkpoint 3988; GM failures=0; joint failures=0
17:09:38 finished checkpoint 3989; GM failures=0; joint failures=0
17:09:38 finished checkpoint 3991; GM failures=0; joint failures=0
17:09:38 finished checkpoint 3993; GM failures=0; joint failures=0
17:09:38 finished checkpoint 3992; GM failures=0; joint failures=0
17:09:38 finished checkpoint 3994; GM failures=0; joint failures=0
17:09:38 finished checkpoint 3996; GM failures=0; joint failures=0
17:09:38 finished checkpoint 3995; GM failures=0; joint failures=0
17:09:38 finished checkpoint 4001; GM failures=0; joint failures=0
17:09:3817:09:38 finished checkpoint  finished checkpoint 39983997; GM failures=; GM failures=10; joint failures=; joint failures=00

17:09:38 finished checkpoint 3999; GM failures=0; joint failures=0
17:09:38 finished checkpoint 4000; GM failures=0; joint failures=0
17:09:38 finished checkpoint 4002; GM failures=0; joint failures=0
17:09:38 finished checkpoint 4003; GM failures=0; joint failures=0
17:09:38 finished checkpoint 4004; GM failures=0; joint failures=0
17:09:38 finished checkpoint 4005; GM failures=0; joint failures=0
17:09:38 finished checkpoint 4006; GM failures=0; joint failures=0
17:09:38 finished checkpoint 4008; GM failures=0; joint failures=0
17:09:38 finished checkpoint 4007; GM failures=0; joint failures=0
17:09:38 finished checkpoint 4009; GM failures=0; joint failures=0
17:09:38 finished checkpoint 4010; GM failures=0; joint failures=0
17:09:38 finished checkpoint 4011; GM failures=0; joint failures=0
17:09:38 finished checkpoint 4012; GM failures=0; joint failures=0
17:09:38 finished checkpoint 4013; GM failures=0; joint failures=0
17:09:38 finished checkpoint 4014; GM failures=0; joint failures=0
17:09:38 finished checkpoint 4015; GM failures=0; joint failures=0
17:09:38 finished checkpoint 4017; GM failures=0; joint failures=0
17:09:38 finished checkpoint 4016; GM failures=0; joint failures=0
17:09:38 finished checkpoint 4018; GM failures=0; joint failures=0
17:09:38 finished checkpoint 4019; GM failures=0; joint failures=0
17:09:38 finished checkpoint 4021; GM failures=0; joint failures=0
17:09:38 finished checkpoint 4022; GM failures=0; joint failures=0
17:09:38 finished checkpoint 4020; GM failures=0; joint failures=0
17:09:38 finished checkpoint 4023; GM failures=0; joint failures=0
17:09:38 finished checkpoint 4024; GM failures=0; joint failures=0
17:09:38 finished checkpoint 4026; GM failures=0; joint failures=0
17:09:38 finished checkpoint 4025; GM failures=0; joint failures=0
17:09:38 finished checkpoint 4027; GM failures=17:09:380 finished checkpoint ; joint failures=40280; GM failures=
0; joint failures=0
17:09:38 finished checkpoint 4029; GM failures=0; joint failures=0
17:09:38 finished checkpoint 4031; GM failures=0; joint failures=0
17:09:38 finished checkpoint 4030; GM failures=0; joint failures=0
17:09:38 finished checkpoint 4032; GM failures=017:09:38; joint failures= finished checkpoint 04034
; GM failures=0; joint failures=0
17:09:38 finished checkpoint 4033; GM failures=0; joint failures=0
17:09:39 finished checkpoint 4035; GM failures=0; joint failures=0
17:09:39 finished checkpoint 4036; GM failures=0; joint failures=0
17:09:39 finished checkpoint 4038; GM failures=0; joint failures=0
17:09:39 finished checkpoint 4037; GM failures=0; joint failures=0
17:09:39 finished checkpoint 4039; GM failures=0; joint failures=0
17:09:39 finished checkpoint 4040; GM failures=0; joint failures=0
17:09:39 finished checkpoint 4041; GM failures=0; joint failures=0
17:09:39 finished checkpoint 4042; GM failures=0; joint failures=0
17:09:39 finished checkpoint 4045; GM failures=0; joint failures=0
17:09:39 finished checkpoint 4046; GM failures=0; joint failures=0
17:09:39 finished checkpoint 4044; GM failures=0; joint failures=0
17:09:39 finished checkpoint 4047; GM failures=0; joint failures=0
17:09:39 finished checkpoint 4043; GM failures=0; joint failures=0
17:09:39 finished checkpoint 4048; GM failures=0; joint failures=0
17:09:39 finished checkpoint 4049; GM failures=0; joint failures=0
17:09:39 finished checkpoint 4053; GM failures=0; joint failures=0
17:09:39 finished checkpoint 4050; GM failures=0; joint failures=0
17:09:39 finished checkpoint 4052; GM failures=0; joint failures=0
17:09:39 finished checkpoint 4051; GM failures=0; joint failures=0
17:09:39 finished checkpoint 4054; GM failures=0; joint failures=0
17:09:39 finished checkpoint 4055; GM failures=0; joint failures=0
17:09:39 finished checkpoint 4059; GM failures=0; joint failures=0
17:09:39 finished checkpoint 4060; GM failures=0; joint failures=0
17:09:39 finished checkpoint 4056; GM failures=0; joint failures=0
17:09:39 finished checkpoint 4057; GM failures=0; joint failures=0
17:09:39 finished checkpoint 4058; GM failures=0; joint failures=0
17:09:39 finished checkpoint 4061; GM failures=0; joint failures=0
17:09:39 finished checkpoint 4064; GM failures=0; joint failures=0
17:09:39 finished checkpoint 4063; GM failures=0; joint failures=0
17:09:39 finished checkpoint 4062; GM failures=0; joint failures=0
17:09:39 finished checkpoint 4065; GM failures=0; joint failures=0
17:09:39 finished checkpoint 4066; GM failures=0; joint failures=0
17:09:39 finished checkpoint 4067; GM failures=0; joint failures=0
17:09:39 finished checkpoint 4069; GM failures=0; joint failures=0
17:09:39 finished checkpoint 4070; GM failures=0; joint failures=0
17:09:39 finished checkpoint 4068; GM failures=0; joint failures=0
17:09:39 finished checkpoint 4071; GM failures=0; joint failures=0
17:09:39 finished checkpoint 4072; GM failures=0; joint failures=0
17:09:39 finished checkpoint 4076; GM failures=0; joint failures=0
17:09:39 finished checkpoint 4073; GM failures=0; joint failures=0
17:09:39 finished checkpoint 4075; GM failures=0; joint failures=0
17:09:39 finished checkpoint 4074; GM failures=0; joint failures=0
17:09:39 finished checkpoint 4078; GM failures=0; joint failures=0
17:09:39 finished checkpoint 4077; GM failures=0; joint failures=0
17:09:39 finished checkpoint 4079; GM failures=0; joint failures=0
17:09:40 finished checkpoint 17:09:404080 finished checkpoint ; GM failures=40810; GM failures=; joint failures=00; joint failures=
0
17:09:40 finished checkpoint 4082; GM failures=0; joint failures=0
17:09:40 finished checkpoint 4083; GM failures=0; joint failures=0
17:09:40 finished checkpoint 4087; GM failures=0; joint failures=0
17:09:40 finished checkpoint 4084; GM failures=0; joint failures=0
17:09:4017:09:40 finished checkpoint  finished checkpoint 40884086; GM failures=; GM failures=00; joint failures=; joint failures=00

17:09:40 finished checkpoint 4085; GM failures=0; joint failures=0
17:09:40 finished checkpoint 4089; GM failures=0; joint failures=0
17:09:40 finished checkpoint 4090; GM failures=0; joint failures=0
17:09:40 finished checkpoint 4091; GM failures=0; joint failures=0
17:09:40 finished checkpoint 4092; GM failures=0; joint failures=0
17:09:40 finished checkpoint 4093; GM failures=0; joint failures=0
17:09:40 finished checkpoint 4094; GM failures=0; joint failures=0
17:09:40 finished checkpoint 4097; GM failures=0; joint failures=0
17:09:40 finished checkpoint 4095; GM failures=0; joint failures=0
17:09:40 finished checkpoint 4098; GM failures=0; joint failures=0
17:09:40 finished checkpoint 4099; GM failures=0; joint failures=0
17:09:40 finished checkpoint 4096; GM failures=0; joint failures=0
17:09:40 finished checkpoint 4100; GM failures=0; joint failures=0
17:09:40 finished checkpoint 4101; GM failures=0; joint failures=0
17:09:40 finished checkpoint 4102; GM failures=0; joint failures=0
17:09:40 finished checkpoint 4103; GM failures=0; joint failures=0
17:09:40 finished checkpoint 4104; GM failures=0; joint failures=0
17:09:40 finished checkpoint 4105; GM failures=0; joint failures=0
17:09:40 finished checkpoint 4107; GM failures=0; joint failures=0
17:09:40 finished checkpoint 4108; GM failures=0; joint failures=0
17:09:40 finished checkpoint 4106; GM failures=0; joint failures=0
17:09:40 finished checkpoint 4109; GM failures=0; joint failures=0
17:09:40 finished checkpoint 4111; GM failures=0; joint failures=0
17:09:40 finished checkpoint 4110; GM failures=0; joint failures=0
17:09:40 finished checkpoint 4112; GM failures=0; joint failures=0
17:09:40 finished checkpoint 4113; GM failures=0; joint failures=0
17:09:40 finished checkpoint 4114; GM failures=0; joint failures=0
17:09:40 finished checkpoint 4115; GM failures=0; joint failures=0
17:09:40 finished checkpoint 4116; GM failures=0; joint failures=0
17:09:40 finished checkpoint 4117; GM failures=0; joint failures=0
17:09:40 finished checkpoint 4118; GM failures=0; joint failures=0
17:09:40 finished checkpoint 4119; GM failures=0; joint failures=0
17:09:40 finished checkpoint 4120; GM failures=0; joint failures=0
17:09:40 finished checkpoint 4123; GM failures=0; joint failures=0
17:09:40 finished checkpoint 4122; GM failures=0; joint failures=0
17:09:40 finished checkpoint 4121; GM failures=0; joint failures=0
17:09:40 finished checkpoint 4124; GM failures=0; joint failures=0
17:09:40 finished checkpoint 4125; GM failures=0; joint failures=0
17:09:40 finished checkpoint 4126; GM failures=0; joint failures=0
17:09:40 finished checkpoint 4128; GM failures=0; joint failures=0
17:09:40 finished checkpoint 4127; GM failures=0; joint failures=0
17:09:41 finished checkpoint 4129; GM failures=0; joint failures=0
17:09:41 finished checkpoint 4132; GM failures=0; joint failures=0
17:09:41 finished checkpoint 4133; GM failures=0; joint failures=0
17:09:41 finished checkpoint 4130; GM failures=0; joint failures=0
17:09:41 finished checkpoint 4131; GM failures=0; joint failures=0
17:09:41 finished checkpoint 4135; GM failures=0; joint failures=0
17:09:41 finished checkpoint 4134; GM failures=0; joint failures=0
17:09:41 finished checkpoint 4137; GM failures=0; joint failures=0
17:09:41 finished checkpoint 4136; GM failures=0; joint failures=0
17:09:41 finished checkpoint 4139; GM failures=0; joint failures=0
17:09:41 finished checkpoint 4140; GM failures=0; joint failures=0
17:09:41 finished checkpoint 4138; GM failures=0; joint failures=0
17:09:41 finished checkpoint 4142; GM failures=0; joint failures=0
17:09:41 finished checkpoint 4141; GM failures=0; joint failures=0
17:09:41 finished checkpoint 4145; GM failures=0; joint failures=0
17:09:41 finished checkpoint 4143; GM failures=0; joint failures=0
17:09:41 finished checkpoint 4144; GM failures=0; joint failures=0
17:09:41 finished checkpoint 4147; GM failures=0; joint failures=0
17:09:41 finished checkpoint 4146; GM failures=0; joint failures=0
17:09:41 finished checkpoint 4148; GM failures=0; joint failures=0
17:09:41 finished checkpoint 4149; GM failures=0; joint failures=0
17:09:41 finished checkpoint 4152; GM failures=0; joint failures=0
17:09:41 finished checkpoint 4150; GM failures=0; joint failures=0
17:09:41 finished checkpoint 4151; GM failures=0; joint failures=0
17:09:41 finished checkpoint 4153; GM failures=0; joint failures=0
17:09:41 finished checkpoint 4154; GM failures=0; joint failures=0
17:09:4117:09:41 finished checkpoint  finished checkpoint 41574155; GM failures=; GM failures=00; joint failures=; joint failures=00

17:09:41 finished checkpoint 4156; GM failures=0; joint failures=0
17:09:41 finished checkpoint 4159; GM failures=0; joint failures=0
17:09:41 finished checkpoint 4158; GM failures=0; joint failures=0
17:09:41 finished checkpoint 4160; GM failures=0; joint failures=0
17:09:41 finished checkpoint 4161; GM failures=0; joint failures=0
17:09:41 finished checkpoint 4163; GM failures=0; joint failures=0
17:09:41 finished checkpoint 4164; GM failures=0; joint failures=0
17:09:41 finished checkpoint 4166; GM failures=0; joint failures=0
17:09:41 finished checkpoint 4165; GM failures=1; joint failures=0
17:09:41 finished checkpoint 4162; GM failures=0; joint failures=0
17:09:41 finished checkpoint 4168; GM failures=0; joint failures=0
17:09:41 finished checkpoint 4167; GM failures=0; joint failures=0
17:09:41 finished checkpoint 4170; GM failures=0; joint failures=0
17:09:41 finished checkpoint 4169; GM failures=0; joint failures=0
17:09:41 finished checkpoint 4171; GM failures=0; joint failures=0
17:09:4217:09:42 finished checkpoint 4173 finished checkpoint ; GM failures=41720; GM failures=; joint failures=00; joint failures=
0
17:09:42 finished checkpoint 4174; GM failures=0; joint failures=0
17:09:42 finished checkpoint 4175; GM failures=0; joint failures=0
17:09:42 finished checkpoint 4177; GM failures=0; joint failures=0
17:09:42 finished checkpoint 4176; GM failures=0; joint failures=0
17:09:42 finished checkpoint 4182; GM failures=0; joint failures=0
17:09:42 finished checkpoint 4178; GM failures=0; joint failures=0
17:09:42 finished checkpoint 4180; GM failures=0; joint failures=0
17:09:42 finished checkpoint 4181; GM failures=0; joint failures=0
17:09:42 finished checkpoint 4179; GM failures=0; joint failures=0
17:09:42 finished checkpoint 4183; GM failures=0; joint failures=0
17:09:42 finished checkpoint 4184; GM failures=0; joint failures=0
17:09:42 finished checkpoint 4185; GM failures=0; joint failures=0
17:09:42 finished checkpoint 4186; GM failures=0; joint failures=0
17:09:42 finished checkpoint 4189; GM failures=0; joint failures=0
17:09:42 finished checkpoint 4188; GM failures=0; joint failures=0
17:09:42 finished checkpoint 4187; GM failures=0; joint failures=0
17:09:42 finished checkpoint 4191; GM failures=0; joint failures=0
17:09:42 finished checkpoint 4190; GM failures=0; joint failures=0
17:09:42 finished checkpoint 4192; GM failures=0; joint failures=0
17:09:42 finished checkpoint 4194; GM failures=0; joint failures=0
17:09:42 finished checkpoint 4193; GM failures=0; joint failures=0
17:09:42 finished checkpoint 4195; GM failures=0; joint failures=0
17:09:42 finished checkpoint 4196; GM failures=0; joint failures=0
17:09:42 finished checkpoint 4199; GM failures=0; joint failures=0
17:09:42 finished checkpoint 4200; GM failures=0; joint failures=0
17:09:42 finished checkpoint 4197; GM failures=0; joint failures=0
17:09:42 finished checkpoint 4198; GM failures=0; joint failures=0
17:09:42 finished checkpoint 4201; GM failures=0; joint failures=0
17:09:42 finished checkpoint 4202; GM failures=0; joint failures=0
17:09:42 finished checkpoint 4203; GM failures=0; joint failures=0
17:09:42 finished checkpoint 4205; GM failures=0; joint failures=0
17:09:42 finished checkpoint 4204; GM failures=0; joint failures=0
17:09:42 finished checkpoint 4206; GM failures=0; joint failures=0
17:09:42 finished checkpoint 4209; GM failures=0; joint failures=0
17:09:42 finished checkpoint 4208; GM failures=0; joint failures=0
17:09:42 finished checkpoint 4210; GM failures=0; joint failures=0
17:09:43 finished checkpoint 4207; GM failures=0; joint failures=0
17:09:43 finished checkpoint 4211; GM failures=0; joint failures=0
17:09:43 finished checkpoint 4212; GM failures=0; joint failures=0
17:09:43 finished checkpoint 4214; GM failures=0; joint failures=0
17:09:43 finished checkpoint 4215; GM failures=0; joint failures=0
17:09:43 finished checkpoint 4213; GM failures=0; joint failures=0
17:09:43 finished checkpoint 4217; GM failures=0; joint failures=0
17:09:43 finished checkpoint 4216; GM failures=0; joint failures=0
17:09:43 finished checkpoint 4218; GM failures=1; joint failures=0
17:09:43 finished checkpoint 4219; GM failures=0; joint failures=0
17:09:43 finished checkpoint 4220; GM failures=0; joint failures=0
17:09:43 finished checkpoint 4221; GM failures=0; joint failures=0
17:09:43 finished checkpoint 4223; GM failures=0; joint failures=0
17:09:43 finished checkpoint 4222; GM failures=0; joint failures=0
17:09:43 finished checkpoint 4226; GM failures=0; joint failures=0
17:09:43 finished checkpoint 4225; GM failures=0; joint failures=0
17:09:43 finished checkpoint 4224; GM failures=0; joint failures=0
17:09:43 finished checkpoint 4227; GM failures=0; joint failures=0
17:09:43 finished checkpoint 4229; GM failures=0; joint failures=0
17:09:43 finished checkpoint 4228; GM failures=0; joint failures=0
17:09:43 finished checkpoint 4230; GM failures=0; joint failures=0
17:09:43 finished checkpoint 4234; GM failures=0; joint failures=0
17:09:43 finished checkpoint 4233; GM failures=0; joint failures=0
17:09:43 finished checkpoint 4232; GM failures=0; joint failures=0
17:09:43 finished checkpoint 4235; GM failures=0; joint failures=0
17:09:43 finished checkpoint 4231; GM failures=0; joint failures=0
17:09:43 finished checkpoint 4237; GM failures=0; joint failures=0
17:09:43 finished checkpoint 4236; GM failures=0; joint failures=0
17:09:43 finished checkpoint 4238; GM failures=0; joint failures=0
17:09:43 finished checkpoint 4239; GM failures=0; joint failures=0
17:09:43 finished checkpoint 4240; GM failures=0; joint failures=0
17:09:43 finished checkpoint 4241; GM failures=0; joint failures=0
17:09:43 finished checkpoint 4244; GM failures=17:09:431 finished checkpoint ; joint failures=42420; GM failures=
0; joint failures=0
17:09:43 finished checkpoint 4245; GM failures=0; joint failures=0
17:09:43 finished checkpoint 4243; GM failures=0; joint failures=0
17:09:43 finished checkpoint 4246; GM failures=0; joint failures=0
17:09:43 finished checkpoint 4248; GM failures=0; joint failures=0
17:09:43 finished checkpoint 4247; GM failures=0; joint failures=0
17:09:44 finished checkpoint 4251; GM failures=0; joint failures=0
17:09:44 finished checkpoint 4249; GM failures=0; joint failures=0
17:09:44 finished checkpoint 4250; GM failures=1; joint failures=0
17:09:44 finished checkpoint 4252; GM failures=0; joint failures=0
17:09:44 finished checkpoint 4253; GM failures=0; joint failures=0
17:09:44 finished checkpoint 4255; GM failures=0; joint failures=0
17:09:44 finished checkpoint 4258; GM failures=0; joint failures=0
17:09:44 finished checkpoint 4257; GM failures=0; joint failures=0
17:09:44 finished checkpoint 4254; GM failures=0; joint failures=0
17:09:44 finished checkpoint 4256; GM failures=0; joint failures=0
17:09:4417:09:44 finished checkpoint  finished checkpoint 42604259; GM failures=; GM failures=00; joint failures=; joint failures=00

17:09:44 finished checkpoint 4263; GM failures=0; joint failures=0
17:09:44 finished checkpoint 4261; GM failures=0; joint failures=0
17:09:44 finished checkpoint 4262; GM failures=0; joint failures=0
17:09:44 finished checkpoint 4264; GM failures=0; joint failures=0
17:09:44 finished checkpoint 4265; GM failures=0; joint failures=0
17:09:44 finished checkpoint 4266; GM failures=0; joint failures=0
17:09:44 finished checkpoint 4267; GM failures=0; joint failures=0
17:09:44 finished checkpoint 4268; GM failures=0; joint failures=0
17:09:44 finished checkpoint 4270; GM failures=0; joint failures=0
17:09:44 finished checkpoint 4269; GM failures=0; joint failures=0
17:09:44 finished checkpoint 4271; GM failures=0; joint failures=0
17:09:44 finished checkpoint 4272; GM failures=0; joint failures=0
17:09:44 finished checkpoint 427517:09:44; GM failures= finished checkpoint 04273; joint failures=; GM failures=00
; joint failures=0
17:09:44 finished checkpoint 4274; GM failures=0; joint failures=0
17:09:44 finished checkpoint 4276; GM failures=0; joint failures=0
17:09:44 finished checkpoint 4277; GM failures=0; joint failures=0
17:09:44 finished checkpoint 4279; GM failures=0; joint failures=0
17:09:44 finished checkpoint 4278; GM failures=0; joint failures=0
17:09:44 finished checkpoint 4280; GM failures=0; joint failures=0
17:09:44 finished checkpoint 4281; GM failures=0; joint failures=0
17:09:44 finished checkpoint 4282; GM failures=0; joint failures=0
17:09:44 finished checkpoint 4284; GM failures=0; joint failures=0
17:09:44 finished checkpoint 4283; GM failures=0; joint failures=0
17:09:44 finished checkpoint 17:09:444286 finished checkpoint ; GM failures=42870; GM failures=; joint failures=00; joint failures=
0
17:09:44 finished checkpoint 4285; GM failures=0; joint failures=0
17:09:44 finished checkpoint 4288; GM failures=0; joint failures=0
17:09:44 finished checkpoint 4289; GM failures=0; joint failures=0
17:09:45 finished checkpoint 4291; GM failures=0; joint failures=0
17:09:45 finished checkpoint 4290; GM failures=0; joint failures=0
17:09:45 finished checkpoint 4292; GM failures=0; joint failures=0
17:09:45 finished checkpoint 4293; GM failures=0; joint failures=0
17:09:45 finished checkpoint 4296; GM failures=0; joint failures=0
17:09:45 finished checkpoint 4294; GM failures=0; joint failures=0
17:09:45 finished checkpoint 4295; GM failures=0; joint failures=0
17:09:45 finished checkpoint 4298; GM failures=0; joint failures=0
17:09:45 finished checkpoint 4297; GM failures=0; joint failures=0
17:09:45 finished checkpoint 4299; GM failures=0; joint failures=0
17:09:45 finished checkpoint 4300; GM failures=0; joint failures=0
17:09:45 finished checkpoint 4301; GM failures=0; joint failures=0
17:09:45 finished checkpoint 4303; GM failures=0; joint failures=0
17:09:45 finished checkpoint 4302; GM failures=0; joint failures=0
17:09:45 finished checkpoint 4304; GM failures=0; joint failures=0
17:09:45 finished checkpoint 4306; GM failures=0; joint failures=0
17:09:45 finished checkpoint 4305; GM failures=0; joint failures=0
17:09:45 finished checkpoint 4307; GM failures=1; joint failures=0
17:09:45 finished checkpoint 4308; GM failures=0; joint failures=0
17:09:45 finished checkpoint 4309; GM failures=0; joint failures=0
17:09:45 finished checkpoint 4310; GM failures=0; joint failures=0
17:09:45 finished checkpoint 4311; GM failures=0; joint failures=0
17:09:45 finished checkpoint 4312; GM failures=0; joint failures=0
17:09:45 finished checkpoint 4313; GM failures=0; joint failures=0
17:09:45 finished checkpoint 4314; GM failures=0; joint failures=0
17:09:45 finished checkpoint 4315; GM failures=0; joint failures=0
17:09:45 finished checkpoint 4316; GM failures=0; joint failures=0
17:09:4517:09:45 finished checkpoint  finished checkpoint 43174318; GM failures=; GM failures=00; joint failures=; joint failures=00

17:09:45 finished checkpoint 4319; GM failures=1; joint failures=0
17:09:45 finished checkpoint 4320; GM failures=0; joint failures=0
17:09:45 finished checkpoint 4321; GM failures=1; joint failures=0
17:09:45 finished checkpoint 4323; GM failures=0; joint failures=0
17:09:45 finished checkpoint 4324; GM failures=0; joint failures=0
17:09:45 finished checkpoint 4322; GM failures=0; joint failures=0
17:09:46 finished checkpoint 4325; GM failures=1; joint failures=0
17:09:46 finished checkpoint 4326; GM failures=0; joint failures=0
17:09:46 finished checkpoint 4327; GM failures=0; joint failures=0
17:09:46 finished checkpoint 4329; GM failures=0; joint failures=0
17:09:46 finished checkpoint 4328; GM failures=0; joint failures=0
17:09:46 finished checkpoint 4330; GM failures=0; joint failures=0
17:09:46 finished checkpoint 4331; GM failures=0; joint failures=0
17:09:46 finished checkpoint 4332; GM failures=1; joint failures=0
17:09:46 finished checkpoint 4335; GM failures=0; joint failures=0
17:09:46 finished checkpoint 4336; GM failures=0; joint failures=0
17:09:46 finished checkpoint 4333; GM failures=0; joint failures=0
17:09:46 finished checkpoint 4334; GM failures=0; joint failures=0
17:09:46 finished checkpoint 4338; GM failures=0; joint failures=0
17:09:4617:09:46 finished checkpoint  finished checkpoint 43374339; GM failures=; GM failures=00; joint failures=; joint failures=00

17:09:46 finished checkpoint 4341; GM failures=0; joint failures=0
17:09:46 finished checkpoint 4340; GM failures=0; joint failures=0
17:09:46 finished checkpoint 4342; GM failures=1; joint failures=0
17:09:46 finished checkpoint 4347; GM failures=0; joint failures=0
17:09:46 finished checkpoint 4346; GM failures=0; joint failures=0
17:09:46 finished checkpoint 4343; GM failures=0; joint failures=0
17:09:46 finished checkpoint 4344; GM failures=0; joint failures=0
17:09:46 finished checkpoint 4348; GM failures=0; joint failures=0
17:09:46 finished checkpoint 4345; GM failures=0; joint failures=0
17:09:4617:09:46 finished checkpoint  finished checkpoint 43494350; GM failures=; GM failures=00; joint failures=; joint failures=00

17:09:46 finished checkpoint 4351; GM failures=1; joint failures=0
17:09:46 finished checkpoint 4353; GM failures=0; joint failures=0
17:09:46 finished checkpoint 4352; GM failures=0; joint failures=0
17:09:46 finished checkpoint 4355; GM failures=0; joint failures=0
17:09:46 finished checkpoint 4354; GM failures=0; joint failures=0
17:09:46 finished checkpoint 4356; GM failures=0; joint failures=0
17:09:46 finished checkpoint 4357; GM failures=0; joint failures=0
17:09:46 finished checkpoint 4358; GM failures=0; joint failures=0
17:09:46 finished checkpoint 4360; GM failures=0; joint failures=0
17:09:46 finished checkpoint 4359; GM failures=0; joint failures=0
17:09:47 finished checkpoint 4362; GM failures=0; joint failures=0
17:09:47 finished checkpoint 4361; GM failures=0; joint failures=0
17:09:47 finished checkpoint 4364; GM failures=0; joint failures=0
17:09:47 finished checkpoint 4363; GM failures=0; joint failures=0
17:09:47 finished checkpoint 4365; GM failures=1; joint failures=0
17:09:47 finished checkpoint 4367; GM failures=0; joint failures=0
17:09:47 finished checkpoint 4366; GM failures=0; joint failures=0
17:09:47 finished checkpoint 4368; GM failures=0; joint failures=0
17:09:47 finished checkpoint 4370; GM failures=0; joint failures=0
17:09:47 finished checkpoint 4371; GM failures=0; joint failures=0
17:09:47 finished checkpoint 4369; GM failures=1; joint failures=0
17:09:47 finished checkpoint 4372; GM failures=1; joint failures=0
17:09:47 finished checkpoint 4373; GM failures=0; joint failures=0
17:09:47 finished checkpoint 4374; GM failures=0; joint failures=0
17:09:47 finished checkpoint 4375; GM failures=0; joint failures=0
17:09:47 finished checkpoint 4378; GM failures=0; joint failures=0
17:09:47 finished checkpoint 4376; GM failures=0; joint failures=0
17:09:47 finished checkpoint 4380; GM failures=0; joint failures=0
17:09:47 finished checkpoint 4377; GM failures=0; joint failures=0
17:09:47 finished checkpoint 4379; GM failures=0; joint failures=0
17:09:47 finished checkpoint 4381; GM failures=1; joint failures=0
17:09:47 finished checkpoint 4382; GM failures=0; joint failures=0
17:09:47 finished checkpoint 4383; GM failures=0; joint failures=0
17:09:47 finished checkpoint 4384; GM failures=0; joint failures=0
17:09:47 finished checkpoint 4385; GM failures=0; joint failures=0
17:09:47 finished checkpoint 4387; GM failures=0; joint failures=0
17:09:47 finished checkpoint 4386; GM failures=0; joint failures=0
17:09:47 finished checkpoint 4388; GM failures=0; joint failures=0
17:09:47 finished checkpoint 4389; GM failures=0; joint failures=0
17:09:47 finished checkpoint 4390; GM failures=0; joint failures=0
17:09:47 finished checkpoint 4391; GM failures=0; joint failures=0
17:09:47 finished checkpoint 4393; GM failures=0; joint failures=0
17:09:47 finished checkpoint 4392; GM failures=0; joint failures=0
17:09:47 finished checkpoint 4394; GM failures=0; joint failures=0
17:09:47 finished checkpoint 4395; GM failures=0; joint failures=0
17:09:47 finished checkpoint 4396; GM failures=0; joint failures=0
17:09:48 finished checkpoint 4401; GM failures=0; joint failures=0
17:09:48 finished checkpoint 4397; GM failures=0; joint failures=0
17:09:48 finished checkpoint 4402; GM failures=0; joint failures=0
17:09:48 finished checkpoint 4405; GM failures=0; joint failures=0
17:09:48 finished checkpoint 4403; GM failures=0; joint failures=0
17:09:48 finished checkpoint 4399; GM failures=0; joint failures=0
17:09:48 finished checkpoint 4406; GM failures=0; joint failures=0
17:09:48 finished checkpoint 4404; GM failures=0; joint failures=0
17:09:48 finished checkpoint 4400; GM failures=0; joint failures=0
17:09:48 finished checkpoint 4407; GM failures=0; joint failures=0
17:09:48 finished checkpoint 4398; GM failures=0; joint failures=0
17:09:48 finished checkpoint 4408; GM failures=0; joint failures=0
17:09:48 finished checkpoint 4409; GM failures=0; joint failures=0
17:09:48 finished checkpoint 4410; GM failures=0; joint failures=0
17:09:48 finished checkpoint 4411; GM failures=0; joint failures=0
17:09:48 finished checkpoint 4418; GM failures=0; joint failures=0
17:09:48 finished checkpoint 4416; GM failures=0; joint failures=0
17:09:48 finished checkpoint 4413; GM failures=0; joint failures=0
17:09:48 finished checkpoint 4412; GM failures=0; joint failures=0
17:09:48 finished checkpoint 4417; GM failures=0; joint failures=0
17:09:48 finished checkpoint 4419; GM failures=0; joint failures=0
17:09:48 finished checkpoint 4414; GM failures=0; joint failures=0
17:09:48 finished checkpoint 4415; GM failures=0; joint failures=0
17:09:48 finished checkpoint 4420; GM failures=0; joint failures=0
17:09:48 finished checkpoint 4422; GM failures=0; joint failures=0
17:09:48 finished checkpoint 4423; GM failures=0; joint failures=0
17:09:48 finished checkpoint 4421; GM failures=0; joint failures=0
17:09:48 finished checkpoint 4427; GM failures=0; joint failures=0
17:09:48 finished checkpoint 4426; GM failures=0; joint failures=0
17:09:48 finished checkpoint 4425; GM failures=0; joint failures=0
17:09:48 finished checkpoint 4428; GM failures=0; joint failures=0
17:09:48 finished checkpoint 4424; GM failures=0; joint failures=0
17:09:48 finished checkpoint 4429; GM failures=0; joint failures=0
17:09:48 finished checkpoint 4430; GM failures=0; joint failures=0
17:09:48 finished checkpoint 4431; GM failures=0; joint failures=0
17:09:4817:09:48 finished checkpoint  finished checkpoint 44324434; GM failures=; GM failures=00; joint failures=; joint failures=00

17:09:48 finished checkpoint 4433; GM failures=0; joint failures=0
17:09:48 finished checkpoint 4435; GM failures=0; joint failures=0
17:09:48 finished checkpoint 4437; GM failures=0; joint failures=0
17:09:48 finished checkpoint 4436; GM failures=0; joint failures=0
17:09:48 finished checkpoint 4441; GM failures=0; joint failures=0
17:09:48 finished checkpoint 4439; GM failures=0; joint failures=0
17:09:48 finished checkpoint 4438; GM failures=0; joint failures=0
17:09:48 finished checkpoint 4440; GM failures=0; joint failures=0
17:09:48 finished checkpoint 4443; GM failures=0; joint failures=0
17:09:48 finished checkpoint 4442; GM failures=0; joint failures=0
17:09:48 finished checkpoint 4444; GM failures=0; joint failures=0
17:09:49 finished checkpoint 4445; GM failures=0; joint failures=0
17:09:49 finished checkpoint 4447; GM failures=0; joint failures=0
17:09:49 finished checkpoint 4446; GM failures=0; joint failures=0
17:09:49 finished checkpoint 4451; GM failures=0; joint failures=0
17:09:49 finished checkpoint 4448; GM failures=0; joint failures=0
17:09:49 finished checkpoint 4452; GM failures=0; joint failures=0
17:09:49 finished checkpoint 4449; GM failures=0; joint failures=0
17:09:49 finished checkpoint 4450; GM failures=0; joint failures=0
17:09:49 finished checkpoint 4453; GM failures=0; joint failures=0
17:09:49 finished checkpoint 4454; GM failures=0; joint failures=0
17:09:49 finished checkpoint 4455; GM failures=0; joint failures=0
17:09:49 finished checkpoint 4456; GM failures=0; joint failures=0
17:09:49 finished checkpoint 4463; GM failures=0; joint failures=0
17:09:49 finished checkpoint 4457; GM failures=0; joint failures=0
17:09:49 finished checkpoint 4459; GM failures=0; joint failures=0
17:09:49 finished checkpoint 4458; GM failures=0; joint failures=0
17:09:4917:09:49 finished checkpoint  finished checkpoint 44614460; GM failures=; GM failures=00; joint failures=; joint failures=00

17:09:49 finished checkpoint 4462; GM failures=0; joint failures=0
17:09:49 finished checkpoint 4464; GM failures=0; joint failures=0
17:09:49 finished checkpoint 4465; GM failures=0; joint failures=0
17:09:49 finished checkpoint 4467; GM failures=0; joint failures=0
17:09:49 finished checkpoint 4466; GM failures=0; joint failures=0
17:09:49 finished checkpoint 4468; GM failures=0; joint failures=0
17:09:49 finished checkpoint 4469; GM failures=0; joint failures=0
17:09:49 finished checkpoint 4471; GM failures=0; joint failures=0
17:09:49 finished checkpoint 4470; GM failures=0; joint failures=0
17:09:49 finished checkpoint 4473; GM failures=0; joint failures=0
17:09:49 finished checkpoint 4474; GM failures=0; joint failures=0
17:09:49 finished checkpoint 4472; GM failures=0; joint failures=0
17:09:49 finished checkpoint 4476; GM failures=0; joint failures=0
17:09:49 finished checkpoint 4477; GM failures=0; joint failures=0
17:09:49 finished checkpoint 4475; GM failures=0; joint failures=0
17:09:49 finished checkpoint 4479; GM failures=0; joint failures=0
17:09:49 finished checkpoint 4478; GM failures=0; joint failures=0
17:09:49 finished checkpoint 4480; GM failures=0; joint failures=0
17:09:49 finished checkpoint 4481; GM failures=0; joint failures=0
17:09:49 finished checkpoint 4485; GM failures=0; joint failures=0
17:09:49 finished checkpoint 4484; GM failures=0; joint failures=0
17:09:49 finished checkpoint 4482; GM failures=0; joint failures=0
17:09:49 finished checkpoint 4483; GM failures=0; joint failures=0
17:09:49 finished checkpoint 4487; GM failures=0; joint failures=0
17:09:49 finished checkpoint 4486; GM failures=0; joint failures=0
17:09:49 finished checkpoint 4489; GM failures=0; joint failures=0
17:09:49 finished checkpoint 4488; GM failures=0; joint failures=0
17:09:49 finished checkpoint 4491; GM failures=0; joint failures=0
17:09:49 finished checkpoint 4490; GM failures=0; joint failures=0
17:09:50 finished checkpoint 4492; GM failures=0; joint failures=0
17:09:50 finished checkpoint 4493; GM failures=0; joint failures=0
17:09:50 finished checkpoint 4494; GM failures=0; joint failures=0
17:09:50 finished checkpoint 4496; GM failures=0; joint failures=0
17:09:5017:09:50 finished checkpoint  finished checkpoint 44954497; GM failures=; GM failures=00; joint failures=; joint failures=00

17:09:50 finished checkpoint 4498; GM failures=0; joint failures=0
17:09:50 finished checkpoint 4499; GM failures=0; joint failures=0
17:09:50 finished checkpoint 4500; GM failures=0; joint failures=017:09:50
 finished checkpoint 4501; GM failures=0; joint failures=0
17:09:50 finished checkpoint 4502; GM failures=0; joint failures=0
17:09:50 finished checkpoint 4503; GM failures=0; joint failures=0
17:09:50 finished checkpoint 4504; GM failures=0; joint failures=0
17:09:50 finished checkpoint 4505; GM failures=0; joint failures=0
17:09:50 finished checkpoint 4507; GM failures=0; joint failures=0
17:09:50 finished checkpoint 4506; GM failures=0; joint failures=0
17:09:50 finished checkpoint 4511; GM failures=0; joint failures=0
17:09:50 finished checkpoint 4508; GM failures=0; joint failures=0
17:09:50 finished checkpoint 4509; GM failures=0; joint failures=0
17:09:50 finished checkpoint 4510; GM failures=0; joint failures=0
17:09:50 finished checkpoint 4512; GM failures=0; joint failures=0
17:09:50 finished checkpoint 4513; GM failures=0; joint failures=0
17:09:50 finished checkpoint 4514; GM failures=0; joint failures=0
17:09:5017:09:50 finished checkpoint  finished checkpoint 45164515; GM failures=; GM failures=00; joint failures=; joint failures=00

17:09:50 finished checkpoint 4518; GM failures=0; joint failures=0
17:09:50 finished checkpoint 4517; GM failures=0; joint failures=0
17:09:50 finished checkpoint 4520; GM failures=0; joint failures=0
17:09:50 finished checkpoint 4519; GM failures=0; joint failures=0
17:09:50 finished checkpoint 4521; GM failures=0; joint failures=0
17:09:50 finished checkpoint 4522; GM failures=1; joint failures=0
17:09:50 finished checkpoint 4523; GM failures=0; joint failures=0
17:09:50 finished checkpoint 4525; GM failures=0; joint failures=0
17:09:50 finished checkpoint 4524; GM failures=0; joint failures=0
17:09:50 finished checkpoint 4526; GM failures=0; joint failures=0
17:09:50 finished checkpoint 4528; GM failures=0; joint failures=0
17:09:50 finished checkpoint 4527; GM failures=0; joint failures=0
17:09:50 finished checkpoint 4529; GM failures=0; joint failures=0
17:09:50 finished checkpoint 4530; GM failures=0; joint failures=0
17:09:50 finished checkpoint 4534; GM failures=0; joint failures=0
17:09:50 finished checkpoint 4533; GM failures=0; joint failures=0
17:09:50 finished checkpoint 4531; GM failures=0; joint failures=0
17:09:50 finished checkpoint 4535; GM failures=0; joint failures=0
17:09:50 finished checkpoint 4532; GM failures=0; joint failures=0
17:09:50 finished checkpoint 4536; GM failures=0; joint failures=0
17:09:50 finished checkpoint 4537; GM failures=0; joint failures=0
17:09:51 finished checkpoint 4538; GM failures=0; joint failures=0
17:09:51 finished checkpoint 4539; GM failures=0; joint failures=0
17:09:51 finished checkpoint 4541; GM failures=0; joint failures=0
17:09:51 finished checkpoint 4540; GM failures=0; joint failures=0
17:09:51 finished checkpoint 4542; GM failures=1; joint failures=0
17:09:51 finished checkpoint 4543; GM failures=0; joint failures=0
17:09:51 finished checkpoint 4545; GM failures=0; joint failures=0
17:09:51 finished checkpoint 4544; GM failures=0; joint failures=0
17:09:51 finished checkpoint 4547; GM failures=0; joint failures=0
17:09:51 finished checkpoint 4546; GM failures=0; joint failures=0
17:09:51 finished checkpoint 4548; GM failures=0; joint failures=0
17:09:51 finished checkpoint 4549; GM failures=0; joint failures=0
17:09:51 finished checkpoint 4550; GM failures=0; joint failures=0
17:09:51 finished checkpoint 4551; GM failures=0; joint failures=0
17:09:51 finished checkpoint 4553; GM failures=0; joint failures=0
17:09:51 finished checkpoint 4552; GM failures=0; joint failures=0
17:09:51 finished checkpoint 4554; GM failures=0; joint failures=0
17:09:51 finished checkpoint 4555; GM failures=0; joint failures=0
17:09:51 finished checkpoint 4559; GM failures=0; joint failures=0
17:09:51 finished checkpoint 4556; GM failures=0; joint failures=0
17:09:51 finished checkpoint 4558; GM failures=0; joint failures=0
17:09:51 finished checkpoint 4557; GM failures=0; joint failures=0
17:09:51 finished checkpoint 4560; GM failures=0; joint failures=0
17:09:51 finished checkpoint 4561; GM failures=0; joint failures=0
17:09:51 finished checkpoint 4562; GM failures=0; joint failures=0
17:09:51 finished checkpoint 4563; GM failures=0; joint failures=0
17:09:51 finished checkpoint 4564; GM failures=1; joint failures=0
17:09:51 finished checkpoint 4565; GM failures=0; joint failures=0
17:09:51 finished checkpoint 4566; GM failures=0; joint failures=0
17:09:51 finished checkpoint 4567; GM failures=0; joint failures=0
17:09:51 finished checkpoint 4570; GM failures=0; joint failures=0
17:09:51 finished checkpoint 4568; GM failures=0; joint failures=0
17:09:51 finished checkpoint 4569; GM failures=0; joint failures=0
17:09:51 finished checkpoint 4572; GM failures=0; joint failures=0
17:09:51 finished checkpoint 4571; GM failures=0; joint failures=0
17:09:51 finished checkpoint 4573; GM failures=0; joint failures=0
17:09:51 finished checkpoint 4574; GM failures=0; joint failures=0
17:09:51 finished checkpoint 4575; GM failures=0; joint failures=0
17:09:51 finished checkpoint 4577; GM failures=0; joint failures=0
17:09:51 finished checkpoint 4578; GM failures=0; joint failures=0
17:09:52 finished checkpoint 4576; GM failures=0; joint failures=0
17:09:52 finished checkpoint 4579; GM failures=0; joint failures=0
17:09:52 finished checkpoint 4582; GM failures=0; joint failures=0
17:09:52 finished checkpoint 4581; GM failures=0; joint failures=0
17:09:52 finished checkpoint 4580; GM failures=0; joint failures=0
17:09:52 finished checkpoint 4583; GM failures=0; joint failures=0
17:09:52 finished checkpoint 4584; GM failures=0; joint failures=0
17:09:52 finished checkpoint 4585; GM failures=0; joint failures=0
17:09:52 finished checkpoint 4586; GM failures=0; joint failures=0
17:09:52 finished checkpoint 4587; GM failures=0; joint failures=0
17:09:52 finished checkpoint 4588; GM failures=0; joint failures=0
17:09:52 finished checkpoint 4589; GM failures=0; joint failures=0
17:09:52 finished checkpoint 4590; GM failures=0; joint failures=0
17:09:52 finished checkpoint 4594; GM failures=0; joint failures=0
17:09:52 finished checkpoint 4592; GM failures=0; joint failures=0
17:09:52 finished checkpoint 4591; GM failures=0; joint failures=0
17:09:52 finished checkpoint 4593; GM failures=0; joint failures=0
17:09:52 finished checkpoint 4595; GM failures=0; joint failures=0
17:09:52 finished checkpoint 4596; GM failures=0; joint failures=0
17:09:52 finished checkpoint 4597; GM failures=0; joint failures=0
17:09:52 finished checkpoint 4598; GM failures=0; joint failures=0
17:09:52 finished checkpoint 4600; GM failures=0; joint failures=0
17:09:52 finished checkpoint 4599; GM failures=0; joint failures=0
17:09:52 finished checkpoint 4601; GM failures=0; joint failures=0
17:09:52 finished checkpoint 4603; GM failures=0; joint failures=0
17:09:52 finished checkpoint 4605; GM failures=0; joint failures=0
17:09:5217:09:52 finished checkpoint  finished checkpoint 46044602; GM failures=; GM failures=00; joint failures=; joint failures=00

17:09:52 finished checkpoint 4608; GM failures=0; joint failures=0
17:09:52 finished checkpoint 4606; GM failures=0; joint failures=0
17:09:52 finished checkpoint 4607; GM failures=0; joint failures=0
17:09:52 finished checkpoint 4611; GM failures=0; joint failures=0
17:09:52 finished checkpoint 4610; GM failures=0; joint failures=0
17:09:52 finished checkpoint 4609; GM failures=0; joint failures=0
17:09:52 finished checkpoint 4613; GM failures=0; joint failures=0
17:09:52 finished checkpoint 4612; GM failures=0; joint failures=0
17:09:52 finished checkpoint 4614; GM failures=0; joint failures=0
17:09:53 finished checkpoint 4617; GM failures=0; joint failures=0
17:09:53 finished checkpoint 4615; GM failures=0; joint failures=0
17:09:53 finished checkpoint 4616; GM failures=0; joint failures=0
17:09:53 finished checkpoint 4619; GM failures=0; joint failures=0
17:09:53 finished checkpoint 4618; GM failures=0; joint failures=0
17:09:53 finished checkpoint 4620; GM failures=0; joint failures=0
17:09:53 finished checkpoint 4621; GM failures=0; joint failures=0
17:09:53 finished checkpoint 4622; GM failures=0; joint failures=0
17:09:53 finished checkpoint 4623; GM failures=0; joint failures=0
17:09:53 finished checkpoint 4624; GM failures=0; joint failures=0
17:09:53 finished checkpoint 4625; GM failures=0; joint failures=0
17:09:53 finished checkpoint 4626; GM failures=0; joint failures=0
17:09:53 finished checkpoint 4629; GM failures=0; joint failures=0
17:09:53 finished checkpoint 4627; GM failures=0; joint failures=0
17:09:53 finished checkpoint 4628; GM failures=0; joint failures=0
17:09:53 finished checkpoint 4631; GM failures=1; joint failures=0
17:09:53 finished checkpoint 4630; GM failures=0; joint failures=0
17:09:53 finished checkpoint 4632; GM failures=0; joint failures=0
17:09:53 finished checkpoint 4633; GM failures=0; joint failures=0
17:09:53 finished checkpoint 4634; GM failures=0; joint failures=0
17:09:5317:09:53 finished checkpoint  finished checkpoint 46354637; GM failures=; GM failures=10; joint failures=; joint failures=00

17:09:53 finished checkpoint 4636; GM failures=0; joint failures=0
17:09:53 finished checkpoint 4638; GM failures=0; joint failures=0
17:09:53 finished checkpoint 4640; GM failures=0; joint failures=0
17:09:53 finished checkpoint 4641; GM failures=0; joint failures=0
17:09:53 finished checkpoint 4639; GM failures=0; joint failures=0
17:09:53 finished checkpoint 4642; GM failures=0; joint failures=0
17:09:53 finished checkpoint 4643; GM failures=0; joint failures=0
17:09:53 finished checkpoint 4644; GM failures=0; joint failures=0
17:09:53 finished checkpoint 4645; GM failures=0; joint failures=0
17:09:53 finished checkpoint 4646; GM failures=0; joint failures=0
17:09:53 finished checkpoint 4647; GM failures=0; joint failures=0
17:09:53 finished checkpoint 4648; GM failures=0; joint failures=0
17:09:53 finished checkpoint 4649; GM failures=0; joint failures=0
17:09:53 finished checkpoint 4651; GM failures=0; joint failures=0
17:09:53 finished checkpoint 4650; GM failures=0; joint failures=0
17:09:53 finished checkpoint 4653; GM failures=0; joint failures=0
17:09:53 finished checkpoint 4652; GM failures=0; joint failures=0
17:09:53 finished checkpoint 4655; GM failures=0; joint failures=0
17:09:5417:09:54 finished checkpoint  finished checkpoint 46564654; GM failures=; GM failures=10; joint failures=; joint failures=00

17:09:54 finished checkpoint 4657; GM failures=0; joint failures=0
17:09:54 finished checkpoint 4659; GM failures=0; joint failures=0
17:09:54 finished checkpoint 4658; GM failures=0; joint failures=0
17:09:54 finished checkpoint 4660; GM failures=0; joint failures=0
17:09:54 finished checkpoint 4661; GM failures=0; joint failures=0
17:09:54 finished checkpoint 4664; GM failures=0; joint failures=0
17:09:54 finished checkpoint 4663; GM failures=0; joint failures=0
17:09:54 finished checkpoint 4662; GM failures=0; joint failures=0
17:09:54 finished checkpoint 4665; GM failures=0; joint failures=0
17:09:54 finished checkpoint 4666; GM failures=0; joint failures=0
17:09:54 finished checkpoint 4667; GM failures=0; joint failures=0
17:09:54 finished checkpoint 4668; GM failures=0; joint failures=0
17:09:54 finished checkpoint 4669; GM failures=0; joint failures=0
17:09:54 finished checkpoint 4670; GM failures=0; joint failures=0
17:09:54 finished checkpoint 4671; GM failures=0; joint failures=0
17:09:54 finished checkpoint 4672; GM failures=0; joint failures=0
17:09:54 finished checkpoint 4673; GM failures=0; joint failures=0
17:09:54 finished checkpoint 4675; GM failures=0; joint failures=0
17:09:54 finished checkpoint 4676; GM failures=0; joint failures=0
17:09:54 finished checkpoint 4677; GM failures=0; joint failures=0
17:09:54 finished checkpoint 4674; GM failures=0; joint failures=0
17:09:54 finished checkpoint 4680; GM failures=0; joint failures=0
17:09:54 finished checkpoint 4678; GM failures=0; joint failures=0
17:09:54 finished checkpoint 4679; GM failures=0; joint failures=0
17:09:54 finished checkpoint 4681; GM failures=0; joint failures=0
17:09:54 finished checkpoint 4682; GM failures=0; joint failures=0
17:09:54 finished checkpoint 4683; GM failures=0; joint failures=0
17:09:54 finished checkpoint 4684; GM failures=0; joint failures=0
17:09:54 finished checkpoint 4685; GM failures=0; joint failures=0
17:09:54 finished checkpoint 4686; GM failures=0; joint failures=0
17:09:54 finished checkpoint 4687; GM failures=0; joint failures=0
17:09:54 finished checkpoint 4688; GM failures=0; joint failures=0
17:09:54 finished checkpoint 4690; GM failures=0; joint failures=0
17:09:54 finished checkpoint 4689; GM failures=0; joint failures=0
17:09:54 finished checkpoint 4691; GM failures=0; joint failures=0
17:09:54 finished checkpoint 4693; GM failures=0; joint failures=0
17:09:55 finished checkpoint 4695; GM failures=0; joint failures=0
17:09:55 finished checkpoint 4694; GM failures=0; joint failures=0
17:09:55 finished checkpoint 4692; GM failures=0; joint failures=0
17:09:55 finished checkpoint 4696; GM failures=0; joint failures=0
17:09:55 finished checkpoint 4697; GM failures=0; joint failures=0
17:09:55 finished checkpoint 4699; GM failures=0; joint failures=0
17:09:55 finished checkpoint 4698; GM failures=0; joint failures=0
17:09:55 finished checkpoint 4701; GM failures=0; joint failures=0
17:09:55 finished checkpoint 4700; GM failures=0; joint failures=0
17:09:55 finished checkpoint 4703; GM failures=0; joint failures=0
17:09:55 finished checkpoint 4702; GM failures=0; joint failures=0
17:09:55 finished checkpoint 4704; GM failures=0; joint failures=0
17:09:55 finished checkpoint 4707; GM failures=0; joint failures=0
17:09:55 finished checkpoint 4706; GM failures=0; joint failures=0
17:09:55 finished checkpoint 4705; GM failures=0; joint failures=0
17:09:55 finished checkpoint 4708; GM failures=0; joint failures=0
17:09:55 finished checkpoint 4712; GM failures=0; joint failures=0
17:09:55 finished checkpoint 4709; GM failures=0; joint failures=0
17:09:55 finished checkpoint 4710; GM failures=1; joint failures=0
17:09:55 finished checkpoint 4713; GM failures=0; joint failures=0
17:09:55 finished checkpoint 4711; GM failures=0; joint failures=0
17:09:55 finished checkpoint 4714; GM failures=0; joint failures=0
17:09:55 finished checkpoint 4715; GM failures=0; joint failures=0
17:09:55 finished checkpoint 4716; GM failures=0; joint failures=0
17:09:55 finished checkpoint 4717; GM failures=0; joint failures=0
17:09:55 finished checkpoint 4718; GM failures=0; joint failures=0
17:09:55 finished checkpoint 4719; GM failures=0; joint failures=0
17:09:55 finished checkpoint 4720; GM failures=0; joint failures=0
17:09:55 finished checkpoint 4721; GM failures=0; joint failures=0
17:09:55 finished checkpoint 4725; GM failures=0; joint failures=0
17:09:55 finished checkpoint 4722; GM failures=0; joint failures=0
17:09:55 finished checkpoint 17:09:554724; GM failures=0; joint failures=0
 finished checkpoint 4723; GM failures=0; joint failures=0
17:09:55 finished checkpoint 4727; GM failures=0; joint failures=0
17:09:55 finished checkpoint 4726; GM failures=0; joint failures=0
17:09:55 finished checkpoint 4728; GM failures=0; joint failures=0
17:09:56 finished checkpoint 4729; GM failures=1; joint failures=0
17:09:56 finished checkpoint 17:09:564731 finished checkpoint ; GM failures=47300; GM failures=; joint failures=00; joint failures=
0
17:09:56 finished checkpoint 4732; GM failures=0; joint failures=0
17:09:56 finished checkpoint 4734; GM failures=0; joint failures=0
17:09:56 finished checkpoint 4737; GM failures=0; joint failures=0
17:09:56 finished checkpoint 4733; GM failures=0; joint failures=0
17:09:56 finished checkpoint 4736; GM failures=0; joint failures=0
17:09:56 finished checkpoint 4735; GM failures=0; joint failures=0
17:09:56 finished checkpoint 4740; GM failures=0; joint failures=0
17:09:56 finished checkpoint 4739; GM failures=0; joint failures=0
17:09:56 finished checkpoint 4738; GM failures=0; joint failures=0
17:09:56 finished checkpoint 4741; GM failures=0; joint failures=0
17:09:56 finished checkpoint 4742; GM failures=0; joint failures=0
17:09:56 finished checkpoint 4743; GM failures=0; joint failures=0
17:09:56 finished checkpoint 4744; GM failures=0; joint failures=0
17:09:56 finished checkpoint 4745; GM failures=0; joint failures=0
17:09:56 finished checkpoint 4749; GM failures=0; joint failures=17:09:560 finished checkpoint 
4747; GM failures=0; joint failures=0
17:09:56 finished checkpoint 4746; GM failures=0; joint failures=0
17:09:56 finished checkpoint 4748; GM failures=0; joint failures=0
17:09:56 finished checkpoint 4750; GM failures=0; joint failures=0
17:09:56 finished checkpoint 4752; GM failures=0; joint failures=0
17:09:56 finished checkpoint 4751; GM failures=1; joint failures=0
17:09:56 finished checkpoint 4753; GM failures=0; joint failures=0
17:09:56 finished checkpoint 4755; GM failures=0; joint failures=0
17:09:56 finished checkpoint 4754; GM failures=0; joint failures=0
17:09:56 finished checkpoint 4756; GM failures=0; joint failures=0
17:09:56 finished checkpoint 4757; GM failures=0; joint failures=0
17:09:57 finished checkpoint 4762; GM failures=0; joint failures=0
17:09:57 finished checkpoint 4759; GM failures=0; joint failures=0
17:09:57 finished checkpoint 4760; GM failures=1; joint failures=0
17:09:57 finished checkpoint 4758; GM failures=0; joint failures=0
17:09:57 finished checkpoint 4761; GM failures=1; joint failures=0
17:09:57 finished checkpoint 4763; GM failures=0; joint failures=0
17:09:57 finished checkpoint 4764; GM failures=0; joint failures=0
17:09:57 finished checkpoint 4765; GM failures=0; joint failures=0
17:09:57 finished checkpoint 4766; GM failures=0; joint failures=0
17:09:57 finished checkpoint 4767; GM failures=0; joint failures=0
17:09:57 finished checkpoint 4768; GM failures=0; joint failures=0
17:09:57 finished checkpoint 4770; GM failures=0; joint failures=0
17:09:57 finished checkpoint 4773; GM failures=0; joint failures=0
17:09:5717:09:57 finished checkpoint  finished checkpoint 47714769; GM failures=; GM failures=00; joint failures=; joint failures=00

17:09:57 finished checkpoint 4775; GM failures=0; joint failures=0
17:09:57 finished checkpoint 4772; GM failures=0; joint failures=0
17:09:57 finished checkpoint 4774; GM failures=0; joint failures=0
17:09:57 finished checkpoint 4779; GM failures=0; joint failures=0
17:09:57 finished checkpoint 4776; GM failures=0; joint failures=0
17:09:57 finished checkpoint 4777; GM failures=0; joint failures=0
17:09:57 finished checkpoint 4778; GM failures=0; joint failures=0
17:09:57 finished checkpoint 4780; GM failures=0; joint failures=0
17:09:57 finished checkpoint 4782; GM failures=0; joint failures=0
17:09:57 finished checkpoint 4781; GM failures=0; joint failures=0
17:09:57 finished checkpoint 4784; GM failures=0; joint failures=0
17:09:57 finished checkpoint 4783; GM failures=0; joint failures=0
17:09:57 finished checkpoint 4785; GM failures=0; joint failures=0
17:09:57 finished checkpoint 4786; GM failures=0; joint failures=0
17:09:57 finished checkpoint 4787; GM failures=0; joint failures=0
17:09:57 finished checkpoint 4789; GM failures=0; joint failures=0
17:09:57 finished checkpoint 4790; GM failures=0; joint failures=0
17:09:57 finished checkpoint 4788; GM failures=0; joint failures=0
17:09:58 finished checkpoint 4791; GM failures=1; joint failures=0
17:09:58 finished checkpoint 4792; GM failures=1; joint failures=0
17:09:58 finished checkpoint 4793; GM failures=0; joint failures=0
17:09:58 finished checkpoint 4795; GM failures=0; joint failures=0
17:09:58 finished checkpoint 4794; GM failures=0; joint failures=0
17:09:58 finished checkpoint 4796; GM failures=0; joint failures=0
17:09:58 finished checkpoint 4797; GM failures=0; joint failures=0
17:09:58 finished checkpoint 4798; GM failures=0; joint failures=0
17:09:58 finished checkpoint 4802; GM failures=0; joint failures=0
17:09:58 finished checkpoint 4799; GM failures=0; joint failures=0
17:09:58 finished checkpoint 4801; GM failures=0; joint failures=0
17:09:58 finished checkpoint 4800; GM failures=0; joint failures=0
17:09:58 finished checkpoint 4804; GM failures=0; joint failures=0
17:09:58 finished checkpoint 4803; GM failures=0; joint failures=0
17:09:58 finished checkpoint 4805; GM failures=0; joint failures=0
17:09:58 finished checkpoint 4806; GM failures=0; joint failures=0
17:09:58 finished checkpoint 4807; GM failures=0; joint failures=0
17:09:58 finished checkpoint 4809; GM failures=0; joint failures=0
17:09:58 finished checkpoint 4808; GM failures=0; joint failures=0
17:09:58 finished checkpoint 4810; GM failures=0; joint failures=0
17:09:58 finished checkpoint 4811; GM failures=0; joint failures=0
17:09:58 finished checkpoint 4812; GM failures=0; joint failures=0
17:09:58 finished checkpoint 4814; GM failures=0; joint failures=0
17:09:58 finished checkpoint 4813; GM failures=0; joint failures=0
17:09:58 finished checkpoint 4816; GM failures=0; joint failures=0
17:09:58 finished checkpoint 4815; GM failures=0; joint failures=0
17:09:58 finished checkpoint 4817; GM failures=0; joint failures=0
17:09:58 finished checkpoint 4818; GM failures=0; joint failures=0
17:09:58 finished checkpoint 4819; GM failures=0; joint failures=0
17:09:58 finished checkpoint 4820; GM failures=0; joint failures=0
17:09:58 finished checkpoint 4822; GM failures=0; joint failures=0
17:09:58 finished checkpoint 4821; GM failures=0; joint failures=0
17:09:58 finished checkpoint 4823; GM failures=0; joint failures=0
17:09:58 finished checkpoint 4825; GM failures=0; joint failures=0
17:09:58 finished checkpoint 4826; GM failures=0; joint failures=0
17:09:58 finished checkpoint 4824; GM failures=0; joint failures=0
17:09:58 finished checkpoint 4827; GM failures=0; joint failures=0
17:09:58 finished checkpoint 4828; GM failures=0; joint failures=0
17:09:59 finished checkpoint 4829; GM failures=0; joint failures=0
17:09:59 finished checkpoint 4830; GM failures=0; joint failures=0
17:09:59 finished checkpoint 4832; GM failures=0; joint failures=0
17:09:59 finished checkpoint 4834; GM failures=0; joint failures=0
17:09:59 finished checkpoint 4831; GM failures=0; joint failures=0
17:09:59 finished checkpoint 4833; GM failures=0; joint failures=0
17:09:59 finished checkpoint 4835; GM failures=0; joint failures=0
17:09:59 finished checkpoint 4836; GM failures=0; joint failures=0
17:09:59 finished checkpoint 4838; GM failures=0; joint failures=0
17:09:59 finished checkpoint 4837; GM failures=0; joint failures=0
17:09:59 finished checkpoint 4839; GM failures=0; joint failures=0
17:09:59 finished checkpoint 4840; GM failures=0; joint failures=0
17:09:59 finished checkpoint 4842; GM failures=0; joint failures=0
17:09:59 finished checkpoint 4841; GM failures=0; joint failures=0
17:09:59 finished checkpoint 4846; GM failures=0; joint failures=0
17:09:59 finished checkpoint 4843; GM failures=0; joint failures=0
17:09:59 finished checkpoint 4845; GM failures=0; joint failures=0
17:09:59 finished checkpoint 4844; GM failures=0; joint failures=0
17:09:59 finished checkpoint 4847; GM failures=0; joint failures=0
17:09:59 finished checkpoint 4848; GM failures=0; joint failures=0
17:09:59 finished checkpoint 4849; GM failures=0; joint failures=0
17:09:59 finished checkpoint 4850; GM failures=0; joint failures=0
17:09:59 finished checkpoint 4851; GM failures=0; joint failures=0
17:09:59 finished checkpoint 4852; GM failures=0; joint failures=0
17:09:59 finished checkpoint 4853; GM failures=0; joint failures=0
17:09:59 finished checkpoint 4857; GM failures=0; joint failures=0
17:09:59 finished checkpoint 4855; GM failures=0; joint failures=0
17:09:59 finished checkpoint 4854; GM failures=0; joint failures=0
17:09:59 finished checkpoint 4856; GM failures=0; joint failures=0
17:09:59 finished checkpoint 4859; GM failures=0; joint failures=0
17:09:59 finished checkpoint 4858; GM failures=0; joint failures=0
17:09:59 finished checkpoint 4860; GM failures=0; joint failures=0
17:09:59 finished checkpoint 4861; GM failures=0; joint failures=0
17:09:59 finished checkpoint 4863; GM failures=0; joint failures=0
17:09:59 finished checkpoint 4862; GM failures=0; joint failures=0
17:09:59 finished checkpoint 4864; GM failures=0; joint failures=0
17:09:59 finished checkpoint 4866; GM failures=0; joint failures=0
17:09:59 finished checkpoint 4865; GM failures=0; joint failures=0
17:09:59 finished checkpoint 4867; GM failures=0; joint failures=0
17:09:59 finished checkpoint 4869; GM failures=0; joint failures=0
17:09:59 finished checkpoint 4868; GM failures=0; joint failures=0
17:09:59 finished checkpoint 4870; GM failures=0; joint failures=0
17:09:59 finished checkpoint 4871; GM failures=0; joint failures=0
17:09:59 finished checkpoint 4875; GM failures=0; joint failures=0
17:10:00 finished checkpoint 4872; GM failures=0; joint failures=0
17:10:00 finished checkpoint 4873; GM failures=0; joint failures=0
17:10:00 finished checkpoint 4876; GM failures=0; joint failures=0
17:10:00 finished checkpoint 4874; GM failures=0; joint failures=0
17:10:00 finished checkpoint 4877; GM failures=0; joint failures=0
17:10:00 finished checkpoint 4878; GM failures=0; joint failures=0
17:10:00 finished checkpoint 4881; GM failures=0; joint failures=0
17:10:00 finished checkpoint 4880; GM failures=0; joint failures=0
17:10:00 finished checkpoint 4879; GM failures=0; joint failures=0
17:10:00 finished checkpoint 4884; GM failures=0; joint failures=0
17:10:00 finished checkpoint 4882; GM failures=0; joint failures=0
17:10:00 finished checkpoint 4883; GM failures=0; joint failures=0
17:10:00 finished checkpoint 4888; GM failures=0; joint failures=0
17:10:00 finished checkpoint 4885; GM failures=0; joint failures=0
17:10:00 finished checkpoint 4887; GM failures=0; joint failures=0
17:10:00 finished checkpoint 4886; GM failures=0; joint failures=0
17:10:00 finished checkpoint 4889; GM failures=0; joint failures=0
17:10:00 finished checkpoint 4890; GM failures=0; joint failures=0
17:10:00 finished checkpoint 4891; GM failures=0; joint failures=0
17:10:00 finished checkpoint 4892; GM failures=0; joint failures=0
17:10:00 finished checkpoint 4893; GM failures=0; joint failures=0
17:10:00 finished checkpoint 4895; GM failures=0; joint failures=0
17:10:00 finished checkpoint 4894; GM failures=0; joint failures=0
17:10:00 finished checkpoint 4896; GM failures=0; joint failures=0
17:10:00 finished checkpoint 4898; GM failures=0; joint failures=0
17:10:00 finished checkpoint 4899; GM failures=0; joint failures=0
17:10:00 finished checkpoint 4897; GM failures=0; joint failures=0
17:10:00 finished checkpoint 4900; GM failures=0; joint failures=0
17:10:00 finished checkpoint 4901; GM failures=0; joint failures=0
17:10:00 finished checkpoint 4903; GM failures=0; joint failures=0
17:10:00 finished checkpoint 4902; GM failures=0; joint failures=0
17:10:00 finished checkpoint 4904; GM failures=0; joint failures=0
17:10:00 finished checkpoint 4905; GM failures=0; joint failures=0
17:10:00 finished checkpoint 4906; GM failures=0; joint failures=0
17:10:00 finished checkpoint 4908; GM failures=0; joint failures=0
17:10:00 finished checkpoint 4909; GM failures=0; joint failures=0
17:10:00 finished checkpoint 4907; GM failures=0; joint failures=0
17:10:00 finished checkpoint 4910; GM failures=0; joint failures=0
17:10:00 finished checkpoint 4911; GM failures=0; joint failures=0
17:10:00 finished checkpoint 4912; GM failures=0; joint failures=0
17:10:00 finished checkpoint 4914; GM failures=0; joint failures=0
17:10:00 finished checkpoint 4916; GM failures=0; joint failures=0
17:10:00 finished checkpoint 4917; GM failures=0; joint failures=0
17:10:00 finished checkpoint 4913; GM failures=0; joint failures=0
17:10:00 finished checkpoint 4915; GM failures=0; joint failures=0
17:10:00 finished checkpoint 4918; GM failures=0; joint failures=0
17:10:00 finished checkpoint 4919; GM failures=0; joint failures=0
17:10:00 finished checkpoint 4920; GM failures=0; joint failures=0
17:10:00 finished checkpoint 4921; GM failures=0; joint failures=0
17:10:01 finished checkpoint 4922; GM failures=0; joint failures=0
17:10:01 finished checkpoint 4923; GM failures=0; joint failures=0
17:10:01 finished checkpoint 4924; GM failures=0; joint failures=0
17:10:01 finished checkpoint 4926; GM failures=0; joint failures=0
17:10:01 finished checkpoint 4925; GM failures=0; joint failures=0
17:10:01 finished checkpoint 4927; GM failures=0; joint failures=0
17:10:01 finished checkpoint 4928; GM failures=0; joint failures=0
17:10:01 finished checkpoint 4929; GM failures=0; joint failures=0
17:10:01 finished checkpoint 4930; GM failures=0; joint failures=0
17:10:01 finished checkpoint 4931; GM failures=0; joint failures=0
17:10:01 finished checkpoint 4932; GM failures=0; joint failures=0
17:10:01 finished checkpoint 4933; GM failures=0; joint failures=0
17:10:01 finished checkpoint 4934; GM failures=0; joint failures=0
17:10:01 finished checkpoint 4936; GM failures=0; joint failures=0
17:10:01 finished checkpoint 4937; GM failures=0; joint failures=0
17:10:0117:10:01 finished checkpoint  finished checkpoint 49384935; GM failures=; GM failures=00; joint failures=; joint failures=00

17:10:01 finished checkpoint 4940; GM failures=0; joint failures=0
17:10:01 finished checkpoint 4939; GM failures=0; joint failures=0
17:10:01 finished checkpoint 4941; GM failures=0; joint failures=0
17:10:01 finished checkpoint 4942; GM failures=0; joint failures=0
17:10:01 finished checkpoint 4944; GM failures=0; joint failures=0
17:10:01 finished checkpoint 4943; GM failures=0; joint failures=0
17:10:01 finished checkpoint 4948; GM failures=0; joint failures=0
17:10:01 finished checkpoint 4945; GM failures=0; joint failures=0
17:10:01 finished checkpoint 4946; GM failures=0; joint failures=0
17:10:01 finished checkpoint 4949; GM failures=0; joint failures=0
17:10:01 finished checkpoint 4950; GM failures=0; joint failures=0
17:10:01 finished checkpoint 4947; GM failures=0; joint failures=0
17:10:01 finished checkpoint 4952; GM failures=0; joint failures=0
17:10:01 finished checkpoint 4951; GM failures=0; joint failures=0
17:10:01 finished checkpoint 4954; GM failures=0; joint failures=0
17:10:01 finished checkpoint 4953; GM failures=0; joint failures=0
17:10:01 finished checkpoint 4955; GM failures=0; joint failures=0
17:10:01 finished checkpoint 4956; GM failures=0; joint failures=0
17:10:01 finished checkpoint 17:10:014958 finished checkpoint ; GM failures=49570; GM failures=; joint failures=00; joint failures=
0
17:10:01 finished checkpoint 4962; GM failures=0; joint failures=0
17:10:01 finished checkpoint 4959; GM failures=0; joint failures=0
17:10:01 finished checkpoint 4963; GM failures=0; joint failures=0
17:10:01 finished checkpoint 4960; GM failures=0; joint failures=0
17:10:01 finished checkpoint 4961; GM failures=0; joint failures=0
17:10:01 finished checkpoint 4964; GM failures=0; joint failures=0
17:10:02 finished checkpoint 4966; GM failures=0; joint failures=0
17:10:02 finished checkpoint 4965; GM failures=0; joint failures=0
17:10:02 finished checkpoint 4967; GM failures=0; joint failures=0
17:10:02 finished checkpoint 4968; GM failures=0; joint failures=0
17:10:02 finished checkpoint 4970; GM failures=0; joint failures=0
17:10:02 finished checkpoint 4972; GM failures=0; joint failures=0
17:10:02 finished checkpoint 4971; GM failures=0; joint failures=0
17:10:02 finished checkpoint 4969; GM failures=0; joint failures=0
17:10:02 finished checkpoint 4975; GM failures=0; joint failures=0
17:10:02 finished checkpoint 4973; GM failures=0; joint failures=0
17:10:02 finished checkpoint 4974; GM failures=0; joint failures=0
17:10:02 finished checkpoint 4976; GM failures=0; joint failures=0
17:10:02 finished checkpoint 4977; GM failures=0; joint failures=0
17:10:02 finished checkpoint 17:10:024980 finished checkpoint ; GM failures=49780; GM failures=; joint failures=00; joint failures=
0
17:10:02 finished checkpoint 4979; GM failures=0; joint failures=0
17:10:02 finished checkpoint 4981; GM failures=0; joint failures=0
17:10:02 finished checkpoint 4982; GM failures=0; joint failures=0
17:10:02 finished checkpoint 4985; GM failures=0; joint failures=0
17:10:02 finished checkpoint 4984; GM failures=0; joint failures=0
17:10:02 finished checkpoint 4987; GM failures=0; joint failures=0
17:10:02 finished checkpoint 4986; GM failures=0; joint failures=0
17:10:02 finished checkpoint 4983; GM failures=0; joint failures=0
17:10:02 finished checkpoint 4988; GM failures=0; joint failures=0
17:10:02 finished checkpoint 4989; GM failures=0; joint failures=0
17:10:02 finished checkpoint 4991; GM failures=0; joint failures=0
17:10:02 finished checkpoint 4992; GM failures=0; joint failures=0
17:10:02 finished checkpoint 4990; GM failures=0; joint failures=0
17:10:02 finished checkpoint 4993; GM failures=0; joint failures=0
17:10:02 finished checkpoint 4995; GM failures=0; joint failures=0
17:10:02 finished checkpoint 4996; GM failures=0; joint failures=0
17:10:02 finished checkpoint 4994; GM failures=0; joint failures=0
17:10:02 finished checkpoint 4997; GM failures=0; joint failures=0
17:10:02 finished checkpoint 4998; GM failures=0; joint failures=0
17:10:02 finished checkpoint 4999; GM failures=0; joint failures=0
17:10:02 finished checkpoint 5000; GM failures=0; joint failures=0
17:10:02 finished checkpoint 5001; GM failures=0; joint failures=0
17:10:02 finished checkpoint 5006; GM failures=0; joint failures=0
17:10:02 finished checkpoint 5005; GM failures=0; joint failures=0
17:10:02 finished checkpoint 5003; GM failures=0; joint failures=0
17:10:02 finished checkpoint 5002; GM failures=1; joint failures=0
17:10:02 finished checkpoint 5008; GM failures=0; joint failures=0
17:10:02 finished checkpoint 5004; GM failures=0; joint failures=0
17:10:0217:10:02 finished checkpoint  finished checkpoint 50095007; GM failures=; GM failures=00; joint failures=; joint failures=00

17:10:02 finished checkpoint 5011; GM failures=0; joint failures=0
17:10:02 finished checkpoint 5010; GM failures=0; joint failures=0
17:10:03 finished checkpoint 5012; GM failures=0; joint failures=0
17:10:03 finished checkpoint 5013; GM failures=0; joint failures=0
17:10:03 finished checkpoint 5016; GM failures=0; joint failures=0
17:10:03 finished checkpoint 5017; GM failures=1; joint failures=0
17:10:03 finished checkpoint 5015; GM failures=0; joint failures=0
17:10:03 finished checkpoint 5018; GM failures=0; joint failures=0
17:10:03 finished checkpoint 5019; GM failures=0; joint failures=0
17:10:03 finished checkpoint 5014; GM failures=0; joint failures=0
17:10:03 finished checkpoint 5021; GM failures=0; joint failures=0
17:10:03 finished checkpoint 5020; GM failures=0; joint failures=0
17:10:03 finished checkpoint 5022; GM failures=0; joint failures=0
17:10:03 finished checkpoint 5023; GM failures=1; joint failures=0
17:10:03 finished checkpoint 5024; GM failures=0; joint failures=0
17:10:03 finished checkpoint 5025; GM failures=0; joint failures=0
17:10:03 finished checkpoint 5027; GM failures=0; joint failures=0
17:10:03 finished checkpoint 5026; GM failures=0; joint failures=0
17:10:03 finished checkpoint 5028; GM failures=0; joint failures=0
17:10:03 finished checkpoint 5029; GM failures=0; joint failures=0
17:10:03 finished checkpoint 5030; GM failures=0; joint failures=0
17:10:03 finished checkpoint 5031; GM failures=0; joint failures=0
17:10:03 finished checkpoint 5032; GM failures=0; joint failures=0
17:10:0317:10:03 finished checkpoint  finished checkpoint 50345035; GM failures=; GM failures=00; joint failures=; joint failures=00

17:10:03 finished checkpoint 5033; GM failures=0; joint failures=0
17:10:03 finished checkpoint 5036; GM failures=0; joint failures=0
17:10:03 finished checkpoint 5037; GM failures=0; joint failures=0
17:10:03 finished checkpoint 5038; GM failures=0; joint failures=0
17:10:03 finished checkpoint 5039; GM failures=0; joint failures=0
17:10:03 finished checkpoint 5042; GM failures=0; joint failures=0
17:10:03 finished checkpoint 5041; GM failures=0; joint failures=0
17:10:0317:10:03 finished checkpoint  finished checkpoint 50405043; GM failures=; GM failures=00; joint failures=; joint failures=00

17:10:03 finished checkpoint 5044; GM failures=0; joint failures=0
17:10:03 finished checkpoint 5047; GM failures=0; joint failures=0
17:10:03 finished checkpoint 5046; GM failures=0; joint failures=0
17:10:03 finished checkpoint 5045; GM failures=0; joint failures=0
17:10:03 finished checkpoint 5048; GM failures=0; joint failures=0
17:10:03 finished checkpoint 5049; GM failures=0; joint failures=0
17:10:04 finished checkpoint 5051; GM failures=0; joint failures=0
17:10:04 finished checkpoint 5052; GM failures=0; joint failures=0
17:10:04 finished checkpoint 5055; GM failures=1; joint failures=0
17:10:04 finished checkpoint 5053; GM failures=0; joint failures=0
17:10:04 finished checkpoint 5054; GM failures=0; joint failures=0
17:10:04 finished checkpoint 5050; GM failures=0; joint failures=0
17:10:04 finished checkpoint 5056; GM failures=0; joint failures=0
17:10:04 finished checkpoint 5057; GM failures=0; joint failures=0
17:10:04 finished checkpoint 5058; GM failures=0; joint failures=0
17:10:0417:10:04 finished checkpoint  finished checkpoint 50615059; GM failures=; GM failures=00; joint failures=; joint failures=00

17:10:04 finished checkpoint 5060; GM failures=0; joint failures=0
17:10:04 finished checkpoint 5064; GM failures=0; joint failures=0
17:10:04 finished checkpoint 5066; GM failures=0; joint failures=0
17:10:04 finished checkpoint 5065; GM failures=0; joint failures=0
17:10:04 finished checkpoint 5062; GM failures=0; joint failures=0
17:10:04 finished checkpoint 5063; GM failures=0; joint failures=0
17:10:04 finished checkpoint 5067; GM failures=0; joint failures=0
17:10:04 finished checkpoint 5068; GM failures=0; joint failures=0
17:10:04 finished checkpoint 5069; GM failures=0; joint failures=0
17:10:04 finished checkpoint 5070; GM failures=1; joint failures=0
17:10:04 finished checkpoint 5072; GM failures=0; joint failures=0
17:10:04 finished checkpoint 5073; GM failures=0; joint failures=0
17:10:0417:10:04 finished checkpoint  finished checkpoint 50715076; GM failures=; GM failures=00; joint failures=; joint failures=00

17:10:04 finished checkpoint 5075; GM failures=0; joint failures=0
17:10:04 finished checkpoint 5074; GM failures=0; joint failures=0
17:10:04 finished checkpoint 5078; GM failures=0; joint failures=0
17:10:04 finished checkpoint 5077; GM failures=0; joint failures=0
17:10:04 finished checkpoint 5079; GM failures=0; joint failures=0
17:10:04 finished checkpoint 5080; GM failures=0; joint failures=0
17:10:04 finished checkpoint 5081; GM failures=0; joint failures=0
17:10:04 finished checkpoint 5082; GM failures=0; joint failures=0
17:10:04 finished checkpoint 5083; GM failures=0; joint failures=0
17:10:04 finished checkpoint 5085; GM failures=0; joint failures=0
17:10:04 finished checkpoint 5086; GM failures=0; joint failures=0
17:10:04 finished checkpoint 5089; GM failures=0; joint failures=0
17:10:04 finished checkpoint 5088; GM failures=0; joint failures=0
17:10:04 finished checkpoint 5084; GM failures=0; joint failures=0
17:10:04 finished checkpoint 5090; GM failures=0; joint failures=0
17:10:04 finished checkpoint 5087; GM failures=0; joint failures=0
17:10:04 finished checkpoint 5092; GM failures=017:10:04; joint failures= finished checkpoint 05091
; GM failures=0; joint failures=0
17:10:05 finished checkpoint 5093; GM failures=0; joint failures=0
17:10:05 finished checkpoint 5094; GM failures=0; joint failures=0
17:10:0517:10:05 finished checkpoint  finished checkpoint 50965095; GM failures=; GM failures=00; joint failures=; joint failures=00

17:10:05 finished checkpoint 5097; GM failures=1; joint failures=0
17:10:05 finished checkpoint 5098; GM failures=0; joint failures=0
17:10:05 finished checkpoint 5100; GM failures=0; joint failures=0
17:10:05 finished checkpoint 5099; GM failures=0; joint failures=0
17:10:05 finished checkpoint 5101; GM failures=0; joint failures=0
17:10:05 finished checkpoint 5102; GM failures=0; joint failures=0
17:10:05 finished checkpoint 5104; GM failures=0; joint failures=0
17:10:05 finished checkpoint 5103; GM failures=0; joint failures=0
17:10:05 finished checkpoint 5105; GM failures=0; joint failures=0
17:10:05 finished checkpoint 5107; GM failures=0; joint failures=0
17:10:05 finished checkpoint 5106; GM failures=0; joint failures=0
17:10:05 finished checkpoint 5108; GM failures=0; joint failures=0
17:10:05 finished checkpoint 5109; GM failures=0; joint failures=0
17:10:05 finished checkpoint 5112; GM failures=0; joint failures=0
17:10:05 finished checkpoint 5110; GM failures=0; joint failures=0
17:10:05 finished checkpoint 5111; GM failures=0; joint failures=0
17:10:05 finished checkpoint 5113; GM failures=0; joint failures=0
17:10:05 finished checkpoint 5114; GM failures=0; joint failures=0
17:10:05 finished checkpoint 5115; GM failures=0; joint failures=0
17:10:05 finished checkpoint 5116; GM failures=0; joint failures=0
17:10:05 finished checkpoint 5117; GM failures=0; joint failures=0
17:10:05 finished checkpoint 5118; GM failures=0; joint failures=0
17:10:05 finished checkpoint 5119; GM failures=0; joint failures=0
17:10:05 finished checkpoint 5120; GM failures=0; joint failures=0
17:10:05 finished checkpoint 5121; GM failures=0; joint failures=0
17:10:05 finished checkpoint 5123; GM failures=0; joint failures=0
17:10:05 finished checkpoint 5122; GM failures=0; joint failures=0
17:10:05 finished checkpoint 5124; GM failures=0; joint failures=0
17:10:05 finished checkpoint 5125; GM failures=0; joint failures=0
17:10:05 finished checkpoint 5126; GM failures=0; joint failures=0
17:10:05 finished checkpoint 5128; GM failures=0; joint failures=0
17:10:05 finished checkpoint 5127; GM failures=0; joint failures=0
17:10:05 finished checkpoint 5129; GM failures=0; joint failures=0
17:10:06 finished checkpoint 5131; GM failures=0; joint failures=0
17:10:06 finished checkpoint 5130; GM failures=0; joint failures=0
17:10:06 finished checkpoint 5132; GM failures=0; joint failures=0
17:10:06 finished checkpoint 5133; GM failures=0; joint failures=0
17:10:06 finished checkpoint 5134; GM failures=1; joint failures=0
17:10:06 finished checkpoint 5135; GM failures=0; joint failures=0
17:10:06 finished checkpoint 5136; GM failures=0; joint failures=0
17:10:06 finished checkpoint 5137; GM failures=0; joint failures=0
17:10:06 finished checkpoint 5138; GM failures=0; joint failures=0
17:10:06 finished checkpoint 5139; GM failures=0; joint failures=0
17:10:06 finished checkpoint 5140; GM failures=1; joint failures=0
17:10:06 finished checkpoint 5141; GM failures=0; joint failures=0
17:10:06 finished checkpoint 5142; GM failures=0; joint failures=0
17:10:06 finished checkpoint 5144; GM failures=0; joint failures=0
17:10:06 finished checkpoint 5143; GM failures=0; joint failures=0
17:10:06 finished checkpoint 5145; GM failures=1; joint failures=0
17:10:06 finished checkpoint 5148; GM failures=0; joint failures=0
17:10:06 finished checkpoint 5147; GM failures=0; joint failures=0
17:10:06 finished checkpoint 5146; GM failures=0; joint failures=0
17:10:06 finished checkpoint 5149; GM failures=0; joint failures=0
17:10:06 finished checkpoint 5150; GM failures=0; joint failures=0
17:10:06 finished checkpoint 5152; GM failures=17:10:060 finished checkpoint ; joint failures=51510; GM failures=
0; joint failures=0
17:10:06 finished checkpoint 5153; GM failures=0; joint failures=0
17:10:06 finished checkpoint 5154; GM failures=0; joint failures=0
17:10:06 finished checkpoint 5155; GM failures=1; joint failures=0
17:10:06 finished checkpoint 5157; GM failures=0; joint failures=0
17:10:06 finished checkpoint 5156; GM failures=0; joint failures=0
17:10:06 finished checkpoint 5158; GM failures=0; joint failures=0
17:10:06 finished checkpoint 5160; GM failures=1; joint failures=0
17:10:06 finished checkpoint 5159; GM failures=0; joint failures=0
17:10:06 finished checkpoint 5161; GM failures=1; joint failures=0
17:10:06 finished checkpoint 5162; GM failures=0; joint failures=0
17:10:06 finished checkpoint 5163; GM failures=0; joint failures=0
17:10:06 finished checkpoint 5164; GM failures=0; joint failures=0
17:10:06 finished checkpoint 5165; GM failures=0; joint failures=0
17:10:06 finished checkpoint 5166; GM failures=0; joint failures=0
17:10:06 finished checkpoint 5167; GM failures=1; joint failures=0
17:10:06 finished checkpoint 5168; GM failures=0; joint failures=0
17:10:06 finished checkpoint 5169; GM failures=0; joint failures=0
17:10:06 finished checkpoint 5170; GM failures=0; joint failures=0
17:10:06 finished checkpoint 5171; GM failures=0; joint failures=0
17:10:07 finished checkpoint 5172; GM failures=0; joint failures=0
17:10:07 finished checkpoint 5173; GM failures=0; joint failures=0
17:10:07 finished checkpoint 5174; GM failures=0; joint failures=0
17:10:07 finished checkpoint 5176; GM failures=0; joint failures=0
17:10:07 finished checkpoint 5175; GM failures=0; joint failures=0
17:10:07 finished checkpoint 5177; GM failures=0; joint failures=0
17:10:07 finished checkpoint 5178; GM failures=0; joint failures=0
17:10:07 finished checkpoint 5180; GM failures=0; joint failures=0
17:10:07 finished checkpoint 5181; GM failures=0; joint failures=0
17:10:07 finished checkpoint 5179; GM failures=0; joint failures=0
17:10:07 finished checkpoint 5183; GM failures=0; joint failures=0
17:10:07 finished checkpoint 5182; GM failures=0; joint failures=0
17:10:07 finished checkpoint 5184; GM failures=0; joint failures=0
17:10:07 finished checkpoint 5185; GM failures=1; joint failures=0
17:10:07 finished checkpoint 5186; GM failures=0; joint failures=0
17:10:07 finished checkpoint 5188; GM failures=0; joint failures=0
17:10:07 finished checkpoint 5187; GM failures=0; joint failures=0
17:10:07 finished checkpoint 5189; GM failures=0; joint failures=0
17:10:07 finished checkpoint 5190; GM failures=0; joint failures=0
17:10:07 finished checkpoint 5192; GM failures=0; joint failures=0
17:10:07 finished checkpoint 5193; GM failures=0; joint failures=0
17:10:07 finished checkpoint 5191; GM failures=0; joint failures=0
17:10:07 finished checkpoint 5194; GM failures=1; joint failures=0
17:10:07 finished checkpoint 5195; GM failures=0; joint failures=0
17:10:07 finished checkpoint 5197; GM failures=0; joint failures=0
17:10:07 finished checkpoint 5196; GM failures=0; joint failures=0
17:10:07 finished checkpoint 5201; GM failures=0; joint failures=0
17:10:07 finished checkpoint 5198; GM failures=0; joint failures=0
17:10:07 finished checkpoint 5199; GM failures=1; joint failures=0
17:10:07 finished checkpoint 5202; GM failures=0; joint failures=0
17:10:07 finished checkpoint 5200; GM failures=0; joint failures=0
17:10:07 finished checkpoint 5203; GM failures=0; joint failures=0
17:10:07 finished checkpoint 5205; GM failures=0; joint failures=0
17:10:0717:10:07 finished checkpoint  finished checkpoint 17:10:075206 finished checkpoint ; GM failures=52040; GM failures=; joint failures=00
5207; joint failures=; GM failures=00
; joint failures=0
17:10:07 finished checkpoint 5208; GM failures=0; joint failures=0
17:10:07 finished checkpoint 5209; GM failures=0; joint failures=0
17:10:07 finished checkpoint 5210; GM failures=0; joint failures=0
17:10:08 finished checkpoint 5211; GM failures=0; joint failures=0
17:10:08 finished checkpoint 5213; GM failures=0; joint failures=0
17:10:08 finished checkpoint 5212; GM failures=0; joint failures=0
17:10:08 finished checkpoint 5214; GM failures=0; joint failures=0
17:10:08 finished checkpoint 5215; GM failures=0; joint failures=0
17:10:08 finished checkpoint 5219; GM failures=0; joint failures=0
17:10:08 finished checkpoint 5218; GM failures=0; joint failures=0
17:10:08 finished checkpoint 5217; GM failures=0; joint failures=0
17:10:08 finished checkpoint 5216; GM failures=0; joint failures=0
17:10:08 finished checkpoint 5220; GM failures=0; joint failures=0
17:10:08 finished checkpoint 5221; GM failures=0; joint failures=0
17:10:08 finished checkpoint 5223; GM failures=0; joint failures=0
17:10:08 finished checkpoint 5222; GM failures=0; joint failures=0
17:10:08 finished checkpoint 5224; GM failures=0; joint failures=0
17:10:08 finished checkpoint 5225; GM failures=0; joint failures=0
17:10:08 finished checkpoint 5226; GM failures=0; joint failures=0
17:10:08 finished checkpoint 5230; GM failures=0; joint failures=0
17:10:08 finished checkpoint 5227; GM failures=0; joint failures=0
17:10:08 finished checkpoint 5228; GM failures=0; joint failures=0
17:10:08 finished checkpoint 5229; GM failures=0; joint failures=0
17:10:08 finished checkpoint 5231; GM failures=0; joint failures=0
17:10:08 finished checkpoint 5232; GM failures=0; joint failures=0
17:10:08 finished checkpoint 5233; GM failures=0; joint failures=0
17:10:08 finished checkpoint 5234; GM failures=0; joint failures=0
17:10:08 finished checkpoint 5236; GM failures=0; joint failures=0
17:10:08 finished checkpoint 5238; GM failures=0; joint failures=0
17:10:08 finished checkpoint 5237; GM failures=0; joint failures=0
17:10:08 finished checkpoint 5235; GM failures=0; joint failures=0
17:10:08 finished checkpoint 5239; GM failures=0; joint failures=0
17:10:08 finished checkpoint 5242; GM failures=0; joint failures=0
17:10:08 finished checkpoint 5241; GM failures=0; joint failures=0
17:10:08 finished checkpoint 5243; GM failures=0; joint failures=0
17:10:08 finished checkpoint 5240; GM failures=0; joint failures=0
17:10:08 finished checkpoint 5245; GM failures=0; joint failures=0
17:10:08 finished checkpoint 5244; GM failures=0; joint failures=0
17:10:08 finished checkpoint 5246; GM failures=0; joint failures=0
17:10:08 finished checkpoint 5248; GM failures=0; joint failures=0
17:10:08 finished checkpoint 5249; GM failures=0; joint failures=0
17:10:08 finished checkpoint 5247; GM failures=0; joint failures=0
17:10:08 finished checkpoint 5250; GM failures=0; joint failures=0
17:10:08 finished checkpoint 5254; GM failures=0; joint failures=0
17:10:08 finished checkpoint 5251; GM failures=0; joint failures=0
17:10:0817:10:08 finished checkpoint  finished checkpoint 52535255; GM failures=; GM failures=00; joint failures=; joint failures=00

17:10:08 finished checkpoint 5252; GM failures=0; joint failures=0
17:10:08 finished checkpoint 5257; GM failures=0; joint failures=0
17:10:08 finished checkpoint 5256; GM failures=0; joint failures=0
17:10:08 finished checkpoint 5259; GM failures=0; joint failures=0
17:10:08 finished checkpoint 5260; GM failures=0; joint failures=0
17:10:08 finished checkpoint 5258; GM failures=0; joint failures=0
17:10:08 finished checkpoint 5261; GM failures=0; joint failures=0
17:10:09 finished checkpoint 5262; GM failures=0; joint failures=0
17:10:09 finished checkpoint 5263; GM failures=0; joint failures=17:10:090 finished checkpoint 
5265; GM failures=0; joint failures=0
17:10:09 finished checkpoint 5266; GM failures=0; joint failures=0
17:10:09 finished checkpoint 5264; GM failures=0; joint failures=0
17:10:09 finished checkpoint 5267; GM failures=0; joint failures=0
17:10:09 finished checkpoint 5269; GM failures=0; joint failures=0
17:10:09 finished checkpoint 5268; GM failures=0; joint failures=0
17:10:09 finished checkpoint 5270; GM failures=0; joint failures=0
17:10:0917:10:09 finished checkpoint  finished checkpoint 52725271; GM failures=; GM failures=00; joint failures=; joint failures=00

17:10:09 finished checkpoint 5273; GM failures=0; joint failures=0
17:10:09 finished checkpoint 5274; GM failures=0; joint failures=0
17:10:09 finished checkpoint 5276; GM failures=0; joint failures=0
17:10:09 finished checkpoint 5275; GM failures=0; joint failures=0
17:10:09 finished checkpoint 5278; GM failures=0; joint failures=0
17:10:09 finished checkpoint 5277; GM failures=0; joint failures=0
17:10:09 finished checkpoint 5279; GM failures=0; joint failures=0
17:10:09 finished checkpoint 5281; GM failures=0; joint failures=0
17:10:09 finished checkpoint 5282; GM failures=0; joint failures=0
17:10:09 finished checkpoint 5280; GM failures=0; joint failures=0
17:10:09 finished checkpoint 5283; GM failures=0; joint failures=0
17:10:09 finished checkpoint 5284; GM failures=0; joint failures=0
17:10:09 finished checkpoint 5286; GM failures=0; joint failures=0
17:10:09 finished checkpoint 5285; GM failures=0; joint failures=0
17:10:09 finished checkpoint 5287; GM failures=0; joint failures=0
17:10:09 finished checkpoint 5288; GM failures=0; joint failures=0
17:10:09 finished checkpoint 5289; GM failures=0; joint failures=0
17:10:09 finished checkpoint 5290; GM failures=0; joint failures=0
17:10:09 finished checkpoint 5291; GM failures=0; joint failures=0
17:10:09 finished checkpoint 5293; GM failures=0; joint failures=0
17:10:09 finished checkpoint 5292; GM failures=0; joint failures=0
17:10:09 finished checkpoint 5294; GM failures=0; joint failures=0
17:10:09 finished checkpoint 5295; GM failures=0; joint failures=0
17:10:09 finished checkpoint 5296; GM failures=0; joint failures=0
17:10:09 finished checkpoint 5299; GM failures=0; joint failures=0
17:10:09 finished checkpoint 5297; GM failures=0; joint failures=0
17:10:09 finished checkpoint 5298; GM failures=0; joint failures=0
17:10:09 finished checkpoint 5300; GM failures=0; joint failures=0
17:10:09 finished checkpoint 5301; GM failures=0; joint failures=0
17:10:09 finished checkpoint 5302; GM failures=0; joint failures=0
17:10:09 finished checkpoint 5303; GM failures=0; joint failures=0
17:10:09 finished checkpoint 5305; GM failures=0; joint failures=0
17:10:0917:10:09 finished checkpoint  finished checkpoint 53045306; GM failures=; GM failures=00; joint failures=; joint failures=00

17:10:09 finished checkpoint 5307; GM failures=0; joint failures=0
17:10:10 finished checkpoint 5308; GM failures=0; joint failures=0
17:10:10 finished checkpoint 5311; GM failures=0; joint failures=0
17:10:10 finished checkpoint 5309; GM failures=0; joint failures=0
17:10:10 finished checkpoint 5310; GM failures=0; joint failures=0
17:10:10 finished checkpoint 5313; GM failures=0; joint failures=0
17:10:10 finished checkpoint 5312; GM failures=0; joint failures=0
17:10:10 finished checkpoint 5314; GM failures=0; joint failures=0
17:10:10 finished checkpoint 5315; GM failures=0; joint failures=0
17:10:10 finished checkpoint 5318; GM failures=0; joint failures=0
17:10:10 finished checkpoint 5316; GM failures=0; joint failures=0
17:10:10 finished checkpoint 5317; GM failures=0; joint failures=0
17:10:10 finished checkpoint 5319; GM failures=0; joint failures=0
17:10:10 finished checkpoint 5320; GM failures=0; joint failures=0
17:10:10 finished checkpoint 5321; GM failures=0; joint failures=0
17:10:10 finished checkpoint 5322; GM failures=0; joint failures=0
17:10:10 finished checkpoint 5324; GM failures=0; joint failures=0
17:10:10 finished checkpoint 5323; GM failures=0; joint failures=0
17:10:10 finished checkpoint 5326; GM failures=0; joint failures=0
17:10:10 finished checkpoint 5325; GM failures=0; joint failures=0
17:10:10 finished checkpoint 5327; GM failures=0; joint failures=0
17:10:10 finished checkpoint 5328; GM failures=0; joint failures=0
17:10:10 finished checkpoint 5330; GM failures=0; joint failures=0
17:10:10 finished checkpoint 5329; GM failures=0; joint failures=0
17:10:1017:10:10 finished checkpoint  finished checkpoint 53315332; GM failures=; GM failures=00; joint failures=; joint failures=00

17:10:10 finished checkpoint 5334; GM failures=0; joint failures=0
17:10:10 finished checkpoint 5336; GM failures=0; joint failures=0
17:10:10 finished checkpoint 5333; GM failures=0; joint failures=0
17:10:10 finished checkpoint 5335; GM failures=0; joint failures=0
17:10:10 finished checkpoint 5337; GM failures=0; joint failures=0
17:10:10 finished checkpoint 5339; GM failures=0; joint failures=0
17:10:10 finished checkpoint 5338; GM failures=0; joint failures=0
17:10:10 finished checkpoint 5340; GM failures=0; joint failures=0
17:10:10 finished checkpoint 5341; GM failures=0; joint failures=0
17:10:10 finished checkpoint 5342; GM failures=0; joint failures=0
17:10:10 finished checkpoint 5344; GM failures=0; joint failures=0
17:10:10 finished checkpoint 5343; GM failures=0; joint failures=0
17:10:10 finished checkpoint 5347; GM failures=0; joint failures=0
17:10:10 finished checkpoint 5345; GM failures=0; joint failures=0
17:10:10 finished checkpoint 5346; GM failures=0; joint failures=0
17:10:10 finished checkpoint 5348; GM failures=0; joint failures=0
17:10:10 finished checkpoint 5349; GM failures=0; joint failures=0
17:10:10 finished checkpoint 5350; GM failures=0; joint failures=0
17:10:10 finished checkpoint 5351; GM failures=0; joint failures=0
17:10:10 finished checkpoint 5352; GM failures=0; joint failures=0
17:10:10 finished checkpoint 5353; GM failures=0; joint failures=0
17:10:10 finished checkpoint 5354; GM failures=0; joint failures=0
17:10:10 finished checkpoint 5356; GM failures=0; joint failures=0
17:10:10 finished checkpoint 5355; GM failures=0; joint failures=0
17:10:10 finished checkpoint 5357; GM failures=0; joint failures=0
17:10:11 finished checkpoint 5358; GM failures=1; joint failures=0
17:10:11 finished checkpoint 5359; GM failures=0; joint failures=0
17:10:11 finished checkpoint 5360; GM failures=0; joint failures=0
17:10:11 finished checkpoint 5361; GM failures=0; joint failures=0
17:10:11 finished checkpoint 5362; GM failures=0; joint failures=0
17:10:11 finished checkpoint 5363; GM failures=0; joint failures=0
17:10:11 finished checkpoint 5364; GM failures=0; joint failures=0
17:10:11 finished checkpoint 5366; GM failures=0; joint failures=0
17:10:11 finished checkpoint 5365; GM failures=0; joint failures=0
17:10:11 finished checkpoint 5367; GM failures=0; joint failures=0
17:10:11 finished checkpoint 5369; GM failures=0; joint failures=0
17:10:11 finished checkpoint 5370; GM failures=0; joint failures=0
17:10:11 finished checkpoint 5368; GM failures=0; joint failures=0
17:10:11 finished checkpoint 5371; GM failures=0; joint failures=0
17:10:11 finished checkpoint 5372; GM failures=0; joint failures=0
17:10:11 finished checkpoint 5373; GM failures=0; joint failures=0
17:10:11 finished checkpoint 5375; GM failures=0; joint failures=0
17:10:11 finished checkpoint 5374; GM failures=0; joint failures=0
17:10:11 finished checkpoint 5378; GM failures=0; joint failures=0
17:10:11 finished checkpoint 5377; GM failures=0; joint failures=0
17:10:11 finished checkpoint 5376; GM failures=0; joint failures=0
17:10:11 finished checkpoint 5379; GM failures=0; joint failures=0
17:10:11 finished checkpoint 5380; GM failures=0; joint failures=0
17:10:11 finished checkpoint 5381; GM failures=0; joint failures=0
17:10:11 finished checkpoint 5382; GM failures=0; joint failures=0
17:10:11 finished checkpoint 5383; GM failures=0; joint failures=0
17:10:11 finished checkpoint 5384; GM failures=0; joint failures=0
17:10:11 finished checkpoint 5385; GM failures=0; joint failures=0
17:10:11 finished checkpoint 5386; GM failures=0; joint failures=0
17:10:11 finished checkpoint 5387; GM failures=0; joint failures=0
17:10:11 finished checkpoint 5388; GM failures=0; joint failures=0
17:10:11 finished checkpoint 539117:10:11; GM failures= finished checkpoint 05390; joint failures=; GM failures=00
; joint failures=0
17:10:11 finished checkpoint 5389; GM failures=0; joint failures=0
17:10:11 finished checkpoint 539217:10:11; GM failures= finished checkpoint 05393; joint failures=; GM failures=00
; joint failures=0
17:10:11 finished checkpoint 5394; GM failures=0; joint failures=0
17:10:11 finished checkpoint 5395; GM failures=0; joint failures=0
17:10:11 finished checkpoint 5396; GM failures=0; joint failures=0
17:10:11 finished checkpoint 5397; GM failures=1; joint failures=0
17:10:11 finished checkpoint 5398; GM failures=0; joint failures=0
17:10:11 finished checkpoint 5399; GM failures=0; joint failures=0
17:10:12 finished checkpoint 5400; GM failures=0; joint failures=0
17:10:1217:10:12 finished checkpoint  finished checkpoint 54045402; GM failures=; GM failures=00; joint failures=; joint failures=00

17:10:12 finished checkpoint 5403; GM failures=0; joint failures=0
17:10:12 finished checkpoint 5405; GM failures=0; joint failures=0
17:10:12 finished checkpoint 5401; GM failures=0; joint failures=0
17:10:12 finished checkpoint 5406; GM failures=0; joint failures=0
17:10:12 finished checkpoint 5408; GM failures=0; joint failures=0
17:10:12 finished checkpoint 5409; GM failures=0; joint failures=0
17:10:12 finished checkpoint 5407; GM failures=0; joint failures=0
17:10:12 finished checkpoint 5410; GM failures=0; joint failures=0
17:10:12 finished checkpoint 5411; GM failures=0; joint failures=0
17:10:12 finished checkpoint 5414; GM failures=0; joint failures=0
17:10:12 finished checkpoint 5416; GM failures=17:10:120 finished checkpoint ; joint failures=54120; GM failures=
0; joint failures=0
17:10:12 finished checkpoint 5415; GM failures=0; joint failures=0
17:10:12 finished checkpoint 5417; GM failures=0; joint failures=0
17:10:12 finished checkpoint 5413; GM failures=0; joint failures=0
17:10:12 finished checkpoint 5418; GM failures=0; joint failures=0
17:10:12 finished checkpoint 5420; GM failures=0; joint failures=0
17:10:12 finished checkpoint 5421; GM failures=0; joint failures=0
17:10:12 finished checkpoint 5419; GM failures=0; joint failures=0
17:10:12 finished checkpoint 5422; GM failures=0; joint failures=0
17:10:12 finished checkpoint 5423; GM failures=0; joint failures=0
17:10:12 finished checkpoint 5424; GM failures=0; joint failures=0
17:10:12 finished checkpoint 5425; GM failures=0; joint failures=0
17:10:12 finished checkpoint 5426; GM failures=0; joint failures=0
17:10:12 finished checkpoint 5429; GM failures=0; joint failures=17:10:120 finished checkpoint 
5428; GM failures=0; joint failures=0
17:10:12 finished checkpoint 5430; GM failures=0; joint failures=0
17:10:12 finished checkpoint 5427; GM failures=0; joint failures=0
17:10:12 finished checkpoint 5432; GM failures=0; joint failures=0
17:10:12 finished checkpoint 5431; GM failures=0; joint failures=0
17:10:12 finished checkpoint 5433; GM failures=0; joint failures=0
17:10:12 finished checkpoint 5434; GM failures=0; joint failures=0
17:10:12 finished checkpoint 5435; GM failures=0; joint failures=0
17:10:12 finished checkpoint 5436; GM failures=0; joint failures=0
17:10:12 finished checkpoint 5438; GM failures=0; joint failures=0
17:10:13 finished checkpoint 5437; GM failures=0; joint failures=0
17:10:13 finished checkpoint 5439; GM failures=0; joint failures=0
17:10:13 finished checkpoint 5442; GM failures=0; joint failures=0
17:10:13 finished checkpoint 5440; GM failures=0; joint failures=0
17:10:13 finished checkpoint 5441; GM failures=0; joint failures=0
17:10:13 finished checkpoint 5443; GM failures=0; joint failures=0
17:10:13 finished checkpoint 5444; GM failures=0; joint failures=0
17:10:13 finished checkpoint 5446; GM failures=0; joint failures=0
17:10:13 finished checkpoint 5445; GM failures=0; joint failures=0
17:10:13 finished checkpoint 5447; GM failures=0; joint failures=0
17:10:13 finished checkpoint 5448; GM failures=0; joint failures=0
17:10:13 finished checkpoint 5449; GM failures=0; joint failures=0
17:10:13 finished checkpoint 5452; GM failures=1; joint failures=0
17:10:13 finished checkpoint 5451; GM failures=0; joint failures=0
17:10:13 finished checkpoint 5450; GM failures=0; joint failures=0
17:10:13 finished checkpoint 5453; GM failures=0; joint failures=0
17:10:13 finished checkpoint 5454; GM failures=0; joint failures=0
17:10:13 finished checkpoint 5456; GM failures=0; joint failures=0
17:10:13 finished checkpoint 5455; GM failures=0; joint failures=0
17:10:13 finished checkpoint 5457; GM failures=0; joint failures=0
17:10:13 finished checkpoint 5458; GM failures=0; joint failures=0
17:10:13 finished checkpoint 5459; GM failures=0; joint failures=0
17:10:13 finished checkpoint 5460; GM failures=0; joint failures=0
17:10:1317:10:13 finished checkpoint  finished checkpoint 5462; GM failures=0; joint failures=0
17:10:13 finished checkpoint 5461; GM failures=0; joint failures=0
5463; GM failures=0; joint failures=0
17:10:13 finished checkpoint 5464; GM failures=0; joint failures=0
17:10:13 finished checkpoint 5465; GM failures=0; joint failures=0
17:10:13 finished checkpoint 5466; GM failures=0; joint failures=0
17:10:13 finished checkpoint 5468; GM failures=1; joint failures=0
17:10:13 finished checkpoint 5467; GM failures=0; joint failures=0
17:10:13 finished checkpoint 5470; GM failures=0; joint failures=0
17:10:13 finished checkpoint 5469; GM failures=0; joint failures=0
17:10:13 finished checkpoint 5471; GM failures=0; joint failures=0
17:10:13 finished checkpoint 5472; GM failures=0; joint failures=0
17:10:13 finished checkpoint 5475; GM failures=0; joint failures=0
17:10:13 finished checkpoint 5473; GM failures=0; joint failures=0
17:10:13 finished checkpoint 5474; GM failures=0; joint failures=0
17:10:13 finished checkpoint 5476; GM failures=0; joint failures=0
17:10:13 finished checkpoint 5478; GM failures=0; joint failures=0
17:10:13 finished checkpoint 5477; GM failures=0; joint failures=0
17:10:13 finished checkpoint 5479; GM failures=0; joint failures=0
17:10:14 finished checkpoint 5480; GM failures=0; joint failures=0
17:10:1417:10:14 finished checkpoint  finished checkpoint 54815482; GM failures=; GM failures=00; joint failures=; joint failures=00

17:10:14 finished checkpoint 5483; GM failures=0; joint failures=0
17:10:14 finished checkpoint 5486; GM failures=0; joint failures=0
17:10:14 finished checkpoint 5484; GM failures=0; joint failures=0
17:10:14 finished checkpoint 5485; GM failures=0; joint failures=0
17:10:14 finished checkpoint 5488; GM failures=0; joint failures=0
17:10:14 finished checkpoint 5487; GM failures=0; joint failures=0
17:10:14 finished checkpoint 5490; GM failures=0; joint failures=0
17:10:14 finished checkpoint 5491; GM failures=0; joint failures=0
17:10:14 finished checkpoint 5492; GM failures=0; joint failures=0
17:10:14 finished checkpoint 5489; GM failures=0; joint failures=0
17:10:14 finished checkpoint 5494; GM failures=0; joint failures=0
17:10:14 finished checkpoint 5493; GM failures=0; joint failures=0
17:10:14 finished checkpoint 5495; GM failures=0; joint failures=0
17:10:14 finished checkpoint 5499; GM failures=0; joint failures=0
17:10:14 finished checkpoint 5498; GM failures=0; joint failures=0
17:10:14 finished checkpoint 5496; GM failures=0; joint failures=0
17:10:14 finished checkpoint 5497; GM failures=0; joint failures=0
17:10:14 finished checkpoint 5500; GM failures=0; joint failures=0
17:10:14 finished checkpoint 5502; GM failures=0; joint failures=0
17:10:14 finished checkpoint 5501; GM failures=0; joint failures=0
17:10:14 finished checkpoint 5503; GM failures=0; joint failures=0
17:10:14 finished checkpoint 5504; GM failures=0; joint failures=0
17:10:14 finished checkpoint 5505; GM failures=0; joint failures=0
17:10:14 finished checkpoint 5506; GM failures=0; joint failures=0
17:10:14 finished checkpoint 5507; GM failures=0; joint failures=0
17:10:14 finished checkpoint 5511; GM failures=0; joint failures=0
17:10:14 finished checkpoint 5509; GM failures=0; joint failures=0
17:10:14 finished checkpoint 5512; GM failures=0; joint failures=0
17:10:14 finished checkpoint 5508; GM failures=0; joint failures=0
17:10:14 finished checkpoint 5510; GM failures=0; joint failures=0
17:10:14 finished checkpoint 5514; GM failures=0; joint failures=0
17:10:14 finished checkpoint 5515; GM failures=0; joint failures=0
17:10:14 finished checkpoint 5513; GM failures=0; joint failures=0
17:10:15 finished checkpoint 5516; GM failures=0; joint failures=0
17:10:15 finished checkpoint 5517; GM failures=0; joint failures=0
17:10:15 finished checkpoint 5518; GM failures=0; joint failures=0
17:10:15 finished checkpoint 5519; GM failures=0; joint failures=0
17:10:15 finished checkpoint 5521; GM failures=0; joint failures=0
17:10:15 finished checkpoint 5520; GM failures=1; joint failures=0
17:10:15 finished checkpoint 5522; GM failures=0; joint failures=0
17:10:15 finished checkpoint 5523; GM failures=0; joint failures=0
17:10:15 finished checkpoint 5524; GM failures=0; joint failures=0
17:10:15 finished checkpoint 5525; GM failures=0; joint failures=0
17:10:15 finished checkpoint 5526; GM failures=1; joint failures=0
17:10:15 finished checkpoint 5528; GM failures=0; joint failures=0
17:10:15 finished checkpoint 5529; GM failures=0; joint failures=0
17:10:15 finished checkpoint 5527; GM failures=0; joint failures=0
17:10:15 finished checkpoint 5530; GM failures=0; joint failures=0
17:10:15 finished checkpoint 5531; GM failures=0; joint failures=0
17:10:15 finished checkpoint 5532; GM failures=2; joint failures=0
17:10:15 finished checkpoint 5533; GM failures=0; joint failures=0
17:10:15 finished checkpoint 5535; GM failures=0; joint failures=0
17:10:15 finished checkpoint 5534; GM failures=0; joint failures=0
17:10:15 finished checkpoint 5536; GM failures=1; joint failures=0
17:10:15 finished checkpoint 5537; GM failures=0; joint failures=0
17:10:1517:10:15 finished checkpoint  finished checkpoint 55385541; GM failures=; GM failures=01; joint failures=; joint failures=00

17:10:15 finished checkpoint 5539; GM failures=0; joint failures=0
17:10:15 finished checkpoint 5542; GM failures=0; joint failures=0
17:10:15 finished checkpoint 5540; GM failures=0; joint failures=0
17:10:15 finished checkpoint 5543; GM failures=0; joint failures=0
17:10:15 finished checkpoint 5544; GM failures=0; joint failures=0
17:10:15 finished checkpoint 5545; GM failures=0; joint failures=0
17:10:15 finished checkpoint 5547; GM failures=0; joint failures=0
17:10:15 finished checkpoint 5546; GM failures=0; joint failures=0
17:10:15 finished checkpoint 5548; GM failures=0; joint failures=0
17:10:15 finished checkpoint 5549; GM failures=0; joint failures=0
17:10:15 finished checkpoint 5550; GM failures=0; joint failures=0
17:10:15 finished checkpoint 5553; GM failures=0; joint failures=0
17:10:16 finished checkpoint 5554; GM failures=0; joint failures=0
17:10:16 finished checkpoint 5552; GM failures=0; joint failures=0
17:10:16 finished checkpoint 5551; GM failures=1; joint failures=0
17:10:16 finished checkpoint 5555; GM failures=0; joint failures=0
17:10:16 finished checkpoint 5558; GM failures=0; joint failures=0
17:10:16 finished checkpoint 5560; GM failures=0; joint failures=0
17:10:16 finished checkpoint 5556; GM failures=0; joint failures=0
17:10:16 finished checkpoint 5557; GM failures=0; joint failures=0
17:10:16 finished checkpoint 5559; GM failures=0; joint failures=0
17:10:16 finished checkpoint 5561; GM failures=0; joint failures=0
17:10:16 finished checkpoint 5562; GM failures=1; joint failures=0
17:10:16 finished checkpoint 5564; GM failures=0; joint failures=0
17:10:16 finished checkpoint 5563; GM failures=0; joint failures=0
17:10:16 finished checkpoint 5566; GM failures=0; joint failures=0
17:10:16 finished checkpoint 5565; GM failures=0; joint failures=0
17:10:16 finished checkpoint 5567; GM failures=0; joint failures=0
17:10:16 finished checkpoint 5570; GM failures=0; joint failures=0
17:10:16 finished checkpoint 5569; GM failures=17:10:160 finished checkpoint ; joint failures=55680; GM failures=
0; joint failures=0
17:10:16 finished checkpoint 5571; GM failures=0; joint failures=0
17:10:16 finished checkpoint 5572; GM failures=0; joint failures=0
17:10:16 finished checkpoint 5573; GM failures=1; joint failures=0
17:10:16 finished checkpoint 5574; GM failures=0; joint failures=0
17:10:16 finished checkpoint 5575; GM failures=0; joint failures=0
17:10:16 finished checkpoint 5576; GM failures=1; joint failures=0
17:10:16 finished checkpoint 5577; GM failures=0; joint failures=0
17:10:16 finished checkpoint 5578; GM failures=0; joint failures=0
17:10:16 finished checkpoint 5579; GM failures=0; joint failures=0
17:10:16 finished checkpoint 5580; GM failures=0; joint failures=0
17:10:16 finished checkpoint 5583; GM failures=0; joint failures=0
17:10:16 finished checkpoint 5584; GM failures=0; joint failures=0
17:10:16 finished checkpoint 5585; GM failures=0; joint failures=0
17:10:1617:10:16 finished checkpoint  finished checkpoint 55825581; GM failures=; GM failures=00; joint failures=; joint failures=00

17:10:16 finished checkpoint 5588; GM failures=0; joint failures=0
17:10:16 finished checkpoint 5586; GM failures=1; joint failures=0
17:10:16 finished checkpoint 5587; GM failures=0; joint failures=0
17:10:17 finished checkpoint 5589; GM failures=1; joint failures=0
17:10:17 finished checkpoint 5590; GM failures=0; joint failures=0
17:10:17 finished checkpoint 5591; GM failures=0; joint failures=0
17:10:17 finished checkpoint 5592; GM failures=0; joint failures=0
17:10:17 finished checkpoint 5593; GM failures=1; joint failures=0
17:10:17 finished checkpoint 5595; GM failures=0; joint failures=0
17:10:17 finished checkpoint 5596; GM failures=0; joint failures=0
17:10:17 finished checkpoint 5594; GM failures=0; joint failures=0
17:10:17 finished checkpoint 5597; GM failures=0; joint failures=0
17:10:17 finished checkpoint 5598; GM failures=0; joint failures=0
17:10:17 finished checkpoint 5599; GM failures=0; joint failures=0
17:10:17 finished checkpoint 5600; GM failures=0; joint failures=0
